:020000041000EA
:1000000000B5324B212058609868022188439860DF
:10001000D860186158612E4B002199600221596106
:100020000121F02299502B49196001219960352056
:1000300000F044F80222904214D00621196600F024
:1000400034F8196E01211966002018661A6600F04E
:100050002CF8196E196E196E052000F02FF8012189
:100060000842F9D1002199601B49196000215960AB
:100070001A491B48016001219960EB211966A021F2
:10008000196600F012F800219960164914480160C1
:100090000121996001BC002800D000471248134993
:1000A000086003C880F30888084703B5996A0420EC
:1000B0000142FBD001200142F8D103BD02B5186610
:1000C0001866FFF7F2FF186E186E02BD00000240BE
:1000D000000000180000070000035F00212200005C
:1000E000F4000018222000A00001001008ED00E03C
:1000F00000000000000000000000000074B24E7A12
:1001000000200420F7010010CB010010CD010010E9
:10011000C9010010C9010010C9010010C901001077
:10012000C9010010C9010010C9010010CF01001061
:10013000C9010010C9010010D1010010D301001045
:10014000C1010010C1010010C1010010C101001067
:10015000C1010010C1010010C1010010C101001057
:10016000C1010010C1010010C1010010C101001047
:10017000C1010010C1010010C1010010C101001037
:10018000C1010010C1010010C1010010C101001027
:10019000C1010010C1010010C1010010C101001017
:1001A000C1010010C1010010C1010010C101001007
:1001B000C1010010C1010010C1010010C1010010F7
:1001C000EFF30580103800BE00BE00BE00BE00BECA
:1001D00000BE00BEF2EB887178910010A49100106F
:1001E0003802001090A31AE700201E49086006C8D4
:1001F00081F3088810471C480068002801D00020BF
:10020000F3E70DA40ECC002902D000F012F8F9E7B4
:100210001649174A002000E001C19142FCD115495E
:100220008847154988471549884700BEFDE701C939
:1002300001C29A42FBD37047A4910010C000002075
:10024000000D0020E49D00100000042000000420A8
:10025000E49D0010001004200010042000000000A5
:100260007047000008ED00E0000000D0000D002005
:100270003CDB0120ED38001079040010AF3800108D
:1002800010B5B421890001F0E9FDB4239B00C81822
:10029000190001F0E3FDB4290EDDB4235B0099429F
:1002A0000EDD87239B0099420FDC6939FF390B4B28
:1002B0008900C858404202E0084B8900C85810BD68
:1002C0005B1A064A9B009858F9E7B4239B005B1A17
:1002D000024A9B0098584042F1E7C046F877001068
:1002E000F0B5D6464F464646C0B507008A46914609
:1002F0004022002102F0DEF90023984621E0434627
:100300009C0063199B0052469A58AB009B199B00B6
:1003100049465858D317C11702F05EF90904000C7A
:100320000818A419A400E3591B18E3510135032D43
:10033000E5DD0136032E01DC0025F8E701239C46AC
:10034000E0444346032B01DC0026F3E73800E0BC21
:10035000BA46B146A846F0BD70B504000E000800CC
:10036000B430FFF78DFF05003000FFF789FF4342EF
:10037000256063600023A360E36020616561A36181
:10038000E3612362636280225202A262E36223631A
:100390006363A363E263200070BD70B504000E00C8
:1003A0000800B430FFF76CFF05003000FFF768FF6E
:1003B0004142256000236360A060E36023618022E6
:1003C00052026261A361E36121626362A562E3623A
:1003D00023636363A363E263200070BDF0B5E5B0FF
:1003E000002500E0013529006846FFF7D6FFA90087
:1003F000491910A8FFF7B0FF8021090220910022BF
:100400002192229223922492259126922792289239
:1004100029922A912B922C922D922E928022520276
:100420002F9230AC10AA69462000FFF759FF40AE6A
:10043000220020A93000FFF753FFFF2006F0CAFC7E
:1004400050AC0B4B220083CB83C201232373402289
:10045000310054A802F034F9200006F0B7FD054839
:1004600006F07AFCB4239B009D42BBD10125B9E77D
:100470005C8F0010880E002010B507F083F800286C
:1004800002D00120404210BD06F0FAFBFF2006F02A
:100490002FFC642007F056F8094B5A881988094840
:1004A000FF23040006F076FCFF2006F093FC2000FA
:1004B00006F052FCFA20800006F0F5FFFFF78EFFF1
:1004C00088D00120880E0020434608B48C46830063
:1004D000094A9A18126840215140C0220A4007492F
:1004E000884643441A60C000054B98464044634622
:1004F000436008BC9846704704C0014004D00140E6
:100500000040014080000B4B9C46604400290ED007
:100510000823002A00D004221343026853400C220F
:1005200013408022520194466044036070470023C8
:10053000EFE7C04604C00140002906D08000064B0A
:100540009C4660444023036070478000034B9C46F8
:10055000604440230360F7E704E0014004F00140F9
:1005600010B501238340D0221206936293610521C6
:10057000FFF7AAFF10BD000010B58023DB05186847
:1005800003051B0D0B4A934207D10B4B03408022FE
:100590009201934207D1000F10BD084B084A094849
:1005A000132103F087F9084B054A0648142103F08C
:1005B00081F9C0462709000000F0FF0FCC7A001037
:1005C00090880010F07A0010407B00100FB400B546
:1005D00083B0084803F0ADFA049B002B07D005A9AF
:1005E0000191180003F0B4FA034803F0A2FA0120C5
:1005F00003F05AF9547B00108C880010EFF3108040
:1006000072B6034B1B68002BFBD0BFF35F8F7047A4
:100610002C0100D0BFF35F8F024B00221A6080F3E1
:10062000108870472C0100D070B505000C00160032
:10063000FFF7E4FFE308EA189446E95C072222404A
:10064000012393400B4206D1DBB20B436246137089
:10065000FFF7E0FF70BD21003000FFF7B7FFF0B5F6
:1006600083B00500019114001E00FFF7C7FF00E0F2
:100670000134B4420CD8E308EF18EB5C07212140A9
:1006800001228A401A42F3D1D2B21A433A7001E0F1
:1006900001246442FFF7BEFF002C02DB200003B000
:1006A000F0BD019B002BF9D00898FFF78FFF0000E9
:1006B000054A1078431CDBB21370172B02D91300C4
:1006C00010221A707047C046F00B002000B583B0AE
:1006D00001000448044B00931F231822FFF7BFFFBB
:1006E00003B000BD78D40120647B0010002307E034
:1006F000054A9A189200BFF35F8F00211160013301
:100700001F2BF5D97047C04640000034074B9B684B
:10071000103080001950BFF35F8FBFF35F8F044B21
:100720000021196082F310887047C04600ED00E098
:10073000240100D00048704700E400E010B5FFF746
:10074000F9FF002302E0034A04C00133072BFAD962
:1007500010BDC0468080808010B50388DA0A1C2A4C
:1007600005D15B055B1502335B00C01810BD034B60
:10077000034A34210348FF3103F09CF8807B0010CA
:10078000F0880010987B001010B5091A0B1F0A4A58
:1007900088180A4A904208D8C90706D45B105B053E
:1007A0005B0D0748184380B210BD064B064A262150
:1007B0000648FF3103F07EF8FC070000FE0F000042
:1007C00000E0FFFFE87B0010E4880010987B001039
:1007D00010B5091A04394A08090B08D14905490D11
:1007E000064B0B430380064B1343438010BD054B60
:1007F000054A2E210548FF3103F05CF800F0FFFFA9
:1008000000F8FFFF187C0010C0880010987B0010D3
:1008100001238340034A10681840431E9841C0B228
:100820007047C04600E100E0002A05D0044BC0221A
:100830005200995019607047014A8023D150FAE75D
:1008400000E100E010B50A001F2303400121994098
:100850004009FFF7E9FF10BD01238340014A1360FF
:100860007047C04600E200E0024B9B6810308000F9
:10087000C058704700ED00E010B5FFF7F5FF044BDE
:10088000C31A002047229A424041C0B210BDC04660
:10089000F40B002070B505000E00EFF3108472B663
:1008A0000D4B1B68002BFBD0BFF35F8F2800FFF7B9
:1008B000DBFF0A4B984201D0B04205D12200310043
:1008C0002800FFF723FF70BD054B064A822106482A
:1008D000490002F0EFFFC046240100D0C101001022
:1008E000287C001018890010987B0010F0B5DE46B7
:1008F00057464E464546E0B589B081460191150000
:10090000EFF3108372B69A466E4B1B68002BFBD038
:10091000BFF35F8F6C4B00269E57002E40DB7400A8
:10092000A419A400694823189B4606229A56664BD0
:100930001A70674B9A684B4610339B00D7583B1A86
:10094000472B3BD9634B9F4231D105AF624B3B8074
:10095000624973000293981980005C4C00190230C0
:10096000FFF712FF78805E4BBB80FF23BB71FD71E8
:10097000019A0792029B9B199B00E31807CF07C3BC
:1009800001275B463B431F00524639004846FFF7AC
:10099000BDFE09B0F0BCBB46B246A946A046F0BDBC
:1009A000504B514A94215148FF3102F083FF504B84
:1009B0004D4ACD214D48490002F07CFF01233A0009
:1009C0009A439046101A0C2101F070FA00290FD1B9
:1009D00043460024DA79AA4212D906215956002941
:1009E0000DDB4A005218920038491C008B18F1E7C1
:1009F000404B3D4AAC213D48FF3102F05BFF1C00FB
:100A0000002C2DD005AB3C4A1A80813A5A8006232F
:100A1000E3569846002B16DA384804AB1881424654
:100A20009A72DD72019B0793201D5946FFF7ACFEB9
:100A3000A080A671254B7200921992009B1805AAFE
:100A400013CA13C3A0E7201DFFF786FE0100700044
:100A5000801980001D4BC0180430FFF795FEDCE7BD
:100A600005AF1D4B3B801D49730002939B199B00F2
:100A7000164C1800A446604403900230FFF784FE31
:100A80007880039A101D4146FFF77EFEB8801C4B0C
:100A90004246121B524153431B0DBB71FD7101991C
:100AA0000791029B9B199B00A446634407CF07C391
:100AB000114B42461380813B538001275B463B43E9
:100AC0001F0061E7240100D035DB0120F40B00207A
:100AD00000ED00E0C101001000A1FFFF3C0C002070
:100AE00001BDFFFF607C001000890010987B0010A2
:100AF000887C0010B07C00100148000001BD00009F
:100B0000AAAA0000F0B5CE46474680B583B080461D
:100B10000C00EFF3108772B64E4B1B68002BFBD016
:100B2000BFF35F8F4C4B9A6845461035AB00D658E3
:100B30004A4B9E4207D0A64200D189E00196484B1D
:100B4000F31A472B09D93A0031004046FFF7DEFD82
:100B500003B0C0BCB946B046F0BD4046FFF758FEF2
:100B6000814600214046FFF76DFEBFF35F8FEFF334
:100B70000581002901D08D4211D10123019D9D43A2
:100B80000020AB689C4211D00622AA56002A0CDB3A
:100B900053009B189B00324A2800D518F1E7314BCF
:100BA000314A3248324902F085FE28009C4249D140
:100BB00006242C57002C2BDB294B620012199200C3
:100BC0009B189A68AA60DA79EA719B795BB2AB717B
:100BD000002B0FDA2748A880214B620012199200DF
:100BE0009B18254A11789971147049464046FFF7C1
:100BF00029FEA8E7600000198000194BC0180430D6
:100C0000FFF7AAFD01002B1D1800FFF7BDFDE2E76D
:100C1000002912D100280ED0FF238371174B838047
:100C200015490B78AB710E4A154BAD1A6D416B43EC
:100C30001B0D0B70D9E7094EF2E71249281DFFF78B
:100C4000C7FDD2E7104B084A0848104902F032FEAF
:100C5000024E78E7240100D000ED00E0C101001051
:100C6000F40B0020347D0010D0880010987B001019
:100C70001902000001BD000035DB012001BDFFFFAE
:100C8000AAAA0000460C0020687D00105B0200004C
:100C900070B5012202432D4BD31A472B29D8EFF30D
:100CA0000583002B2BD0EFF3108172B68C462849B8
:100CB00009680029FBD0BFF35F8F2449254C05004C
:100CC0006D1A6D416C43240D64B2234989689B0001
:100CD000C958914219D00021052930D81B4B4A0030
:100CE000521892009B189B795BB2A3421DD0013130
:100CF000F2E71A4B1A4A1B481B4902F0DBFD1B4B5B
:100D0000174A18481A4902F0D5FD134A9268194942
:100D1000D150194B1A7882711C70BFF35F8F0C4B46
:100D200000221A608CF3108870BD084B4A005518D9
:100D3000AD005D19FF26AE71104AAA80E9E7104B9D
:100D4000074A08480F4902F0B5FDC046F40B0020E1
:100D5000240100D0AAAA000000ED00E0707D001080
:100D6000A4880010987B001096020000987D001067
:100D700099020000C101001035DB012001BDFFFF19
:100D8000A47D0010AA02000000B583B0010006484F
:100D9000064B009305230022FFF761FC002801DBCE
:100DA0001F23181A03B000BD39DB0120AC7D0010F1
:100DB000024B9C466144890001607047400000344A
:100DC00010B50400FFF774FC01002000FFF7F0FFEE
:100DD000FF232371BFF35F8F10BD10B50400FFF731
:100DE00067FC01002000FFF7E3FFFF2323710023CE
:100DF0006371BFF35F8F10BD10B50D4C09E00D4B53
:100E00000D4A0E481A2102F055FD2000FFF7D8FFC9
:100E100008340B4B9C4209D22368002BF5D0012BE0
:100E2000EDD12000FFF7D9FF0834F2E710BDC0462E
:100E3000F80C0020C87D001058890010E87D0010D3
:100E4000000D0020034B9C46614489000160BFF304
:100E50005F8F70474000003410B504000120FFF799
:100E600035FC01002000FFF7EDFF10BD30B5836AAF
:100E70009C46D41A0B1D9B001B5865465B1B9C426D
:100E800004D3046A01238B40234202D10431890038
:100E90000A5030BD00040843704700000A4B19682F
:100EA000EFF3108372B60A68002AFCD0BFF35F8F9D
:100EB000054A1268BFF35F8F0021116083F3108829
:100EC00040BF00200021704708DB0120F0B5DE465E
:100ED00057464E464546E0B583B0EFF305830322FF
:100EE0001A4011000192AD4B9200D35898461B78DE
:100EF0008B4207D10123019A93409A46A84B524650
:100F00001A601AE1A74BA84AA8489C2102F0D2FC1B
:100F100043465A694B465B004B44DB0093469B4477
:100F20005B469E68DF68A24800F0B6FB801BB941B3
:100F3000002900DA0BE1002F5DDB5B461C699D4B4D
:100F40009C4243D043460820185E5B465988FFF711
:100F5000A1FF5B465969A04704000D0023002B4305
:100F600049D0002D3BDA30003900001BA9415B4617
:100F70009860D96000241C5F002C00DAE7E043464B
:100F80005B699C4663001B19DB0063449A68DB685D
:100F900005000E00AD1A9E41002E00DAD7E0434650
:100FA0001C81474608370097002C1EDB65002D1971
:100FB000ED006544AA68EB6806000F00B61A9F4171
:100FC000002F12DB00950023EC5EEDE75B465C69C9
:100FD00023692000984700280DD030CCBEE7744824
:100FE00000F05AFB00196941C1E75B461C804B4683
:100FF000009A1380ABE05B4600229B5E4246138161
:101000001269EFF3108372B611680029FCD0BFF3A8
:101010005F8F42460221525E59460A804246494647
:1010200051801269BFF35F8F0021116083F3108834
:101030008DE043461969EFF3108372B60A68002AFF
:10104000FCD0BFF35F8F42460421525E91460122DD
:10105000524241468A800A69BFF35F8F00211160C6
:1010600083F310881CE05B46009300269E5F002EF1
:101070000DDB73009B19DB009B46BB445B46986805
:10108000D96822002B00121A8B41002BEBDA4B4659
:10109000009A1380634600229B5E994663461E8039
:1010A0004B46002B59DB43465F694B465B004B4484
:1010B000DB009C46BC4463469C68DD6842460832BF
:1010C0000092434608269E5FD1E700234246937173
:1010D0004146083143460820185E11E00122524281
:1010E000D317A260E360434608229B5E834206D08A
:1010F0000D80434608229B5E2380434618812800CA
:10110000431C2ED043465A6943001B18DB00D418F9
:10111000D55E0222A35E002BE0DB2100EFE7220078
:101120002B0001992248FFF7A1FE214800F0B4FAF4
:10113000241A8D41002D28DC25D01D4B52465A63C0
:10114000434608229B5E9946002B00DBE0E64346BF
:1011500004229B5E002B00DB6BE743469B79002B50
:10116000B3D1434608229A5E002A0EDB43465969F2
:1011700053009B18DB00CB189C68DD68631CCED144
:101180006B1CD2D0CBE7002CD7D040BF03B0F0BC53
:10119000BB46B246A946A046F0BDC046ECD80120E9
:1011A0003C700540887E001084890010B47E0010D9
:1011B00000400540CD0E001070B504000D00110078
:1011C0000126AE4006622800FFF764FB01212800DB
:1011D000FFF738FB024B9C466444266070BDC04656
:1011E00038200000F8B504000F0016001D00C16093
:1011F000FFF75EFA124B9C46604480002061267027
:10120000ABB26381D0221206127862700122524280
:101210002281A2809B186380002306E0581E61692A
:101220005A00D218D20088520133AB42F6D3054B94
:10123000B200D450044A31003800FFF7BDFFF8BDBA
:1012400040000034ECD80120CD0E001010B5064B44
:101250001B69002B01D0044810BD044B044A05480B
:10126000652102F027FBC046600C0020FC7E0010C8
:101270006C890010B47E0010F8B504000569EFF326
:10128000108072B629680029FCD0BFF35F8F02215D
:10129000665E656971008919C9006D18002E02DB50
:1012A0000027E95F61802169BFF35F8F00270F602E
:1012B00080F31088002E2DDB06992961079969615A
:1012C000AA60EB606B8801335B04590C002B00D1E2
:1012D000012169803000FFF7DDFD2169EFF3108304
:1012E00072B60A68002AFCD0BFF35F8F0421625EE9
:1012F0002A80A6802269BFF35F8F0021116083F3EB
:101300001088E368217801228A4004498C466344AE
:101310001A60F8BD01204042FBE7C0463C200000B7
:1013200070B582B0060014001D0008AB1B78002BBE
:1013300007D100F0DDF922002B00121A8B41002B9F
:101340000ADB079B0193069B009322002B003000D1
:10135000FFF792FF02B070BD0020FBE7F0B5C64674
:1013600000B584B080460F0016001D000AAB1C7843
:10137000FFF76CFF02940195009642463B00FFF791
:10138000CFFF04B080BCB846F0BD000010B503002C
:1013900008145A8990422DDA5C6942001218D20072
:1013A000A2181C69EFF3108072B6844620680028EA
:1013B000FCD0BFF35F8F50880904090C814212D022
:1013C00000201A69BFF35F8F002111608CF3108831
:1013D000002810D0DA681B7801319940064B9C46F2
:1013E0006244116007E005490143518001229A716E
:1013F0000120E6E7002010BD3C2000000080FFFF38
:1014000010B50400FFF722FF2100FFF7BFFF10BD5A
:1014100040787047F0B583B006000F00EFF3058306
:10142000002B1AD106246442E517A4197D418D4290
:1014300002D803D1844201D90024002500F058F9D4
:1014400022002B00121A8B41002B0BDC08D030003D
:10145000390000F05FF903B0F0BD1648FFF7B6F8A9
:10146000002AF4D0144A0023009320002900FFF73B
:1014700075FF002813DAEAE7104B1968EFF31083C1
:1014800072B60A68002AFCD0BFF35F8F0B4A12685D
:10149000BFF35F8F0021116083F3108820BF084BDA
:1014A0005B6A9D42E8D80649896AA142CFD29D4233
:1014B000CDD1E1E7207F00109D0E001008DB012058
:1014C0000040054070B504000D0000F011F9220045
:1014D0002B0012184B411000191E02DBFFF79AFF78
:1014E00070BD012040420149F8E7C046FFFFFF7F81
:1014F00010B5FA2292000023002101F06DF8FFF7E9
:10150000E1FF10BDF0B5C64600B584B0804603913A
:10151000EFF30583002B2BD1474B1A685B6882429F
:1015200039D0FFF793FEC3681F00067842461400C7
:10153000039A1500180000F0AFF802000B00A41A7F
:101540009D412200311D8900C959091A0020A84275
:1015500027DC24D020BF039A384B5B6A9A424BD8D1
:101560003649896A41454CD29A4243D0012044E031
:101570000B00324A526A8A4209D33049896A88424A
:1015800007D99A4201D0012037E0002035E0002041
:1015900033E0012031E0039A9342C2D1DAE791426D
:1015A000D8D9274A0023009345462800039C2100F0
:1015B000FFF7D4FE002826DD1F4B1D6003995960FC
:1015C0000D001E4B5B6A994205D81C4A926A42453F
:1015D00002D2994200D120BFFFF712FF174B5B6A7E
:1015E0009D4224D8154A926A424522D29D421CD07F
:1015F000012002E0002000E0002004B080BCB846DA
:10160000F0BD0120F9E70D4B5B6A9C4209D80B49FC
:10161000896A414507D29C4201D00120EDE70020B4
:10162000EBE70020E9E70120E7E70020E5E70020FD
:10163000E3E70120E1E7C046580C002000400540E8
:101640009D0E0010004870470040054010B50B4B40
:101650001B69002B04D00A480A21FFF7A9FB10BD23
:10166000FFF7F0FF0400032100F00CF803481023FB
:1016700003222100FFF7B6FDEDE7C046600C002015
:1016800008DB012010B5024A0248FEF7CDFF10BD6D
:10169000707F00107CD401200200436A906A190018
:1016A000536A9942FAD17047416A00E0416A99420F
:1016B000FCD300E0416A994202D1816A9142F9D398
:1016C000704770B5060014001D00FFF7E5FF22000B
:1016D0002B0012184B41994202D804D1904202D9F2
:1016E00001225242D3173000FFF7DEFF70BD000029
:1016F00010B50248FFF7D0FF10BDC04600400540BE
:1017000010B502000B000248FFF7DBFF10BDC0461A
:101710000040054010B502000B000248FFF7C4FF6F
:1017200010BDC04600400540074B98420AD0162322
:1017300001229A40054B1A60054B1B681100994322
:10174000FAD170471723F3E70080034000F0004010
:1017500008C0004070B5046BE30701D4200070BDE1
:101760000B4BC3180B4A1A60436A826A9B019B1891
:101770009D02062000F018F9074900F097FB0100D0
:10178000280000F093FB0021FFF7BAFFE6E7C04610
:1017900030300000010300004E0E000070B5040060
:1017A0000E001500FFF7D6FFE16A33004B40190029
:1017B0002B000B401900024BE3181960206370BD29
:1017C0002C10000070B505000C00062000F0ECF8AD
:1017D000C000210000F06AFB0130C60907D00E4BA3
:1017E0009E4215D8400834003F26064000E0012400
:1017F0006C62AE62002200212800FFF7CFFF0620B6
:1018000000F0D2F88000A101891900F04FFB70BDF3
:101810000026024CECE7C046FEFF0000FFFF000080
:10182000002909D00A22064B9C4660444342584195
:10183000044B4000C252704780225200F3E7C0467A
:101840000080FCBF18DB012070B504000D000620ED
:1018500000F0AAF800281ED0104B9C421CD0162283
:10186000012393400E4A13602000FFF75DFF002123
:101870002000FFF7D5FF29002000FFF7A3FFE26A51
:1018800070235A400E331340064AA2181360064BC9
:1018900023630323A36470BD1722E1E700800340A4
:1018A00000E000402C10000001030000F8B5CE4617
:1018B000474680B505000E0090469946440024181E
:1018C000A400284B9C4664446368089A934200D263
:1018D00062602F1FFFB2012F2ED980221201C02378
:1018E0009B01E3181A60204BAA00D158002907D0A9
:1018F000586900F0DBFA013043001B18033BFDD2AE
:1019000043465B0122685340E0221340802252018B
:10191000A2181360012F1AD980239B01E31880229B
:1019200012011A60089B63600F4BAD004A46EA50F3
:10193000C0BCB946B046F8BD012ECED10322C023AB
:101940009B01E3181A60A368DB07FCD5D8E7216880
:10195000714003230B401360A3680122B2401A4276
:10196000FAD0D9E70080004080D4012070B582B061
:1019700006000D0014001800069900F097FA030005
:10198000069A11020091220029003000FFF78EFF15
:1019900002B070BD10B582B0802464000094FFF7DF
:1019A00085FF02B010BD0000014B8000C058704799
:1019B00080D40120F0B5C64600B504000E00170023
:1019C0001D00374800F072FA8046364BFA18364B45
:1019D0009A4239D80100380000F068FA0200103A43
:1019E00098235B009A4235D86B1E062B38D8069B8D
:1019F000013B062B34D83F09474537D32D04069BBE
:101A00001B031D432368002B36DB284B9C4244D02C
:101A10000C2201239340264A1360264A1360264A6B
:101A20001268190091430A1EF9D12660A060234B69
:101A3000E31821321A602268002AFCDAE5600822E5
:101A40001A6080BCB846F0BD1D4B1E4A1E481121CD
:101A500001F030FF1D4B1B4A1B48192101F02AFFE2
:101A60001B4B184A18481C2101F024FF194B154A3A
:101A70001548232101F01EFF22683F231340B34283
:101A8000C3D1A3681B051B0D8342BED1E368EE22C0
:101A9000D2021340AB42B8D1D3E70D22B9E7C0461A
:101AA000001BB70080E84BD380F8A93200C0024089
:101AB00000E0004000F0004008C00040043000009A
:101AC000947F00109C890010E47F00103480001087
:101AD000508000109C800010024B1A68024B5A6024
:101AE0007047C046DCD801200080054010B5164B79
:101AF0008022D2051A60154B154A1A6000290AD0B7
:101B0000144BE022D2041A60002809D1114B802224
:101B100012061A6010BD0C4BE022D2041A60F3E7E3
:101B200043011B1A9B00181800010B4B18600B4B4C
:101B3000984202D9084B094A1A60FFF7CDFF054BBE
:101B40008022D2051A60E5E700B005400820014078
:101B5000FCFF010000A00540DCD80120FFFFFF00D2
:101B600010B503000C0010000B4A8021C90511605C
:101B7000002B0DD001221343084A0949D1610949BC
:101B800059401162546293620021FFF7AFFF10BD0C
:101B9000024B0022DA61F7E700B005400080054003
:101BA000D3C007B02D3FF84F80239B000B43014A61
:101BB000D36270470080054010B5010018231B88D0
:101BC00014221088984710BD10B5010018231B88F7
:101BD00016221088984710BDF0B5C64600B507001C
:101BE0000E0000250123984600E00135B5420AD2D7
:101BF000AC003C192068FFF7DFFF20600028F4D11B
:101C000000239846F1E7404680BCB846F0BD00008E
:101C100070B504000D000648FFF7CEFF0300002C4E
:101C200003DB0120A040290098470020FBE7C046C5
:101C300055420000074BAA2212011A608D22520061
:101C4000DA60054B054A1A60024B5B68002BFBDA31
:101C50007047C046004002400060024000B0FA00F9
:101C600010B5040001E008CC9847024B9C42FAD31F
:101C700010BDC046F47700107047000010B5024850
:101C8000FFF7EEFF10BDC046B8770010054B064ABF
:101C90001A60064B064A1A60064B1A68044B9343B7
:101CA000FAD1704700E00040BFCDFBFE00F00040DD
:101CB000FE7F3C0008C00040044BDB6C002B03D1CE
:101CC000034B8022D2021A607047C04600001150B8
:101CD0004C201150044B054A1A60054B1B68DB432E
:101CE000DB01FAD17047C04600F00040FFFFFF0162
:101CF00008C00040034B40229A675A671A67DA66A9
:101D00007047C04600F0014010B5FEF7EFFC10BD73
:101D100010B50C4C0C4BE41AA4082200302C00D94E
:101D2000302292000948084900F0CAFC04E0084A41
:101D3000064BA100CA5001342F2CF8D9034B054A99
:101D4000936010BDC00100100001001000000020D1
:101D5000C101001000ED00E070B50420FFF724FE83
:101D6000064900F0A3F805000024002C00DD70BD3A
:101D7000E0B22900FFF718FF0134F6E740420F00F8
:101D800030B583B0274B00229A67FFF753FF264BED
:101D900001221A60234B5B6C012BFBD1234B0322E6
:101DA0001A60204B9B6B012BFBD101330093043352
:101DB0001F4A01211F48FFF7FDFD052300931E4A1E
:101DC00001211E48FFF7F6FD1D4B002202210420D1
:101DD000FFF7E0FD1B4D2B00002201210520FFF73E
:101DE000D9FD194C2300002200210720FFF7D2FD66
:101DF0002300002200210820FFF7CCFD8023DB0018
:101E000000932300002200210920FFF7AFFD2B00E3
:101E1000002200210620FFF7BDFDFFF79DFF03B064
:101E200030BDC046008000403CB0004030B00040B3
:101E3000002F685900800240008C864700C0024095
:101E4000001BB70040597307006CDC0201480421F5
:101E5000014B1847800C0020D91B0010124A936FC9
:101E60009B0815D29066D166002905D0FFE7FFE7F1
:101E7000FFE7516F106F704704B580210906C21744
:101E80005140002800D0C84305F056FC002104BD95
:101E9000F0B5146E556E576F166FFFF7E3FF1466BB
:101EA000556657671667F0BD000000D0114A936F62
:101EB0009B0813D210665166002905D0FFE7FFE7A3
:101EC000FFE7516F106F704704B5002801D0002064
:101ED000C04305F031FC002104BDC046F0B5146ECE
:101EE000556E576F166FFFF7E5FF14665566576717
:101EF0001667F0BD000000D094464A4A926F9208DF
:101F0000624601D228E0C046F0B5464E346E756E8A
:101F1000776F366F00F020F89446424A1466556693
:101F2000576716676246F0BD94463E4A926F920824
:101F3000624601D254E0C046F0B53A4E346E756E3A
:101F4000776F366F00F04CF89446364A1466556643
:101F5000576716676246F0BD002B24DB11D00029BD
:101F60003EDA00B5C943404200D1013100F038F8F3
:101F7000C943404200D10131DB43524200D1013319
:101F800000BD002AEBD1002801D1002905D0002096
:101F9000C90FC90701D1C043410800B505F0DCFBFA
:101FA0000022002300BD00B500290ADBDB435242BA
:101FB00000D1013300F014F8C943404200D101318F
:101FC00000BDC943404200D10131DB43524200D140
:101FD000013300F005F8DB43524200D1013300BD6C
:101FE000002923D1002B18D1002A0CD0BC460D4F5C
:101FF00038667A6600210023FFE7FFE7FFE77A6F84
:10200000386F67467047002801D00748010000B5C7
:1020100005F0A2FB0022002300BD02000B000020FF
:1020200000217047000000D0FFFFFFFF002B00D011
:10203000BFE0130C28D1002AE7D080B4114F3966D5
:102040007A66FFE7FFE730B4040C7B6F396F1B043F
:1020500023433B667A66FFE7FFE7FFE7C04684B2AB
:102060007B6F3D6F1B0423433B667A66FFE7FFE708
:10207000C04600232C042D0C7A6F386F001969417B
:10208000B0BC7047000000D0F0B594460025140E97
:1020900001D112020835140F01D112010435940F39
:1020A00001D192000235D40F01D152000135D40B79
:1020B0000134254F7C66254C3C660E0C93B2FFE73D
:1020C000FFE7FFE73C6F6643360C7703BE4673437A
:1020D000DF0B5B04C01AB941130C7343DB18C91A38
:1020E000CE086643360CB64493B273431F0F1B01F0
:1020F000C01AB941130C73431F0B1B05C01AB94119
:10210000860D8F023E436643360C092D24DB520AAE
:102110007243801A7703460A6643360C16235B1B0C
:10212000DE40DF40BF1964466643821B70460435BB
:1021300006330100D940A840C01900D30131A242A2
:1021400006D20023F0BD0000000000D0FFFFFFFF1B
:10215000121B0130F3D3F1E709277F1BFE406446D1
:10216000A2B27243801A00D20139220C7243130CBE
:102170001204821A99410B0070460435133701008E
:10218000F940A840801900D30131002B02D1A242AE
:102190000AD2F0BD013000D30131121BFAD2013B4B
:1021A000F8D1A24200D2F0BD013000D30131121BA0
:1021B000F7E7F0B51C0C00D080E00CB400251C0A39
:1021C00004D11B02160E3343120208351C0B04D136
:1021D0001B01160F3343120104359C0B04D19B00E5
:1021E000960F334392000235DC0B02D192185B410B
:1021F00001351C00971864410134464F7C66464CFB
:102200003C660E0CFFE7FFE7FFE7C0463C6F664306
:10221000360C7703BE4697B27743C01B00D2013914
:10222000C01B00D201399FB27743C91BC91B170CD1
:1022300077437E04FF0B801BB941CE086643360C02
:102240000C2D33DBB644120B1F053A431B0B97B220
:102250007743C01B00D201399FB27743C91B170CCB
:1022600077433E043F0C801BB941860D8F023E43ED
:10227000664329277F1BFE400C3D7746AF40BF19C0
:1022800030BCA2B2ABB272437343801A9941220CA4
:102290007243130C1204801A994102000B0001379B
:1022A000001BA941F9D2781E0021F0BD0C277F1B2D
:1022B000FE4077467F0BAF40FF19E0E700245D1C2E
:1022C00007D0144F7D663966FFE7FFE7FFE7FFE7BA
:1022D0003C6F95B29EB265436643401BB141150CFD
:1022E0001E0C6543664336042F0C3E432D04401BF1
:1022F000B141994204D202000B0020000021F0BD40
:1023000001D19042F7D3801A994101349942F2D316
:10231000F6E70000000000D0FFFFFFFF484041400B
:10232000484018B4134B5B68019308BD18B4114BB7
:102330001B68019308BD94460F4A926F920805D21C
:10234000624618B40B4BDB68019308BD0A4AF0B52E
:10235000146E556E576F166F6246FFF7F2FF064A0E
:102360001466556657671667F0BD18B4014B9B6835
:10237000019308BD04D90120000000D0FFB55040F2
:102380004240504059404B40594000E0FFB5154F86
:102390004C00640D03D0BC4204D10C0314D80020BF
:1023A000090D09055C00640D03D0BC4204D11C0377
:1023B0000AD800221B0D1B0501264B4009D44B40B7
:1023C00003D58B4200D18242FFBD9942FCD190429D
:1023D000FFBD0B43DB1803431343F5D0C943491832
:1023E000FFBD0000FF07000000B5FFF7CFFF8041F1
:1023F00000BDC04600B5FFF7C9FF01D9002000BDF0
:10240000012000BD00B5FFF7B9FF01D9002000BDD4
:10241000012000BD00B5FFF7B1FF804100BD0120E4
:1024200040054A00121804D85A00121801D800209A
:1024300070470120704700000021002805D1704737
:10244000C1174840401AFAD0C90713B5064B1B689C
:1024500098470CBC441CA2401005120B0349091BF1
:1024600009051943114310BD04DA01201F040000BF
:1024700010B54C00620D8023D218DB00D21A5B0528
:102480007E2A10DD9E3A13DACC1709034908194356
:102490005242D140640001341532202A05DAD0407E
:1024A0000843604310BD002010BD0846604310BDC6
:1024B000C80FC018013810BD18B4024B5B6A0193F5
:1024C00008BD000004D9012010B50148FEF77EF8D0
:1024D000B880001070B513231C78012C12D0012C89
:1024E00012DC214B214A93642148FFF765FB214B05
:1024F000186070BD20491D4A9800815001331F2B80
:10250000F8D9ECE70023FAE71C48FFF75DFB05006C
:102510001B48FFF759FB023803789B007F2B09DD2E
:1025200012488022290000F0CBF8022C08D0022C9F
:10253000DADCD6E7134B144A1448342101F0BAF917
:10254000134B1A88B5231B029A4209D1114B1A88E2
:10255000114B9A4204D1114B1A88114B9A42E6D082
:102560000020FEF733F8C046A525001004D901204D
:102570004C33000004DA0120C92400105344000049
:1025800053460000D0800010A8890010148100106C
:1025900054380000D8380000494600009C3800003C
:1025A0005946000007B56046002800D100BE0188EA
:1025B0000A0A0230DF2AFAD1C9B2820804D302889B
:1025C00040880004104300E00068024A5050039025
:1025D00007BD000004D9012051434343C9188C466C
:1025E000110C83B24B4310B4040C614392B280B21D
:1025F000504362431C041B0C001910BC59411304C6
:10260000120CC018514161447047000010B50148D8
:10261000FDF7DCFF8C88001070B513231C78194877
:10262000FFF7D2FA0500012C12D0012C0ADD2B0095
:10263000023B1B789B007F2B1EDD13488022290064
:1026400000F03EF81148FFF7B7FA114B186070BD63
:102650000D485422290000F033F8002300E0013334
:102660001F2BE2D8084A99008A58002AF7D1094955
:10267000054A98008150F2E7074B084A0848432171
:1026800001F018F95346000008DA01204C3300002D
:1026900004DA01200D26001074810010BC8900109E
:1026A000A881001001480421014B1847900C00201C
:1026B000D91B0010014B1B6818470000900C00202C
:1026C000014B5B6818470000900C0020704710B564
:1026D000002802D00B684968984710BD010000200F
:1026E00007E083001B185B00501C08601078C018BE
:1026F00030380A681378303BDBB2092BF1D97047C8
:10270000F0B5D6464F464646C0B505000E00914688
:102710001F00099C0B9B0222110019408A461A4295
:1027200001D1DB0716D54A46B84637002E001FE018
:10273000551C330041462020B84701342A000A9B2B
:102740009C42F5D33D0037004646099CB846370009
:102750002E000DE04A46B0463E0007000994EEE721
:10276000013C551C089B185D43463900B0472A00C0
:10277000002CF5D135003E0047465346002B11D1C1
:102780001000E0BCBA46B146A846F0BD541C330068
:1027900029002020B84722004B46D31A0A998B42C1
:1027A000F4D3EDE73B002F0035001E00F4E7F0B551
:1027B000CE46474680B585B006000F009046994644
:1027C0000C9A0D9B0EA909788C46109D119C1299AC
:1027D00088071CD4002C0CD0C8070AD560460028F6
:1027E00002D10C30084204D0013C02E03020D05429
:1027F0000133AB4201D21F2BF8D9C80707D5A3423A
:1028000005D21F2B03D83020D0540133F5E7C8067A
:1028100012D5480505D4002B03D0AB4223D0A342E8
:1028200021D00F98102831D00F98022838D01F2BB4
:102830000AD83020D05401331F2B05D86046002819
:1028400034D02D20D054013303910294019300928F
:102850004B46424639003000FFF752FF05B0C0BC7E
:10286000B946B046F0BD581E012B17D00F9D102D54
:102870000BD003000F981028D6D18806D4D51F2B73
:10288000D2D85820D0540133D1E7023B8806F1D486
:102890001F2BEFD87820D0540133C8E70300C0E7DE
:1028A0001F2BD1D86030D0540133C0E7480703D57F
:1028B0002B20D0540133C7E70807C5D52020D054BA
:1028C0000133C1E7F0B5DE4657464E464546E0B512
:1028D00093B08046894692469B461CAB10CB1B7832
:1028E00009931E9D002C03D11023219A9A43219213
:1028F0008023DB00219E1E40219A1A4218D0002C12
:1029000022D0002614E0219A92061BD54121C91835
:10291000C9B20A39C9B2771C0AAB995529002000FF
:10292000FFF7C4FAAC4210D31F2F0ED83E000400AC
:1029300029002000FFF7BAFACBB2092BE3D83033D5
:10294000D9B2E8E76121E2E72700219B0693209BAB
:1029500005931F9B04930395099B029301970AAB70
:1029600000935B46524649464046FFF720FF13B0AE
:10297000F0BCBB46B246A946A046F0BDF0B5DE4667
:1029800057464E464546E0B595B0834608910992B4
:102990000A931E9B99461F9F20AB1B780B93229B8B
:1029A0009846239C4B463B4303D11033269A9A43C7
:1029B00026928023DB00269D1D40269A1A4208D0CD
:1029C0004B463B4339D000254E4623002C001D00CA
:1029D0001FE04E4623002C001D001AE0269A9206A6
:1029E00023D54122D218D2B20A3AD2B2631C9A46F7
:1029F0000CAB1A5542462B0030003900FFF794FA11
:102A0000BD421CD813D053461F2B14D85446060081
:102A10000F0042462B0030003900FFF785FAD3B291
:102A2000092BDBD83033DAB2E0E76122DAE7B045D0
:102A3000E9D9564604E0564602E0002600E0564634
:102A4000269B0693259B0593249B0493434603935F
:102A50000B9B029301960CAB00930A9B099A089971
:102A60005846FFF7A4FE15B0F0BCBB46B246A946D7
:102A7000A046F0BDF0B5DE4657464E464546E0B5A9
:102A800095B004008A46934699461E9E1F9F3200C9
:102A90003B0030003900FFF7C2FC002800D0FBE00B
:102AA00001225242D64B30003900FFF7B3FC002818
:102AB00000D0F1E001225242D24B30003900FFF742
:102AC00093FC002800D0E7E000220023300039000A
:102AD000FFF78AFC002800D0F3E0069607978023D2
:102AE000DB00229A1A401192229A1A4201D106233F
:102AF00020930698079902000B000A920B9303009B
:102B00000A00024300D1E8E0080D4005400DBE4D2B
:102B1000AC466044050007980203120B0020002118
:102B2000089009910893B94B134309932800FFF7C4
:102B300087FCB74AB74BFFF718FCB74AB74BFFF70C
:102B4000F5FB0A900B910022B54B08980999FFF705
:102B5000E8FBB44AB44BFFF708FC02000B000A98EC
:102B60000B99FFF7E3FBFFF783FC80460890FFF724
:102B700067FCAE4AAE4B0A900B91FFF7F6FB0022C2
:102B8000AC4BFFF7D3FBFFF773FC0500AA4AAB4B36
:102B90000A980B99FFF7E9FB0A900B912800FFF7C1
:102BA0004FFCA74AA74BFFF7E0FB02000B000A9877
:102BB0000B99FFF7B6FB02000B000A900B91FFF791
:102BC000D4FB0E900F912B009F4DAC466344002127
:102BD00000220C910D921B050D9300230C930A9873
:102BE0000B9902000B00FFF7A1FB129013910A9AB8
:102BF0000B9B00208021C905FFF793FB0A900B91E6
:102C00000022924B0E980F99FFF795FB0022904BF4
:102C1000FFF78CFB02000B000E980F99FFF78BFB60
:102C200000228C4BFFF782FB02000B000E980F99DD
:102C3000FFF781FB02000B000A980B99FFF776FB68
:102C400002000B0012981399FFF775FB00226F4BDF
:102C5000FFF76CFB0C9A0D9BFFF787FB02000B0044
:102C60000A920B93069A079B0C900D91FFF7D2FBEB
:102C700000280AD04346013B08930022744B0C986D
:102C80000D99FFF758FB0A900B91089B6333C62BF5
:102C900049D804231D0024E0229B0493219B039325
:102CA000209B0293009601974B465A4651462000BE
:102CB00000F004F915B0F0BCBB46B246A946A046E8
:102CC000F0BD0021002206910792069680231B0684
:102CD0009C46BC446346079301E7002308930433F2
:102CE0001D00229B1B052BD50A9A0B9B1900114333
:102CF00011D0594A594B06980799FFF783FB0028D2
:102D000000D1B1E00022564B06980799FFF76CFB03
:102D1000002800D1A8E0209A089B9A4206DDD31A29
:102D2000013B209304E005231D00DAE700232093F4
:102D30008023DB00229A1A43229200231D0008936D
:102D4000219A954200D39BE0531B98460223229A76
:102D50001A400C92229A134203D0002D01D0002376
:102D60009846089B002B07D00A9A0B9B0698079958
:102D7000FFF7E1FA069007910022002330003900A6
:102D8000FFF732FB002800D07DE0364B229A13403B
:102D9000049343460393209B0293069A079B009259
:102DA00001934B465A465146200000F087F8002D0B
:102DB00000D17FE7229B9B0671D54527461C4B46D9
:102DC000020051463800A0470898C317C2185A405D
:102DD00005230593013D0495002303930A330293D1
:102DE000C30F019300924B46320051462000FFF77B
:102DF00069FD0C9B002B00D15CE70200219F56E08F
:102E0000FFFFEF7FFFFFEFFF01FCFFFF0000F03F40
:102E1000FB799F501344D33FB3C8608B288AC63FC9
:102E20000000F83F61436F63A787D23F71A3790920
:102E30004F930A400000E03F1655B5BBB16B02400E
:102E4000EF39FAFE422EE63FFF03000000002C405F
:102E500000002440000018402D431CEBE2361A3FCE
:102E600080842E41FFF7FFFF209B002B00D167E7F6
:102E7000119B002B00D163E7209B013B20935FE770
:102E80000023984662E7069E079F320039008020A3
:102E90000006844661440B000692079375E7652798
:102EA0008CE7561C4B4651462020A04732005B461B
:102EB000D31ABB42F5D31000FCE6C046F0B5DE469F
:102EC00057464E464546E0B595B081468A469346FC
:102ED0000A93209F1E9A1F9B10001900FFF79FFA6C
:102EE000002831D101225242BA4B1E981F99FFF798
:102EF0007BFA002837D101225242B74B1E981F9906
:102F0000FFF788FA00283DD10022B44B1E981F9984
:102F1000FFF780FA00284AD10022B14B1E981F9972
:102F2000FFF762FA002842D1002200231E981F9961
:102F3000FFF75AFA00284AD100230B93229B5B0526
:102F400000D4AFE0002452E0229B0393219B029324
:102F500003230193A34B00930A9B5A4651464846CC
:102F6000FFF7CEFB1FE1229B0393219B02930423D7
:102F700001939D4B00930A9B5A4651464846FFF7E2
:102F8000BFFB10E1229B5B070ED5984B04222299D0
:102F9000039121990291019200930A9B5A4651464E
:102FA0004846FFF7ADFBFEE0914B0322EFE7229B83
:102FB0000493219B039302971E9B1F9C00930194F3
:102FC0000A9B5A4651464846FFF754FDEBE01E9ACD
:102FD0001F9B00200021FFF7A4F91E901F910123E1
:102FE0000B93ABE70CAB30221A55013F01341F2C79
:102FF00001D8092FF6D81E981F99FFF739FA050056
:10300000FFF71EFA02000B001E981F99FFF789F9BF
:10301000784BFA009B180CCB08920993FFF7A5F99F
:1030200006900791FFF748FA0600FFF705FA02003D
:103030000B0006980799FFF774F906900791002294
:103040006D4BFFF7E7F900282ED001363000FFF76F
:10305000F3F902000B0008980999FFF7CBF9002853
:1030600001D001350026002F2CD12800FFF7E8F908
:1030700002000B001E981F99FFF753F906000F007E
:1030800000225D4BFFF7B0F9002846D100225A4BD1
:1030900030003900FFF7BEF900283ED1EB073CD5E0
:1030A00001353AE006274DE70022534B0698079971
:1030B000FFF79AF90028D6D1002E01D0F307D2D518
:1030C0000136D0E7A8461F2C11D8013F0A21300055
:1030D000FEF7ECFE651C30310CAB19550A213000AF
:1030E000FEF7E4FE092E0ED906002C00EBE745465C
:1030F0001F2C0CD87B1E002F09D00CAA3021115593
:103100001F000134F4E72B0045461C00F0E71F2C9C
:1031100003D80CAB2E221A5501341F2C10D80A21CB
:103120002800FEF79BFE661C30310CAB19550A21B6
:103130002800FEF793FE051E01D03400EDE73400B1
:10314000229B9B0719D4229BDB0716D5219B002BC2
:103150000ED00B9B002B03D10C33229A134207D0C5
:10316000219B013B219303E00CAB30221A55013423
:10317000219B9C4201D21F2CF6D91F2C06D80B9BF9
:10318000002B17D00CAB2D221A550134229B039330
:10319000219B029301940CAB00930A9B5A46514623
:1031A0004846FFF7ADFA15B0F0BCBB46B246A9469B
:1031B000A046F0BD229B5B0704D50CAB2B221A5511
:1031C0000134E3E7229B1B07E0D50CAB20221A5504
:1031D0000134DBE7FFFFEFFFFFFFEF7F65CDCD4160
:1031E00065CDCDC1688200106C8200105C82001039
:1031F00064820010B88A00100000E03FF0B5DE469F
:1032000057464E464546E0B58FB007008946904682
:103210000D93002900D11DE3002508E06C1C4346F6
:103220002A004946B8470D9B01330D9325000D9B9D
:103230001878002800D10FE32528EFD101330D9332
:10324000002420E001231C4301320D92012618E0E6
:1032500002231C4301320D92012612E004231C4379
:1032600001320D9201260CE008231C4301320D921D
:10327000012606E010231C4301320D92012600E0D6
:103280000026002E09D00D9A1378203BD9B21029C0
:10329000F6D88B00BD49CB589F460D9B1A7813007A
:1032A000303BDBB2092B10D92A2A13D00B960D9B89
:1032B0001A782E2A1ED00D9A1378683BD9B212299B
:1032C00059D88B00B249CB589F460DA8FFF706FA94
:1032D0000B90ECE7189B1A1D18921B68002B04DB5F
:1032E0000B930D9B01330D93E1E7022214435B42E4
:1032F0000B93F6E78022D20014435A1C0D925A78A1
:103300001300303BDBB2092B0BD92A2AD3D1189BEF
:103310001A1D18921E68002E08DB0D9B01330D93B9
:10332000C9E70DA8FFF7DAF90600C4E70026F4E7BD
:1033300080235B002343511C0D9151786C2901D0EF
:103340001C0018E0C0239B001C4302320D9212E0C7
:1033500080232343511C0D915178682901D01C0012
:1033600009E0C0231C4302320D9204E080235B007D
:103370001C4301320D920D9B187865284AD84628C7
:1033800030D8252800D15BE2242839D9452861D0DE
:10339000462835D1462800D193E1189B07330722F0
:1033A00093431A000832189204940B9A03920296DF
:1033B0000CCB0092019343462A0049463800FFF7A0
:1033C0007DFD05000D9B01330D9330E780239B00AD
:1033D0001C4301320D92CEE780235B001C43013277
:1033E0000D92C8E70200473AD2B201239340694ADE
:1033F000134255D1684A13422CD1632800D163E1AE
:103400006C1C43462A004946B8470D9B01330D9377
:1034100025000CE77828F3D8682817D90200693A04
:10342000D2B2012393405D4A134239D1702800D1B2
:10343000ECE17328E4D1189B1A1D18921B689B4677
:10344000002E00D17AE132005B467CE16628A1D0F3
:103450006728D5D1672801D0472802D180231B01D6
:103460001C43452801D0472801D120231C43189B29
:103470000733072293431A000832189204940B9AD8
:10348000039202960CCB0092019343462A004946D0
:103490003800FFF7EFFA05000D9B01330D93C6E6E8
:1034A0006F280ED006D858283DD0622804D10223B8
:1034B0009A4608E0782839D010239C43063B9A4668
:1034C00001E008239A46582833D0692803D064289D
:1034D00001D00C239C43630501D501239C4369283B
:1034E0002AD0642828D0A30500D5ACE0E30500D598
:1034F000C4E0630600D4D6E0189B1A1D18921A681F
:10350000FF23134005940B9A0492039652460292AD
:1035100000220192009343462A0049463800FFF7F3
:10352000D1F905002DE010239A46CCE710239A46E6
:10353000C9E720231C43C8E7A3053DD5189B0733E3
:10354000072293431A00083218921A6894465B685F
:103550009B46002B24DD62465B4608940B9907913D
:10356000069651460491002105915946C90F0291D2
:103570000092019343462A0049463800FFF7FEF9BE
:1035800005000D9B01330D9351E6C046248A0010BF
:10359000688A0010000002280100004041900000ED
:1035A000002B01D1002AD6D163465A4618001100DB
:1035B000002342428B41D0E7E30519D5189B1A1D21
:1035C00018921B68002B11DD1A0005940B990491C9
:1035D000039651460291DB0F0193009243462A0065
:1035E00049463800FFF76EF90500CAE75A42ECE792
:1035F000630619D5189B1A1D18921A68FF231340E9
:10360000002B1EDD1A0005940B9904910396514678
:103610000291DB0F0193009243462A00494638008D
:10362000FFF750F90500ACE7230605D5189B1A1DD6
:10363000189200229B5EE3E7189B1A1D18921B68E4
:10364000DEE75A42DFE7189B0733072293431A004D
:103650000832189208940B9A0792069652460492E2
:103660000022059202920CCB0092019343462A005D
:1036700049463800FFF782F9050082E7189B1A1DBA
:10368000189205940B9A04920396524602920022D5
:1036900001921B68009343462A0049463800FFF711
:1036A00011F905006DE7230606D5189B1A1D18921F
:1036B0001B681B041B0C25E7189B1A1D18921B681E
:1036C00020E720231C4368E602231E0026402342F5
:1036D0001ED00124189B1A1D18926A1C9346187854
:1036E00043462A004946B847002E16D10D9B0133A8
:1036F0000D935D469BE5551C434649462020B8473F
:1037000023002A005C1C9E42F5D856461500E1E7CE
:103710000123B2460B9E2A00F4E75A46BA460B9F95
:1037200006E0561C434649462020D0472C00320074
:10373000651CA742F5D893465746D7E70122524267
:1037400082E601330A001978002902D0511E002AAE
:10375000F7D15A469B1A8022D200210011408A4696
:10376000144202D0B34200D933000222110021409A
:103770000C91224207D02A0035005C469B463B0054
:1037800057469A4621E02A004946B1460E005C1C85
:103790000B99994207D9551C434631002020B84760
:1037A00023002A00F3E733004E46994623003500F4
:1037B0005C469B463B0057469A4606E01D00013496
:1037C000561C43464946D04732002078002804D092
:1037D000002FF4D06B1E002DF0D115005B4657462C
:1037E0000C9A002A03D10D9B01330D931FE50B9E0C
:1037F0002A005C1C9E4207D9551C4346494620209E
:10380000B84723002A00F4E71500ECE721231C4306
:10381000189B1A1D18921B6805940822049203969F
:103820000832029200220192009343462A00494640
:103830003800FFF747F805000D9B01330D93F6E4C0
:103840006C1C43462A004946B8470D9B01330D9333
:103850002500ECE4094FDFE445450DD343465A1EED
:10386000434649460020B84728000FB0F0BCBB468D
:10387000B246A946A046F0BD2A00F1E7CD260010C9
:1038800000B585B08C4602A90290604648600120D0
:10389000844604480093130062465242FFF7AEFC90
:1038A00005B000BDCF26001000BEFDE7704710B583
:1038B000FFF7FAFF10B582B084460C001900002A09
:1038C0000AD0074B0748019200932300624600F09C
:1038D0005FF90120FFF7E8FF034B1A00F2E7C0464B
:1038E00074820010848200108C88001010B5EFF3F1
:1038F0000583002B00D000BEFEF7C0F9034C01E0A9
:1039000008CC9847024B9C42FAD310BDF4770010C4
:10391000F877001010B50300080011001B689847E5
:1039200010BD0000F8B507000D001600437D002B08
:1039300002D0002400200CE0036811002800984702
:103940002BE03B7D0FE03B68144802219847601C48
:103950000134B44213DA002CF3DD631EEB5C0D3B43
:103960005A425341DBB22A5D0A2AF1D1002BEFD132
:10397000A042E8DA3B68211A28189847E3E7B042EA
:1039800003DA3B68311A28189847002E05DD013EFE
:10399000AB5D0D3B5A4253413B75F8BD088B00109F
:1039A00070B505000368002B16D00C4B1C6805E0B1
:1039B000290004C92000FFF7B5FF2469002C09D0B5
:1039C0002368002BF9D0064B1B68002BF0D0A342D4
:1039D000F3D1EDE700232B6070BDC046D0D40120A9
:1039E000D8D4012010B50B685A1C0A60CB18187186
:1039F000802A00D010BD0800FFF7D2FFFAE70000D0
:103A000010B5FDF775FE074A002312184B41002B35
:103A100003DB054803F0A8FE10BD01225242034B10
:103A2000F7E7C04640420F00F80C0020FFFFFF7F81
:103A300010B5024803F068FE10BDC046F80C002027
:103A4000F0B5CE46474680B583B080460D001600DF
:103A50001C00FFF7D5FF81466B1C05D0002C08D059
:103A6000184F194B1C6807E0404603F003FE0500A1
:103A7000F4E7164FF5E72469002C16D02368002BD5
:103A8000F9D0134B1B68002B01D0A342F3D12A00BD
:103A900041462000B847002EEDD06B46D91D0A23C1
:103AA0000B7001222000B847E5E74B46002B05D1FB
:103AB000280003B0C0BCB946B046F0BDFFF7B8FF60
:103AC000F6E7C04625390010D0D401201539001082
:103AD000D8D401200A4A136802E01A0010321B6988
:103AE000002B08D08342F8D1002907D10369136065
:103AF0000023036102E0002900D010607047C04637
:103B0000D0D4012010B5064B1C6800E02469002CBD
:103B100004D06368002BF9D09847F7E710BDC04682
:103B2000D0D4012010B500F047F900F05BFA012075
:103B300010BD70B5050003F09DFD040001230122B6
:103B400001002800FFF77CFFFFF7DCFF200070BDBD
:103B5000F0B5A3B007000E00FFF752FF050001AC5F
:103B600000230193094833003A002100FFF788FE43
:103B700006002000FFF714FFFFF7C4FF002D02D15D
:103B8000300023B0F0BDFFF753FFF9E7E53900102F
:103B90000FB400B583B004A901C90191FFF7D8FFA4
:103BA00003B008BC04B0184782B08C46144BC3184D
:103BB0005A425341134A5B009B5E8B4205D06B46D1
:103BC000DA1D63461370002115E06B46DA1D0D23E4
:103BD000137000210029F2D183699B06FCD413786D
:103BE000036001310132F5E783699B06FCD4137849
:103BF0000360013101320029F6D002B07047C0469F
:103C00000080FCBF18DB012082B000226B46D91D6A
:103C100006E08369DB06FCD403680B7001320131D6
:103C2000002AF6D06B46D87902B0704770B506000E
:103C30000D00002405E0315D034B1868FFF7B4FF69
:103C40000134AC42F7DB70BD1CDB0120F8B5060087
:103C50000D00002705E07C1CF719FFF7D5FF387031
:103C60002700AF4204DA0D4A10688269D206F2D505
:103C70000B4A1268002A0AD0084A12685021916340
:103C8000506B18390140074B9C4662441160002F6D
:103C900001D03800F8BD033FFBE7C0461CDB012024
:103CA00068D401203410000010B5064B1B68002BAF
:103CB00006D0054A126800219163044A10689847AB
:103CC00010BDC04668D401201CDB012070D4012047
:103CD000024B1A6893691B07FCD470471CDB012058
:103CE00070B51E4B1B681E4A934208D01422150063
:103CF00000281FD01B4B1B68002B03D070BD152262
:103D00001500F5E7174B1860174B19601749280085
:103D1000FCF7C0FD01212800FCF794FD0F4B1B6848
:103D200050229A63596B183A0A4011498C466344F1
:103D30001A60E3E70B4A1268002ADFD000249C6374
:103D400000212800FCF77EFD08492800FCF7DAFE78
:103D5000044B1C60044B1C60D0E7C0461CDB0120F8
:103D60000080034068D4012070D40120A93C0010D9
:103D70003410000070B50C001D000D4B1860002AB7
:103D80000BDA002D0EDA0A4B18682100FDF75CFDF6
:103D900008480121FFF79EFE70BD02211000FCF7CC
:103DA00093FBEEE702212800FCF78EFBEBE7C04611
:103DB0001CDB0120A00C002010B5074B1B78074B23
:103DC0001B78074B1B78E12101230022490205489B
:103DD000FFF7D0FF10BDC0469C91001098910010D5
:103DE0009491001000400340024B1860024B196090
:103DF0007047C0466CD4012074D4012010B5FDF783
:103E000077FC0E4A002312184B41002B12DB0C48A2
:103E100003F0AAFC00280CD001200021404201F050
:103E20003BFA002001F0D8FC0028F5D1044803F04B
:103E30006BFC10BD01225242024BE8E740420F00EA
:103E400010DB0120FFFFFF7F10B5024B1878FCF755
:103E500003FD10BD37DB012070B51A4B1B68002B2A
:103E600024D0EFF3108272B6100019680029FCD03C
:103E7000BFF35F8F13494A60134B00221A700B681F
:103E8000BFF35F8F1A6080F31088002200231400B4
:103E90001D000E4B1878FCF7BBFC00280CD100224B
:103EA000002314001D002000290070BDFA2292009A
:103EB000002314001D00ECE7044B1878FCF7CCFC41
:103EC000F1E7C046E4D8012038DB012037DB0120D0
:103ED000F0B585B0070015001E000CAB1C78FDF78F
:103EE00007FC2A00330012184B41002B09DB029417
:103EF0000B9901910A9900913800FDF711FA05B06C
:103F0000F0BD01225242014BF1E7C046FFFFFF7FA7
:103F1000F0B5C64600B584B080460F0016001D00FF
:103F20000AAB1C78FDF792F902940195009642467F
:103F30003B00FFF7CDFF04B080BCB846F0BD0000E9
:103F400010B582B02148002103F0CEFB00281DD11E
:103F50001F4B1B68002B17D0EFF3108272B61000B6
:103F600019680029FCD0BFF35F8F194B5A60194ABA
:103F70001178012414701B68BFF35F8F00221A6050
:103F800080F31088002917D002B010BD0120002155
:103F9000404201F081F9002001F0F6FB04000B48DB
:103FA00003F0B2FB002CEFD00B4B1B68002BEBD0C7
:103FB0000A4A10689847E7E7094A0123009300235B
:103FC000FA2080000021FFF7A3FFDDE710DB0120CE
:103FD000E4D8012038DB01206CD4012074D4012006
:103FE000593E001010B582B0D0231B061C68FDF7A7
:103FF0002DF9FDF70DFAA04230D1274B1B78002197
:10400000002001F0BDFE254B1B68002B2CD00120A9
:10401000FCF7BAFE224C20702249FF231840FCF71F
:1040200039FC20780121FCF70DFC0520FCF724FC6D
:10403000041E1DD00120FCF749FB01001A4B18009B
:10404000FCF700FF194900220520FCF74FFC184837
:104050000121FFF73FFD200002B010BD154B164AAD
:104060001648C821FFF726FC0C48FCF7A9FECEE74E
:104070000D4808220021FEF71DFB114A0123009381
:104080000023FA2080000021FFF742FFC443E40F21
:104090000028E0DBDBE7C046A091001010DB012028
:1040A00037DB0120413F0010E4D80120493E0010D9
:1040B000B80C0020687D0010348B0010E0820010E6
:1040C000593E001010B5002001F044FB10BD000067
:1040D00070B504000D00FFF7F5FF00282BD000207D
:1040E00001F052FB002826D0FDF702FB194A0023FD
:1040F00012184B41002B1ADB174803F035FB002840
:1041000019D0FFF7DFFF002804D0002001F03CFBAE
:10411000002814D101200021404201F0BDF8032302
:104120005B421C000C4803F0EFFA200070BD012236
:1041300052420A4BE0E703235B421C00F5E72A00EA
:104140002100002001F02CFB041EEBD103235B4275
:104150001C00E7E740420F0010DB0120FFFFFF7F5C
:10416000F0B583B005000C00FDF7C2FA314A002318
:1041700012184B41002B06DB2F4803F0F5FA0028FC
:1041800005D103B0F0BD012252422C4BF4E7FFF7FA
:1041900099FF00284BD12A4B00200021186059605C
:1041A000254803F0B1FAECE701200021404201F07C
:1041B00073F8002001F010FBFFF784FF0028EFD018
:1041C000002001F07FFB00281FD0A642E8DAA71BE1
:1041D000002001F077FB0200874200DC3A00002A51
:1041E000E2D0A919002001F049FB070001200021BD
:1041F000404201F051F8002001F0EEFAF619FDF707
:1042000077FA0F4B18605960DFE7FDF771FA0190FC
:104210000F000B4B186859680A4A002312184B41CB
:104220009F42BDD8D1D101999142CED9B8E700269D
:10423000CBE7C04640420F0010DB0120FFFFFF7FAD
:10424000800E002020A1070000487047B08B0010AE
:10425000004870475C8B001010B50400154B1B78AC
:10426000002B0ED0002C11D1134B144A5A8001237D
:1042700001335B009BB21048C022920013430380BD
:1042800010BD0C48112100F025F8EBE7052C0ED8E5
:104290000B4BA400E4580023122BE9D8E15C002961
:1042A000E6D00133044A58008152DBB2F4E7002023
:1042B000E6E7C04620DB0120A8D401200904000065
:1042C000448B001010B5024800F030F810BDC04615
:1042D000FCD8012010B50C1E01D0002308E00F4BC4
:1042E0000F4A10483B21FFF7E5FA3732C254013339
:1042F000621E9A420ED90F2B0CD85A080A49895CC3
:1043000001229A43920011410F220A40092AECDC53
:104310003032EBE7C0180023037010BD7883001023
:10432000C48B001080830010FCD8012070B588B0C9
:10433000040004AD0D2200212800FEF7BBF90D2278
:1043400000216846FEF7B6F94B232B7000230D229F
:104350006946280003F0F8F9002304E05A1D694675
:104360008A5CE2540133072BF8DD08B070BD70475A
:10437000014B00221A70704736DB01204B79FF2B6E
:104380000CD18B79002B09D1CB79012B06D1082ACE
:1043900004D98A78024B1A70092000E00020704787
:1043A00036DB01200120704710B5012901D0012022
:1043B00010BD117953791B020B43114909788B42C7
:1043C00001D00020F4E75378012B07D0022BF8D15D
:1043D000642200210020FDF7C3FBE8E79178D37841
:1043E0001B021943DB0506D50A06D20F480A032330
:1043F0001940FDF70DFC002201204042F7E7C046BE
:1044000036DB0120004870479C8C001010B504007A
:104410001000012911D15378012B05D1127943796C
:104420001B021343072B01D0002007E0044AA623F8
:104430000100200001F066F800E0012010BDC04638
:10444000F48B00100123037000487047C08C0010EB
:1044500010B50A784B781B0213438A7812041A436A
:10446000CB781B0613439622D200934200D010BD96
:104470000120002211004042FDF7CAFB70B50E007A
:1044800015007F230340C1092B4A5C00A4468C44DD
:1044900064466401A44662449070C043C0B2C0093F
:1044A00050700020D0701683D57601291ED0DA0016
:1044B000224884469444204A58004018400112186B
:1044C000604690601C4A58004018400112189268DB
:1044D00000201060002B15D1174A5B005B185B01B0
:1044E000D31800225A60164ADA6070BDDA00154807
:1044F00084469444104A58004018400112186046FF
:104500009060DFE701290BD0581EC0000E4A944688
:104510006044094A5B005B185B01D2185060E4E715
:10452000581EC000094A94466044034A5B005B1869
:104530005B01D2185060D8E7DCD401208400105011
:1045400000011050800010500C0010500800105056
:1045500010B5038B3F339B099901C27E022A08D014
:10456000084A1368C3605B181360074A934202D875
:1045700010BDD901F4E7054B054A06485221FFF763
:1045800099F9C046E0D80120FF0F1050E8850010CF
:10459000108D00102C860010F8B57F240440C5094A
:1045A00063005B195B010F4EB44663441E00FFF7C6
:1045B00065FF002C00D1F8BD0A4B6400641964014A
:1045C0001C19218B3000FFF7C3FFE37E9B06E168D7
:1045D000054A4A401343802212061343626813605F
:1045E000E9E7C046DCD401200000105010B50300FC
:1045F0007F201840DB099C46400060444001024B8C
:10460000C01800F02FF910BDDCD4012010B500282F
:1046100004D101210520FCF715F910BD034B044A14
:1046200098210448FF31FFF745F9C046A8860010DD
:10463000008D00102C86001010B5002805D1002236
:1046400000218020FFF7D2FF10BD034B034AA221B7
:104650000348FF31FFF72EF9A8860010F08C0010F8
:104660002C860010024B80225202DA647047C0464A
:104670000020115070B5041E27D100F0D1F8164D5E
:104680000C23AB671549FF220520FCF72FF91448CE
:1046900040220021FEF70EF8002240210020FFF703
:1046A0007BFF002240218020FFF776FF03F064F8B3
:1046B00001232B6480239B05EB649023094AEA5075
:1046C0002000FFF7CFFF012070BD074B074A642190
:1046D0000748FF31FFF7EEF800001150A104002059
:1046E000DCD4012010D00100A8860010248D001019
:1046F0002C860010044B1970002904D0034A902323
:1047000080218902D150704732DB012000201150F6
:104710000B78DA0605D160221A4202D14B78052BBC
:1047200000D070478A78CB781B021343FF221340D6
:10473000014A1360F5E7C0460000115010B5CA7871
:104740009207920F012A0AD088780B7949790902D9
:1047500019434905490DFFF71FFF012010BD002037
:10476000FCE710B503F008F810BD000010B5844652
:10477000080011001A006346002B03D1FFF736FF33
:10478000012010BD034B044A812104488900FFF732
:1047900091F8C046A8860010E08C00102C8600100E
:1047A00010B57F23180008400B4205D1CB09012B1F
:1047B0000ED00222074B9A66C909400040184001FA
:1047C000054BC01880221201002102F095FF10BD98
:1047D0000122EFE700201150DCD4012010B57F2228
:1047E000100008400A4200D110BDC909400040181D
:1047F0004001044BC0180023C3700022024902F09C
:104800007BFFF1E7DCD40120FFF7FFFF04E00A782B
:104810000270013101301A00531E002AF7D170478F
:1048200010B580235B040A4A13600A4A13600A4BDE
:104830001A6880235B049343F9D18022520100213E
:104840000648FDF737FF064B09225A6710BDC046E0
:1048500000E0004000F0004008C0004000001050A0
:104860000000115070B504000D001600837E002B6F
:1048700017D1A6820023E3820133A37625612000AD
:1048800002F02AFF002804D00C4A902380218902DC
:10489000D150200002F040FF00280AD001232377E6
:1048A00070BD81780648FFF773F9200002F074FFAD
:1048B000DFE7200002F078FFF2E7C0460020115049
:1048C000A487001070B50500002408E0E31A5B011E
:1048D000144A9B18DB68280098470134E4B2124B55
:1048E0001B78A3420CD3F1D9104B1B6862019B18B3
:1048F000002BEFD10E490F480F4AFFF749F910E09E
:104900000E4C542200212000FDF7D4FE201D102261
:10491000FF21FDF7CFFE200014302022FF21FDF7FC
:10492000C9FE70BDA08E001031DB01209CD001209B
:104930006C8E0010DC870010250200004CD2012094
:1049400010B5FFF7BFFF00F029FE10BD70B50600DF
:104950000C001500486900F02BFE63692A00012154
:104960003000984770BD0000F0B5DE4657464E4611
:104970004546E0B583B081460139C8B2FFF768FC0F
:10498000002803D043789B46022B0CD04C494D485D
:104990004D4AFFF7FDF8002003B0F0BCBB46B2461D
:1049A000A946A046F0BDC5796C110122474B1440C1
:1049B000240119781026B14321431970AD112A4002
:1049C0005201C9B22024A1430A431A7006000936D5
:1049D0008278C3781B021343C3189A4658E0F378D1
:1049E00098463378F6185AE035493648384AFFF782
:1049F000CFF8D0E72C1B6401364BE41823693A004A
:104A00003100484698470190082801D9874212D2C0
:104A10000135EDB2304B1C78AC4235D3EAD92F4B7F
:104A20001C686B01E418002CE8D1254925482C4A64
:104A3000FFF7AEF8AFE74346012B10D000229045B8
:104A400019D9B3789B18DBB22049C9180979FF2915
:104A50000BD11E49CB181D710132D2B2EFE722698A
:104A6000204B9A42EAD1D846E8E7154915481E4A34
:104A7000FFF78EF88FE71D482B00019C22003100C4
:104A800001F052FAA4466644134B1B78AB420ED396
:104A9000564513D273780B2BA1D001239846737817
:104AA000042BA1D153469F1BBFB20025B2E785223C
:104AB00003490448D200FFF76BF86CE701206BE76D
:104AC000408E0010DC870010D60300004CD201207D
:104AD000F1030000A08E001031DB01209CD00120EA
:104AE000FA0300003D5A00101904000060D20120B2
:104AF00070477047002070470020704770B5050070
:104B00000C008878CB781B021A0A13000F2A12D8DF
:104B1000920029498A589746FFF796FB021E05D056
:104B200012232100280000F0EDFC05E02349244871
:104B3000244AFFF72DF8002070BDFFF763FC021E2A
:104B4000F9D08178C3781B020B432100280000F0C4
:104B5000D9FCF1E7022B0CD0FFF7CEFF021EEAD002
:104B60009178D3781B020B432100280000F0CAFC87
:104B7000E2E7FFF76DFB021EF2D110491048124A1E
:104B8000FFF706F8D7E72379617909021943FFF7A0
:104B900063FB021ECFD003782100280000F0B2FC96
:104BA000CAE7FFF7A7FF021EC5D00378210028003F
:104BB00000F0A8FCC0E7C046408D0010288E001011
:104BC000DC8700103A040000610400007047704761
:104BD00070477047024B5878431E9841C0B27047E7
:104BE0004CD20120024B18784007C00F7047C046D6
:104BF0004CD20120034B1878FF38431E9841C0B2B5
:104C00007047C046EC0C0020F8B506000C000F0001
:104C1000FFF7F0FF051E45D1002C21D02C4854226F
:104C20000021FDF747FD2B4B00221A702A4C200073
:104C3000FCF7C6F8294B1C60294C2000FCF70CF946
:104C4000143C200001F0DBFB264B1C60264B002BA4
:104C500004D02648FFF7F6FB254B1860002410E02F
:104C6000E922244924485200FEF792FF1AE0E31A91
:104C70005B01224A9B185B68002B0DD098470134DA
:104C8000E4B21A4B1B78A3420ED3F0D9184B1B6821
:104C900062019B18002BEED1F822164916485200EB
:104CA000FEF776FF2800F8BD154B1E703900300066
:104CB000FFF7E0FC051E03D03000FFF7A7FCF1E78B
:104CC000FC220C490C485200FEF762FFEAE7C0469E
:104CD0004CD2012033DB012044D20120A0D201209C
:104CE000E40C0020A4D201204544001031DB012057
:104CF0009CD00120908E0010DC870010A08E001048
:104D0000EC0C002070B50C00114B1B781E008B784A
:104D100070221A420DD10F4B9978200001F0BAF899
:104D2000051E0ED021003000FFF708FD0500280009
:104D300070BD094909480A4AFEF72AFF00231D00F1
:104D4000F5E705490548074AFEF722FFEFE7C046A9
:104D5000EC0C00204CD20120F88D0010DC870010F4
:104D60000B0500000C050000F8B5CE46474680B59F
:104D700080460C0016009946002516E01749184891
:104D8000184AFEF705FF00273800C0BCB946B046F8
:104D9000F8BD9D2211491248D200FEF7F9FEF3E753
:104DA000099A13702378E4180135AE4214DD637854
:104DB000052BE3D1E1788907890F4945DED1210030
:104DC0004046FFF79FFF071EE3D0A378DA09012AC8
:104DD000E6D0089A1370E5E70127D5E7088E0010A2
:104DE000DC870010E704000010B57F200840C909E7
:104DF000400040183030044BC0180430034B196891
:104E000000F0FCFF10BDC0464CD20120A0D2012012
:104E100010B57F200840C909400040183030044BCD
:104E2000C0180430034B196801F013F810BDC046D8
:104E30004CD20120A0D20120F0B583B00193194BD0
:104E400018787F240C40CD09174B6600B4466344A4
:104E50005B1930331B79DB071CD4134B6600B44657
:104E600063445B1930331E7901273E431E71019B59
:104E7000FFF77CFC002813D10B4B64001B195B1956
:104E800030331A7901218A431A711A7903318A431E
:104E90001A7105E005490648064AFEF779FE00202A
:104EA00003B0F0BDEC0C00204CD20120E88D0010C6
:104EB000DC8700103905000070B50A4B18787F2494
:104EC0000C40CD09FFF76CFC074A640013195B190D
:104ED00030331A7902210A431A711A7901210A43DF
:104EE0001A7170BDEC0C00204CD2012070B50A4B39
:104EF00018787F240C40CD09FFF770FC074A640046
:104F000013195B1930331A7902218A431A711A79FD
:104F100001398A431A7170BDEC0C00204CD201207B
:104F20007F220A40C909044B52009B185B1830339A
:104F300018798007C00F70474CD20120F0B5C646E3
:104F400000B584B001900C00002000F031FB237804
:104F500060221A40602A17D0402A22D02378DB062C
:104F6000DB0E012B00D1D1E0022B00D113E1002B8D
:104F700010D1202A1FD0002A0CD16378092B09D820
:104F80009B00BC4AD3589F465532BB49BB48920050
:104F9000FEF7FEFD00231D00280004B080BCB846CB
:104FA000F0BDB74800F004FB220001210198FFF793
:104FB0002DFA0500F0E7227963791B0213430F2ACB
:104FC000E8D8B04AFF210B40D2181379AE4A1278C4
:104FD000934206D2AD4A11685B01C918002906D177
:104FE000D8E79342D6D89B1A5B01A94959182200E9
:104FF0000198FFF7ABFC0500CEE7200000F0DEFAD9
:10500000A1780198FFF718FB9E4A137802210B4301
:10501000137006E19B4B5B7802AA063213700123E2
:105020002100019800F06EFAFBE0A2789046954BC3
:105030005B7893422BD0934B5B78002B0CD1914B38
:1050400041465970002920D00198FFF78DFC051EBC
:1050500011D0FFF7BBFD1AE00021019D2800FFF7EA
:1050600049FB2800FFF77DFB864EB7782800FFF745
:1050700029FCB770E3E7C9227F4980489200FEF718
:1050800087FD804B00225A7086E7FFF7A0FD2100C4
:10509000019800F023FAC4E021000198FFF72EFDEB
:1050A000050079E7A278E3781B021343012B00D0B7
:1050B00070E7744A137808210B431370210001989C
:1050C00000F00CFAADE0A278E3781B021343012B49
:1050D00000D05FE76B4A137808218B4313702100DF
:1050E000019800F0FBF99CE0664B1A785109920890
:1050F0000223134001220A40134302AA06321380FE
:1051000002232100019800F0FDF98AE022796379F9
:105110001B0213430F2A00D93CE75A4AFF210B40D8
:10512000D2181379584A1278934222D2574A1168FA
:105130005B01C918002900D12CE722000198FFF774
:1051400005FC051E00D027E7237860221A4200D014
:1051500022E763780A3B012B00D91DE7002000F00D
:1051600027FA63780A2B0CD02100019800F0B6F9D9
:1051700057E0934200D90DE79B1A5B014449591847
:10518000DBE702AB9A1D0023137001332100019865
:1051900000F0B8F945E021797F200840CB099C4612
:1051A00070230B4218D1374B40001B1863441B7D02
:1051B00035480078834215D2344800685B01C31833
:1051C0001D00002A19D0291E00D1E3E62200019813
:1051D000FFF7BCFB0500DFE6274928482D4AFEF70C
:1051E000D7FCD7E6834205D81B1A5B0128481B1859
:1051F0001D00E6E700231D00E3E76378012B13D0D1
:10520000032B11D0002B00D0C4E6019D2800FFF72E
:1052100087FE02AB9A1D108002232100280000F0B7
:1052200071F901231D00B7E6A078E278120202436B
:1052300004D1012B1AD00198FFF73EFE002DF0D0CB
:10524000220029000198FFF781FB002000F0B0F94F
:105250000C4B35229B5CDB07DA0F1500002B00D0CE
:105260009AE62100019800F039F9DAE70198FFF792
:105270003DFEE3E79C8D0010548E0010DC8700108B
:105280000D4400104CD2012031DB01209CD00120C4
:10529000A08E00109503000030B585B0FFF7AAFC82
:1052A000002808D105B030BD01AC2078FFF748FBDD
:1052B0002279624B9A70624B1C686269EFF310812D
:1052C00072B61368002BFCD0BFF35F8FA16101A9F8
:1052D000200001F03AF86269A369BFF35F8F0021F3
:1052E000116083F310880028DCD001AB5B78082BB9
:1052F000E1D89B00534AD3589F4601AB1878FFF77B
:105300001FFBFFF764FCD6E74F4B1B78002B2CD01C
:105310004D4B1A78013A1A701B78002BCBD1474BB2
:105320001A78012401210A431A703422995CA1439E
:105330009954995C0420814399540132995CA143AA
:105340009954995C8143995401AB187802A9FFF7ED
:10535000F5FD0028AFD101AC20780021FFF720FA3D
:1053600020788021FFF71CFAA5E738493848394AE8
:10537000FEF70EFC96E701AB19797F220A40CC09B3
:105380002E4B50001B181B19303318790125A843E8
:10539000187118790335A8431871002A15D0274BC6
:1053A00052009B181B191B7D2B4A1278934213D273
:1053B0002A4A12685B01D318002B14D09C6901A8FB
:1053C0004279039B0078A04775E701A84279039BC7
:1053D000007800F001F96EE7934204D89B1A5B0154
:1053E0001F4A9B18EAE7A422184919489200FEF7C1
:1053F000CFFB57E7114B1B78DB0700D45BE70F4B64
:1054000018780007C00FFFF7E3FB54E70B4B1B783E
:10541000DB0700D44FE7FFF7DCFB4CE7029B002BD8
:1054200000D148E70398984745E7044BDB78DB0752
:1054300000D440E70298FFF75CFB3CE74CD2012028
:10544000A4D20120C48D001033DB0120808E001017
:10545000DC8700106502000031DB01209CD00120B8
:10546000A08E001010B50023CB56002B05DB802149
:1054700000230022FFF7E0FC10BD0021F8E7000048
:10548000F8B50700134B9E89DD89731B9BB21C1C6A
:10549000402B00D94024A4B20E4B1B785BB2002BEA
:1054A00008DB0021AE4211D00B4A23003800FFF781
:1054B000C3FCF8BDAE4207D0064B9968402C07D814
:1054C00005482200FDF7FCF88021EBE70022ECE71D
:1054D0000020EEE72CD20120ECD1012070B50600AF
:1054E0000D00074C08222000FDF7EAF80023A36016
:1054F000E381A38129003000FFF7B4FF70BDC046EF
:105500002CD20120F0B5C64600B580460C0017002D
:105510001E001F4D08222800FDF7D2F8AF600023BF
:10552000EB81A379E179090219430B1CB14200D93F
:10553000331C99B2164A9381A279E3791B02134373
:1055400019D0002901D0002F08D04046FFF798FF5E
:10555000041E0AD0200080BCB846F0BD0D490E489C
:105560007222FEF715FB0024F4E70A490A48742268
:10557000FEF70EFBEEE721004046FFF773FF041E27
:10558000E8D1044904487622FEF702FBE2E7C04670
:105590002CD20120D88E0010DC87001010B50348F3
:1055A00014220021FDF786F810BDC0462CD2012040
:1055B000014B18617047C0462CD2012010B5010084
:1055C000044C08222000FDF77BF80023A360E38150
:1055D000A38110BD2CD2012070B505001A001C005B
:1055E000C909324B1B78DB098B4219D0002A08D03D
:1055F0002F4930489D22FEF7CBFA00231C002000E3
:1056000070BD2A4B1C001900FFF782F82369002B9C
:1056100003D0264A03212800984701231C00EEE707
:10562000224B1B785BB2002B06DB204B98680028CE
:10563000E3D02149FDF744F81C4AD389A1B25B1895
:105640009BB2D3819168A44661449160D288934211
:1056500001D03F2C1ED8154B1B69002B05D0134AD7
:1056600002212800984700280BD010492800FFF796
:10567000F9FE041EC3D10E490E48C522FEF788FA72
:10568000BDE700212800FFF78BF880212800FFF7F5
:1056900087F8C2E72800FFF7F3FE041EAFD10449E4
:1056A0000448CD22FEF774FAA9E7C0462CD20120A7
:1056B000C08E0010DC870010ECD1012070B5050011
:1056C000FFF788FA041E01D1200070BDFFF78AFAA7
:1056D000041E38D11D4BC8226A439B18DB78002B6F
:1056E000F2D013001033194A9B181E00180000F066
:1056F00018FE3F28E8D9154BC8226A439B18D97871
:105700000020FFF771FB002801D10400DCE7300026
:1057100000F007FE3F280DD9EA010D4BD2180B4BC4
:10572000C82169435B18D97840230020FFF784FB28
:105730000400C9E7054BC8226A439B18D9780020AA
:10574000FFF766FBC0E70024BEE7C04624D1012076
:10575000A0D0012010B50400FFF73CFA002801D1C9
:10576000002010BDFFF73EFA0028F9D1054BC822F2
:1057700062439B181B79DB0701D50120F1E700206C
:10578000EFE7C04624D1012010B5C82343431033AE
:105790000248181800F099FD10BDC04624D1012020
:1057A00070B50400C8206043030010330748181880
:1057B000074B9A4208D892B200F0E5FD05002000A0
:1057C000FFF77CFF280070BD024AF5E724D10120D5
:1057D000FEFF0000FFFF000070B50400FFF7FAF9BC
:1057E000002801D1002070BDFFF7FCF90028F9D195
:1057F000C823634320331D4A9B1804331D0018003F
:1058000000F063FD0028EDD0184BC82262439B18BE
:1058100099780020FFF7E8FA0028E3D0E30140334D
:10582000134A9A18160040223100280000F0ABFD00
:10583000051E13D00D4BC82262439B1899780300B4
:1058400032000020FFF7F8FA002801D02800CAE74C
:1058500008490948D522FEF79BF9C3E7034BC82244
:1058600062439B189978FFF7D3FABBE724D1012054
:10587000A0D00120088F0010DC87001070B5060052
:10588000C824444320340C4BE41804340B4B9A4294
:105890000BD892B2200000F0ADFD0500200000F012
:1058A00014FD3F2803D8280070BD054AF2E73000F8
:1058B000FFF792FFF7E7C04624D10120FEFF00006A
:1058C000FFFF000010B5C82358432030024BC0181A
:1058D000043000F026FD10BD24D10120F0B5C646ED
:1058E00000B582B02448C8220021FCF7E3FE234B18
:1058F00000221A700027002F03D002B080BCB846E7
:10590000F0BD1D4EC8247C433519FF236B71E12384
:105910005B02AB6000222A736A730823AB73210019
:10592000383189192000103080190092073B40322D
:1059300000F08CFC2100783189192000203080197A
:10594000043001230093402200F080FC2300B83390
:105950009B1998461800FBF733FAC034A4192000AD
:10596000FBF72EFA0022EA6143462B622C636A633E
:105970000137FFB2BFE7C04624D1012020D101206A
:105980000023002B01D00120704719000E4AC820C7
:1059900058431218106A126B9446002806D00A4A1F
:1059A000C820584312180020D06110626246002AB5
:1059B00006D0054AC82041435218002111635163A3
:1059C0000133DBB2DDE7C04624D1012070B50024ED
:1059D000002C00D070BD2500C8206043154BC018B6
:1059E00005220021FCF766FE134B1B78DB070FD561
:1059F000114B1B789B0713D5C820684320300D4BF3
:105A0000C0180430012100F019FD0134E4B2DFE7D1
:105A1000C82060431030074BC01800F0F0FCE7E7E7
:105A2000C82068432030034BC018043000F0E7FC66
:105A3000E2E7C04624D1012020D10120F0B5C646BE
:105A400000B582B007004B79022B02D18B79022B73
:105A500012D00025280002B080BCB846F0BDC82393
:105A6000734331481B1898469B78002B08D03300AD
:105A70000133DBB21E0001E000231E00002EEED039
:105A8000002E06D18B78404603700C780C1909253E
:105A90000AE0422225492648FF32FEF779F8D8E786
:105AA00023785D19ADB2E4186378242B01D19542B7
:105AB000F6D9052B09D06378042B02D163790A2B20
:105AC00018D03000FFF7FAFDC4E721003800FFF7D7
:105AD00019F9002807D0A3784246537023785D193E
:105AE000ADB2E418E7E7542210491148FF32FEF73F
:105AF0004FF8AEE721784D19ADB261184246931CBC
:105B00000193D31C0093022302223800FFF72CF9E3
:105B1000002802D00E35ADB2D3E7B12203490448C4
:105B20005200FEF735F894E724D10120FC8E0010D6
:105B3000DC87001070B506000D001100127860239C
:105B40001340202B10D0002070BDC82363433A4A75
:105B500098188446D25C08794B791B0203439A4219
:105B600005D00134E4B200E00024002CEDD0002C7C
:105B7000E9D14B78222B36D008D8202B17D0212BF7
:105B8000E1D12B00012D27D00120DDE7232BDAD135
:105B9000012D4CD0032DF7D1284B002BF4D08B785E
:105BA000C97809021943200000E000BFECE72B0090
:105BB000012D0AD0032DE7D1214B002BE4D0614603
:105BC00008312000FEF744FCDEE762460832063367
:105BD0003000FFF797FCD7E7624608320633300003
:105BE000FFF790FCD0E7012D1DD0032DCCD18A7892
:105BF000CB781B021343012215001D4059080A40AF
:105C000016006246137101216940C9B26046243012
:105C100000F014FC0B4B002BB6D032002900200002
:105C200000E000BFB0E73000FFF758FCACE7300001
:105C3000FFF754FCA8E7C04624D101200000000073
:105C40005144001000000000F0B5CE46474680B534
:105C500083B001900E0000930024002C0FD0002C84
:105C60001AD1A046EB78B3421ED0AB78B34255D0E0
:105C70000124200003B0C0BCB946B046F0BDC82521
:105C80006543384BED18EB78B342E8D0AB78B342BC
:105C9000E5D00134E4B2E0E7E6223349334852006C
:105CA000FDF776FF0024E4E710239C46AC446046F1
:105CB000E146E1012E4BC9186B461A8800F09AFBA9
:105CC0002C4B002B1AD06B79FF2B17D0002700E04C
:105CD0000137009B9F4211D26A79254B4146C90189
:105CE0005B18DB5D9A42F3D1484600F001FB0028C7
:105CF000EED16979200000E000BFE9E71E4B002BE0
:105D000004D0484600F0F4FA002803D02000FFF742
:105D1000D5FCAAE7200000E000BFF7E7174B002BF7
:105D200002D0200000E000BF2000FFF755FD002852
:105D30009ED12800243000F0C8FA002898D1009B9A
:105D4000002B95D09B0693D1A9780198FFF74CF8CA
:105D5000041E00D18CE7A978002300220198FFF7E8
:105D60006BF886E724D10120EC8E0010DC87001050
:105D7000A0D0012000000000000000000000000092
:105D800010B582B000290BD001281DD80B78002B4C
:105D90001AD0174A1354012B20D001231C001AE0FB
:105DA00001A901230B7000234B700020FEF72CFF8C
:105DB000041E03D00E4B01221A700CE00D490E4850
:105DC0004722FDF7E5FE06E00A490B485A22FDF797
:105DD000DFFE00231C00200002B010BDFEF714FF00
:105DE000041EF8D1034904485F22FDF7D1FEF2E713
:105DF00040D20120348F0010DC87001070B5040001
:105E00000A000D000378DB07D80F002B1FD1237881
:105E10005B07D90F0E00002B1ADB0121494210004D
:105E200001F0B2FC2378DB07DA0F002B08D12378CE
:105E30005B070AD4237804221343237001231E0036
:105E4000280001F061FC300002E01600F8E70020B5
:105E500070BD70B5040006000A000D000121494222
:105E6000100001F091FC23785B07DA0F1400002B7F
:105E700004DB280001F048FC200070BD3378DB070C
:105E800004D43378042293433370F2E700231C00D8
:105E9000EFE7000010B5027943791B0213435B055D
:105EA0005B0DC2789207920F022A14D0032A27D0E2
:105EB000012A0ED1022904D0184A9A4204D30120A3
:105EC00010BD8022D200F8E715491648D122FDF70F
:105ED0005FFE0020F4E7022907D0402BEFD91049DC
:105EE0001048DB22FDF754FEF3E780229200934234
:105EF000E5D00B490B48293AFF3AFDF749FEE8E7A0
:105F0000022908D040229A42D9D205490548E12207
:105F1000FDF73EFEDDE78022D200F4E7FF0300003C
:105F2000208F0010DC87001010B584461C008B18F1
:105F300001E00A78891899420AD24A78052AF8D1EC
:105F400088787A32024052006244C0091454F0E763
:105F500010BD03008A1890B2814202D85A009042C4
:105F600003DB5B009BB2C01A80B2704770B50E00B5
:105F7000140081889A420BD3D21A92B2002A20D000
:105F8000914211D2A1420AD8641AA3B243810BE014
:105F9000D21A92B24D00AC46624492B2EEE70C19AE
:105FA000A3B2F3E75B1A9BB29942FBD90168C2889E
:105FB0005204520C5343C9183000FCF781FB0120F6
:105FC00070BD0020FCE7F8B5CE46474680B504001A
:105FD0000F00180008AB1B789C46A388191A89B2D9
:105FE000C31AD3189BB2E5886D046D0C0E006E4386
:105FF000B6B2B0466B439BB29946236868431B1800
:106000006646002E06D1914208D36A431900380033
:10601000FCF756FBC0BCB946B046F8BD4646320058
:1060200019003800FCF74CFB2168380040444A4610
:10603000FCF746FBEEE7F0B5C64600B582B00E00B1
:106040001700190008AB1B8809AA127894468288A9
:1060500099420FD3CC1AA4B2002C1FD0A24205D271
:106060008A420ED88B1A9BB243811400BC420DD3D6
:106070003C000BE0CC1AA4B25500A8464444A4B29C
:10608000EAE751188BB2EFE79B1A9BB29A42FBD911
:106090006246009222003100FFF795FF200002B017
:1060A00080BCB846F0BDF0B583B004000D0016000A
:1060B0001F000069002803D00121494201F064FB60
:1060C0002389628901970092320029002000FFF79E
:1060D000B2FF020005006189A088FFF73AFF6081E6
:1060E0002069002801D001F00FFB280003B0F0BDAB
:1060F000F8B5CE46474680B504000F00190008AB3E
:106100001B789C468388581A80B2CB1AD3189BB24E
:10611000E5886D046D0C06006E43B6B2B0466B4365
:106120009BB29946236869435B186646002E06D1E8
:10613000904208D36A4339001800FCF7C1FAC0BC8A
:10614000B946B046F8BD4646320039001800FCF7A3
:10615000B7FA2068390041444A46FCF7B1FAEEE745
:10616000F0B585B004000391151E029300D16BE0D9
:10617000C068002803D00121494201F005FB2789AE
:106180006189E379DB0918D1A3888F420FD3791A8B
:1061900089B28B4256D95B1A9BB22E1C9D4200D904
:1061A0001E1CB6B2002E45D0A2883B0033E0791AFF
:1061B00089B25A00891889B2EBE7A688AE420ED898
:1061C000029B002B21D1AB1BE5886D046D0C5D4358
:1061D000039B9C46AC44634603930F00E2E78F4267
:1061E0000DD37B1A9BB25B19720093420FDB721BBB
:1061F00092B23000FFF7ADFE07002E00D2E77B1A07
:106200009BB272009B189BB2EDE70F00CAE72E000D
:10621000C8E79B1A9BB29A42FBD9029A00923200BD
:1062200003992000FFF764FFA08832003900FFF7D0
:1062300090FE2081E068002801D001F065FA30006E
:1062400005B0F0BD0026F5E71600F8E7F0B5C64644
:1062500000B504000D0016001F0006AB1B78984621
:1062600080231B029A422ED8C068002803D0012147
:10627000494201F089FA2069002803D001214942EE
:1062800001F082FA2560A6807A04520CE388DB0BC9
:10629000DB031343E3804346DA01E1797F230B40BC
:1062A0001343E371002363812381E068002801D058
:1062B00001F02AFA2069002801D001F025FA012016
:1062C00080BCB846F0BD0020FAE782880389418986
:1062D0008B4207D35B1A9BB2101C9A4200D9181C40
:1062E00080B270475B1A9BB251005B189BB2F3E718
:1062F00003894089181A43425841C0B270478188C7
:1063000003894289934206D39B1A9BB200208B4299
:106310004041C0B270479B1A9BB24A009B189BB287
:10632000F4E78288038941898B4206D35B1A9BB2CA
:106330009A4208D9D01A80B270475B1A9BB25100BA
:106340005B189BB2F4E70020F6E770B504000D007F
:106350000069002803D00121494201F015FA228981
:10636000638929002000FFF701FE02000500618912
:10637000A088FFF7EEFD60812069002801D001F0C0
:10638000C3F9280070BD10B50023FFF78CFE10BDC7
:10639000F8B504000F00C068002803D0012149426D
:1063A00001F0F2F923891E002000FFF7A8FF002862
:1063B00002D0E579ED0916D0A288330001E09B1ADE
:1063C0009BB29A42FBD92068E2885204520C534394
:1063D000C0183900FCF774F9A08801223100FFF7DA
:1063E000B8FD20810125E068002801D001F08CF97A
:1063F0002800F8BD10B50023FFF7B2FE10BD10B5A0
:106400000400C068002803D00121494201F0BCF912
:106410002069002803D00121494201F0B5F9002389
:1064200063812381E068002801D001F06DF92069C3
:10643000002801D001F068F9012010BD70B50400FA
:106440000D00C068002803D00121494201F09CF9E9
:106450002069002803D00121494201F095F9EB01A0
:10646000E2797F2111401943E171E068002801D0F1
:1064700001F04AF92069002801D001F045F9012016
:1064800070BD0000074B98420AD0102301229A40A9
:10649000054B1A60054B1B6811009943FAD17047F0
:1064A0001123F3E70000044000F0004008C0004062
:1064B000F8B5DE4657464E464546E0B581460E00E5
:1064C0000620FBF771FA80464B465A6802231A40B1
:1064D00092464A4604329346224A4A4413600224B2
:1064E00000E00234FE2C1AD80025200232000023DE
:1064F0000021FCF771F8002903D1A942F1D14045F0
:10650000EFD980277F00012F0CD97D1E2100694320
:106510004046FBF7CBFCB04204D82F00F3E78027BE
:106520007F00F0E74B461C617A1E12021B685A403E
:10653000FF231B021A4080235B014B441A605B4619
:10654000802292019446634452461A6039006143A6
:106550004046FBF7ABFCF0BCBB46B246A946A046A2
:10656000F8BDC0460430000070B504000D00164BA5
:10657000984226D0102201239340144A1360200031
:10658000FFF780FF29002000FFF792FF62680223D7
:106590001A400F4961180B60216807254D40CF2133
:1065A000294080256D01AC46A4446546296009490F
:1065B00061180A60084A94466444032222600B6012
:1065C00070BD1122D7E7C0460000044000E0004043
:1065D000043000000420000024200000074B9842F3
:1065E0000AD0032301229A40054B1A60054B1B6811
:1065F00011009943FAD170470423F3E7F00C00200F
:1066000000F0004008C00040F0B5D6464F46464670
:10661000C0B504000D000520FBF7C6F906006808A8
:106620008019A8462900FBF741FC070043001A180F
:10663000914605211000FBF739FC05003A1A9246F5
:10664000254B42469A4237D8700080192349FBF700
:106650002DFC431CAA1E9A4235D322680021D16624
:106660002268106804314840023101408020400116
:1066700084466244116022685146D16122681562E5
:106680004A464F2A25D92D092168A0228D5022681B
:10669000D16F4B401B041B0C11498C4662441360A4
:1066A00023680122DA6639003000FBF7FFFBE0BC0B
:1066B000BA46B146A846F0BD700080190949FBF7FB
:1066C000F5FB431CC6E7084B084A09485D21FDF766
:1066D000F1F80125D8E7C0463F420F0080969800A8
:1066E0007C10000040787D01F4870010488F001076
:1066F0001488001070B504000D00114B98421DD095
:106700000322012393400F4A13602000FFF766FF26
:10671000002323712268D36622686621FF3111604D
:106720002268D36322689363226888336339FF3910
:10673000D15029002000FFF767FF70BD0422E0E779
:10674000F00C002000E000400123084A1360084AD2
:106750001360084B1A6801239343FAD1064B0122B8
:106760001A60054B1B68DB05FBD5704700E0004055
:1067700000F0004008C0004000C0044010B50121F6
:106780000D2000F094FE642000F08DFE00210D200D
:1067900000F08DFE642000F086FE01210D2000F047
:1067A00086FE0021092000F082FE642000F07BFEBE
:1067B00010BD000010B504000021082000F077FE95
:1067C0002100024800F07FFE10BDC04600000440DA
:1067D00010B504000121082000F069FE21000248E4
:1067E00000F071FE10BDC0460000044010B50B4B18
:1067F000187100280BD1F0225A801A80C8231C007F
:106800003620FFF7D7FF2000FFF7E2FF10BD034B54
:10681000F0225A801A8068231C00F1E788D00120FA
:1068200010B5EF20FFF7C6FFEB20FFF7C3FF1420E2
:10683000FFF7CEFFFE20FFF7BDFFEF20FFF7BAFF07
:10684000EB20FFF7B7FF1420FFF7C2FF8420FFF70C
:10685000B1FF4020FFF7BCFF8520FFF7ABFFFF2013
:10686000FFF7B6FF8620FFF7A5FFFF20FFF7B0FF79
:106870008720FFF79FFFFF20FFF7AAFF8820FFF781
:1068800099FF0A20FFF7A4FF8920FFF793FF21203B
:10689000FFF79EFF8A20FFF78DFF0020FFF798FF8C
:1068A0008B20FFF787FF8020FFF792FF8C20FFF7F8
:1068B00081FF0120FFF78CFF8D20FFF77BFF012078
:1068C000FFF786FF8E20FFF775FFFF20FFF780FFA1
:1068D0008F20FFF76FFFFF20FFF77AFFB620FFF74B
:1068E00069FF0020FFF774FF2020FFF771FF3620BB
:1068F000FFF760FF0820FFF76BFF3A20FFF75AFF12
:106900000520FFF765FF9020FFF754FF0820FFF7F1
:106910005FFF0820FFF75CFF0820FFF759FF082002
:10692000FFF756FFBD20FFF745FF0620FFF750FF9A
:10693000BC20FFF73FFF0020FFF74AFFFF20FFF7D3
:1069400039FF6020FFF744FF0120FFF741FF0420DB
:10695000FFF73EFFC320FFF72DFF1320FFF738FF9F
:10696000C420FFF727FF1320FFF732FFC920FFF7EE
:1069700021FF2220FFF72CFFBE20FFF71BFF112075
:10698000FFF726FFE120FFF715FF1020FFF720FF9C
:106990000E20FFF71DFFDF20FFF70CFF2120FFF780
:1069A00017FF0C20FFF714FF0220FFF711FFF02064
:1069B000FFF700FF4520FFF70BFF0920FFF708FF57
:1069C0000820FFF705FF0820FFF702FF2620FFF74A
:1069D000FFFE2A20FFF7FCFEF120FFF7EBFE43202D
:1069E000FFF7F6FE7020FFF7F3FE7220FFF7F0FED0
:1069F0003620FFF7EDFE3720FFF7EAFE6F20FFF7A6
:106A0000E7FEF220FFF7D6FE4520FFF7E1FE092062
:106A1000FFF7DEFE0820FFF7DBFE0820FFF7D8FEB9
:106A20002620FFF7D5FE2A20FFF7D2FEF320FFF73E
:106A3000C1FE4320FFF7CCFE7020FFF7C9FE722095
:106A4000FFF7C6FE3620FFF7C3FE3720FFF7C0FE74
:106A50006F20FFF7BDFEED20FFF7ACFE1B20FFF718
:106A6000B7FE0B20FFF7B4FEAE20FFF7A3FE7720A2
:106A7000FFF7AEFECD20FFF79DFE6320FFF7A8FED7
:106A80007020FFF797FE0720FFF7A2FE0720FFF711
:106A90009FFE0420FFF79CFE0E20FFF799FE0F20BB
:106AA000FFF796FE0920FFF793FE0720FFF790FE01
:106AB0000820FFF78DFE0320FFF78AFEE820FFF78E
:106AC00079FE3420FFF784FE6220FFF773FE182062
:106AD000FFF77EFE0D20FFF77BFE7120FFF778FEAB
:106AE000ED20FFF775FE7020FFF772FE7020FFF7B4
:106AF0006FFE1820FFF76CFE0F20FFF769FE712074
:106B0000FFF766FEEF20FFF763FE7020FFF760FEE1
:106B10007020FFF75DFE6320FFF74CFE1820FFF7A3
:106B200057FE1120FFF754FE7120FFF751FEF120B0
:106B3000FFF74EFE7020FFF74BFE7020FFF748FE78
:106B40001820FFF745FE1320FFF742FE7120FFF7E4
:106B50003FFEF320FFF73CFE7020FFF739FE702068
:106B6000FFF736FE6420FFF725FE2820FFF730FEF2
:106B70002920FFF72DFEF120FFF72AFE0120FFF765
:106B800027FEF120FFF724FE0020FFF721FE07205B
:106B9000FFF71EFE6620FFF70DFE3C20FFF718FEF4
:106BA0000020FFF715FECD20FFF712FE6720FFF74C
:106BB0000FFE4520FFF70CFE4520FFF709FE1020D1
:106BC000FFF706FE0020FFF703FE0020FFF700FEA0
:106BD0000020FFF7FDFD6720FFF7ECFD0020FFF729
:106BE000F7FD3C20FFF7F4FD0020FFF7F1FD00204A
:106BF000FFF7EEFD0020FFF7EBFD0120FFF7E8FDBA
:106C00005420FFF7E5FD1020FFF7E2FD3220FFF7EB
:106C1000DFFD9820FFF7DCFD7420FFF7CBFD10208F
:106C2000FFF7D6FD8520FFF7D3FD8020FFF7D0FDCD
:106C30000020FFF7CDFD0020FFF7CAFD4E20FFF733
:106C4000C7FD0020FFF7C4FD9820FFF7B3FD3E20ED
:106C5000FFF7BEFD0720FFF7BBFD3520FFF7AAFDBC
:106C60002120FFF7A7FD1120FFF7A4FD782000F0F9
:106C70001AFC2920FFF79EFD142000F014FC10BD23
:106C800010B50400FFF77AFD2000FFF7AFFDFFF716
:106C9000C7FD10BDF8B505000E0014001F002A2026
:106CA000FFF788FD0020FFF793FDE8B2FFF790FDA6
:106CB000651E2D12EDB22800FFF78AFD013CE0B2FF
:106CC000FFF786FD2B20FFF775FD0020FFF780FD05
:106CD000F0B2FFF77DFD2800FFF77AFD380001389C
:106CE000C0B2FFF775FD2C20FFF764FDF8BD000072
:106CF00010B5164CA54440BA80B2002304E05900F8
:106D00006A46885201339BB2114A9342F7D9F02365
:106D1000F02200210020FFF7BDFF0121082000F034
:106D2000C6FB00240BE023011B1B5B016946C9184D
:106D3000F0225200074800F0D1FB0134A4B2EF2C3E
:106D4000F1D9E1235B029D4410BDC046003EFEFF29
:106D5000FFE000000000044070B50500F023F022C1
:106D600000210020FFF796FF0121082000F09FFB83
:106D700000240AE02101091B49016918F022520090
:106D8000034800F0ABFB0134A4B2EF2CF2D970BD84
:106D90000000044010B59C46044B00241C601860A1
:106DA0009980DA8062461A8110BDC04690D00120D9
:106DB00010B5074B9B88834208D3054CE4888C426E
:106DC00004D34B43C018024B1B681A5410BDC04675
:106DD00090D0012010B5040000200CE04343D318EC
:106DE00008490968CC54013292B2064B9B88934201
:106DF000F4D8013080B2034BDB88834201D90022F2
:106E0000F3E710BD90D00120F0B5DE4657464E4660
:106E10004546E0B585B006000C00170010220021A1
:106E2000FBF748FC20683B68C117DD1700931A0088
:106E300002952B00FBF7D0FB0904050C4D19606887
:106E400079680A00C117D31701929B46FBF7C4FB70
:106E50000904000C08184519A068B9680B00C1178F
:106E6000DA1703929A461A00039B9946FBF7B4FB84
:106E70000904000C08182D18E068FF68C117FA17FC
:106E800013003A009846FBF7A7FB0904000C08180A
:106E90002D1835602069C117009A029BFBF79CFBF7
:106EA0000904050C4D196069C117019A5B46FBF78F
:106EB00093FB0904000C08184519A069C117524634
:106EC0004B46FBF789FB0904000C08182D18E069F4
:106ED000C1173A004346FBF77FFB0904000C081872
:106EE0002D187560206AC117009A029BFBF774FB8E
:106EF0000904050C4D19606AC117019A5B46FBF73E
:106F00006BFB0904000C08184519A06AC11752460A
:106F10004B46FBF761FB0904000C08182D18E06ACA
:106F2000C1173A004346FBF757FB0904000C081849
:106F30002D18B560206BC117009A029BFBF74CFB24
:106F40000904050C4D19606BC117019A5B46FBF7EC
:106F500043FB0904000C08184519A06BC1175246E1
:106F60004B46FBF739FB0904000C08182D18E06BA1
:106F7000C1173A004346FBF72FFB0904000C081821
:106F80002818F060300005B0F0BCBB46B246A946F8
:106F9000A046F0BD70B586B0030010000A681C68FA
:106FA000A446121B039249685D68491B04910024A2
:106FB0000594036866469B1B00934068401B019044
:106FC000029450434B43C01A06B070BDF0B5DE4684
:106FD00057464E464546E0B5BDB0079000230593A1
:106FE00010E0002203920FE10022924610E1002CF3
:106FF00000DB94E102E0002C00DA6DE1059B033335
:107000009BB20593059B981C079B9B68984200D3F5
:1070100033E2059C2200631C07994968002905D0CA
:10702000A2008A589B00CB5880000858079E316800
:1070300012018A180FAC95892580957BA5701B01DC
:10704000CB1810AC9D8925809D7BA5700001091887
:1070500011A88C8904808C7B8470156850689268B4
:1070600014AC1495159016928022520217921D6846
:1070700058689B6818AF189519901A931B920D6861
:1070800048688B681C951D901E931F923300103327
:107090000AAD2200984619002800FFF7B5FE23002C
:1070A0002E0007CE07C3B14632681A603A00414647
:1070B0002800FFF7A9FE3B002A0043CA43C3126819
:1070C0001A601CAA41462800FFF79EFE1CAB07CDA4
:1070D00007C34A4612681A602CAD1022210028000E
:1070E000FBF7EEFA2C9A13019B1ADB000193F022B6
:1070F000D2039C46624491462C922D9A13019B1A0E
:10710000DB000293F022D2039C46624490462D920B
:1071100038AB9A46102229001800FBF7D1FA10224A
:1071200051462000FBF7CCFA102239002800FBF76B
:10713000C7FA2C9A13019B1ADB000493F024E40392
:107140009C4664442C942D9A13019B1ADB001A0070
:107150000693F023DB03944663441E002D9334AB67
:107160009A46102229001800FBF7AAFA102251466D
:107170003800FBF7A5FA10221CA92800FBF7A0FA9B
:107180002C9A13019B1ADB000893F022D2039C4631
:10719000624492462C922D9A13019B1ADB000993AC
:1071A000F027FF039C4667442D9730AB9B46102287
:1071B00029001800FBF784FA102259461CA8FBF797
:1071C0007FFA22004C4500DD4A46524500DD52461A
:1071D00012144C4500DA4C46544500DA5446241447
:1071E0003500464500DD4546BD4200DD3D002D141D
:1071F0003300464500DA4346BB4200DA3B001B142D
:107200000392002A00DAECE6AA46002D00DAEBE64B
:10721000A146F02C01DDF02291469B46F02B01DDCA
:10722000F0239B460198F123DB039C466044001445
:10723000029C6444241414AA169B802109028C46E3
:10724000634419140E23D25E20902194229123923C
:10725000049EF123DB039C46664436140699614480
:10726000091418AA1A9B80252D02AC4663441B14EE
:107270000E27D75F2496259126932797089AF12306
:10728000DB039C4662441214099B63441B141CAD2F
:107290001E9FB84680273F02BC46474667443F14BE
:1072A000BC460E27ED5F2892299367462A972B95B7
:1072B000361A1B1B7343091B121A4A439C1A93422A
:1072C00000D19BE60799097B012900D18FE60229AD
:1072D00000D190E6002C22DAD41A2CAF24AB9846C9
:1072E000102219003800FBF7EBF928AE102231000C
:1072F0004046FBF7E5F9102239003000FBF7E0F9D2
:1073000013AA10A90B8813808B78937011AB18887F
:107310000880987888701188198092789A70210076
:1073200080200006FAF7C2FD049053469BB20193F9
:107330005B46069398E0F117049B98461A000023D9
:107340003000FBF749F94904C60B8E19FB173A00C8
:1073500040460021FBF740F94904C70BCF19EB1752
:107360002A0040460021FBF737F94904C00B0818F2
:107370000FAB98461B78734310AA944612787A4351
:107380009B1811A90A7842439B181B1412AA029356
:10739000137043465D787543AB4663465D787D4325
:1073A0005D444B7843439B465D442D1455704346E2
:1073B0009B785E4363469B785F43F6198978484320
:1073C00036183614967013A91088088092788A703F
:1073D000FF27029B3B40D800C01AFF21FAF73EFD71
:1073E00080463D40E800401BFF21FAF737FD0500CD
:1073F000380030405521FAF731FD43465B01AD00BE
:107400002B435BB21843C2B201992000FFF7D0FCB6
:107410000134A4B24C4523DC2CAD2C9453462D935F
:1074200000232E9328AF24AB9B462A003900180076
:10743000FFF7B0FD060020AB98462A00190038007F
:10744000FFF7A8FD07002A0059464046FFF7A2FDB6
:107450000500002EDCDB002FDADB0028D8DB6AE732
:10746000019B01339BB20193019B9A46069A93427A
:1074700000DDC3E56B469C89CCE73DB0F0BCBB4664
:10748000B246A946A046F0BD10B504001F21F9F789
:107490001BF8002200212000F9F734F80021200019
:1074A000F9F74AF810BD10B5FAF722F810BD01231C
:1074B0008340002903D0D022120653617047D022A6
:1074C00012069361FAE700B583B06B46D9710733B2
:1074D0000122190000F028F903B000BD10B500F03A
:1074E00023F910BD70B504000D00F9F739F82B1E13
:1074F00005D10133A340D0221206936270BD01234F
:10750000A340D02212065362F8E710B501210D20E6
:10751000FFF7E8FF01210820FFF7E4FF0121092020
:10752000FFF7E0FF01211920FFF7DCFFD0231B0646
:10753000802292005A61013AFF3A9A6180229204B5
:107540005A6110BD10B5642810D80A4B1A68930010
:107550009B189B00084A9A18000412685040000CBF
:107560000004064A94466344186010BD0448FCF7C2
:10757000E0FAFAE70CDB01200C0005400C10054096
:107580006488001010B5FCF7CDFAFFF7BEFFFFF7D7
:10759000DBF81D20FFF778FF2A4B1A68C0239B01F8
:1075A0005340E022D2011340274A136004211920DE
:1075B000F8F78AFF254A04231360254B64211966D6
:1075C000244B1B681B0C1B0423490B6011688B00A8
:1075D0005A1892001E4884466244C82080005060B9
:1075E0005B189B0062469A18116801228A431B4966
:1075F0008C4663441A601A491A48FEF7B5FF012108
:107600000A20F8F761FF01210B20F8F75DFF16480B
:107610001649FFF76FF803210620F8F755FF0321FD
:107620000720F8F751FF002201210620F8F76AFF32
:10763000002201210720F8F765FF0D48FCF779FAD1
:10764000002010BD00C0044000D004400CDB01202D
:10765000000005405C0005405C100540001005403E
:10766000005A620200000440F00C0020801A06005C
:1076700078880010030084469B070BD00300032189
:1076800002E001330B4206D01A78002AF9D1624693
:10769000981A7047030019680C4A0D488A188A43E3
:1076A00002420FD15968094A04338A188A430242B8
:1076B00008D15968054A04338A188A430242F1D036
:1076C00000E001331A78002AFBD1E0E7FFFEFEFE5E
:1076D000808080800000000001B40248844601BC24
:1076E000604700BF0507002001B40248844601BC82
:1076F000604700BFC100002001B40248844601BCBD
:10770000604700BF0908002001B40248844601BC5C
:10771000604700BFF501002001B40248844601BC67
:10772000604700BF2D07002001B40248844601BC19
:10773000604700BF010B002001B40248844601BC31
:10774000604700BF3D0B002001B40248844601BCE5
:10775000604700BFC902002001B40248844601BC52
:10776000604700BF3D0B002001B40248844601BCC5
:10777000604700BF8501002001B40248844601BC77
:10778000604700BFCD03002001B40248844601BC1D
:10779000604700BFB901002001B40248844601BC23
:1077A000604700BFFD07002001B40248844601BCC9
:1077B000604700BF550800208D1C0010B91C001048
:1077C0004D1E0010A5260010D5240010192600100B
:1077D000811D0010D51C0010F51C0010091D0010A3
:1077E000F90D0010111D00104D160010791C00102D
:0877F0003D070010C542001026
:1077F800000000003C02000078040000B40600000D
:10780800EF0800002B0B0000660D0000A10F000020
:10781800DC11000016140000501600008918000042
:10782800C21A0000FB1C0000331F00006A21000080
:10783800A1230000D72500000C280000412A0000E1
:10784800742C0000A72E0000D93000000A33000075
:107858003A3500006937000096390000C33B000044
:10786800EF3D000019400000424200006A44000059
:1078780090460000B5480000D94A0000FB4C0000C3
:107888001C4F00003B510000585300007455000085
:107898008F570000A7590000BE5B0000D35D0000B1
:1078A800E65F0000F861000007640000146600004D
:1078B80020680000296A0000316C0000366E000064
:1078C800397000003A720000397400003576000003
:1078D8002F780000277A00001C7C00000F7E000033
:1078E80000800000EE810000DA830000C2850000FD
:1078F800A98700008C8900006D8B00004C8D00006A
:10790800278F000000910000D6920000A994000083
:107918007996000046980000119A0000D89B000054
:107928009C9D00005D9F00001BA10000D6A20000E6
:107938008EA4000042A60000F3A70000A1A9000041
:107948004CAB0000F3AC000097AE000038B000006C
:10795800D5B100006FB3000005B5000098B600006F
:1079680027B80000B2B900003ABB0000BEBC000056
:107978003FBE0000BCBF000035C10000AAC2000025
:107988001BC4000089C50000F3C6000059C80000E8
:10799800BBC9000019CB000073CC0000CACD0000A1
:1079A8001CCF00006AD00000B4D10000FAD2000059
:1079B8003CD400007AD50000B3D60000E9D7000017
:1079C8001AD9000047DA00006FDB000094DC0000E1
:1079D800B4DD0000D0DE0000E7DF0000FAE00000C0
:1079E80009E2000013E3000019E400001AE50000B2
:1079F80017E6000010E7000004E80000F3E80000C4
:107A0800DEE90000C4EA0000A6EB000083EC0000F9
:107A18005CED000030EE0000FFEE0000CAEF000051
:107A280090F0000051F100000EF20000C5F20000D5
:107A380078F3000027F40000D0F4000075F500008A
:107A480015F60000B0F6000047F70000D9F700006F
:107A580065F80000EDF8000070F90000EFF900008B
:107A680068FA0000DCFA00004CFB0000B7FB0000DD
:107A78001CFC00007DFC0000D9FC000030FD00006B
:107A880082FD0000CFFD000018FE00005BFE000034
:107A980099FE0000D2FE000007FF000036FF00003C
:107AA80060FF000086FF0000A6FF0000C2FF000084
:107AB800D8FF0000EAFF0000F6FF0000FEFF00000C
:107AC800000001006D616E756661637475726572A0
:107AD800203D3D204D414E55464143545552455257
:107AE8005F525049000000002F686F6D652F616C70
:107AF8006578616E6465722F50726F6772616D6D23
:107B0800696E672F7270327878782F7069636F2D7D
:107B180073646B2F7372632F7270323034302F702E
:107B280069636F5F706C6174666F726D2F706C61E2
:107B380074666F726D2E630070617274203D3D2013
:107B4800504152545F525032000000000A2A2A2A3B
:107B58002050414E4943202A2A2A0A004E6F20739A
:107B680070696E6C6F636B732061726520617661FA
:107B7800696C61626C65000030783163203D3D209E
:107B8800282A696E7374293E3E3131750000000061
:107B98002F686F6D652F616C6578616E6465722FF3
:107BA80050726F6772616D6D696E672F727032788F
:107BB80078782F7069636F2D73646B2F7372632FDE
:107BC8007270325F636F6D6D6F6E2F68617264776C
:107BD8006172655F6972712F6972712E63000000AE
:107BE80064656C7461203E3D202D32303438202687
:107BF800262064656C7461203C3D20323034362088
:107C0800262620212864656C7461202620312900ED
:107C1800212864656C7461203E3E2031317529004D
:107C280063757272656E74203D3D205F5F756E6886
:107C3800616E646C65645F757365725F69727120EB
:107C48007C7C2063757272656E74203D3D2068618E
:107C58006E646C65720000006972715F68616E64C1
:107C68006C65725F636861696E5F667265655F7394
:107C78006C6F745F68656164203E3D2030000000D1
:107C8800767461626C655F68616E646C6572203DD4
:107C98003D205F5F756E68616E646C65645F7573C7
:107CA80065725F6972710000212828282875696E3D
:107CB800747074725F742972656D6F76655F74682D
:107CC800756D625F62697428767461626C655F685D
:107CD800616E646C65722929202D20282875696ECB
:107CE800747074725F74296972715F68616E646C14
:107CF80065725F636861696E5F736C6F747329295D
:107D080020252073697A656F6628737472756374A9
:107D1800206972715F68616E646C65725F63686127
:107D2800696E5F736C6F74292900000021657863A0
:107D3800657074696F6E207C7C20657863657074EB
:107D4800696F6E203D3D206E756D202B2056544185
:107D5800424C455F46495253545F49525100000016
:107D680066616C736500000069735F7368617265B2
:107D7800645F6972715F7261775F68616E646C6578
:107D88007228736C6F745F68616E646C6572290029
:107D9800657863657074696F6E000000666F756E54
:107DA800640000004E6F207573657220495251734C
:107DB8002061726520617661696C61626C650000A2
:107DC80031203D3D202875696E747074725F742986
:107DD8006C2D3E7370696E5F6C6F636B0000000002
:107DE8002F686F6D652F616C6578616E6465722FA1
:107DF80050726F6772616D6D696E672F727032783D
:107E080078782F7069636F2D73646B2F7372632F8B
:107E1800636F6D6D6F6E2F7069636F5F73796E63DB
:107E28002F6D757465782E6300000000746F74619F
:107E38006C0000006D74782D3E636F72652E737050
:107E4800696E5F6C6F636B006C6F636B5F69735F08
:107E58006F776E65725F69645F76616C6964286DBF
:107E680074782D3E6F776E65722900006D74782DD9
:107E78003E656E7465725F636F756E740000000016
:107E8800706F6F6C2D3E74696D65725F616C6172A5
:107E98006D5F6E756D203D3D2074696D65725F6123
:107EA8006C61726D5F6E756D000000002F686F6DFC
:107EB800652F616C6578616E6465722F50726F67AB
:107EC80072616D6D696E672F7270327878782F7075
:107ED80069636F2D73646B2F7372632F636F6D6D9E
:107EE8006F6E2F7069636F5F74696D652F74696D4C
:107EF800652E630064656661756C745F616C6172A0
:107F08006D5F706F6F6C5F696E697469616C697AB7
:107F18006564282900000000417474656D707465FB
:107F28006420746F20736C65657020696E73696472
:107F380065206F6620616E20657863657074696F6F
:107F48006E2068616E646C65723B20757365206293
:107F58007573795F7761697420696620796F752018
:107F68006D75737400000000486172647761726512
:107F780020616C61726D20256420616C726561649A
:107F88007920636C61696D656400000076636F5FDA
:107F980066726571203E3D205049434F5F504C4CFE
:107FA8005F56434F5F4D494E5F465245515F485AB1
:107FB8002026262076636F5F66726571203C3D201F
:107FC8005049434F5F504C4C5F56434F5F4D4158AB
:107FD8005F465245515F485A000000002F686F6D98
:107FE800652F616C6578616E6465722F50726F677A
:107FF80072616D6D696E672F7270327878782F7044
:1080080069636F2D73646B2F7372632F7270325FA5
:10801800636F6D6D6F6E2F68617264776172655FF3
:10802800706C6C2F706C6C2E630000006662646963
:1080380076203E3D20313620262620666264697609
:10804800203C3D203332300028706F73745F6469C0
:108058007631203E3D203120262620706F73745FD4
:1080680064697631203C3D20372920262620287057
:108078006F73745F64697632203E3D203120262676
:1080880020706F73745F64697632203C3D20372915
:10809800000000007265665F66726571203C3D20D5
:1080A8002876636F5F66726571202F20313629004C
:1080B8006D697373696E6720646F75626C6520669D
:1080C800756E6374696F6E002A282875696E743836
:1080D8005F74202A29282828766F6964202A297243
:1080E8006F6D5F7461626C655F666C6F6174292D7A
:1080F800322929202A2034203E3D2053465F54410E
:10810800424C455F56325F53495A45002F686F6DA0
:10811800652F616C6578616E6465722F50726F6748
:1081280072616D6D696E672F7270327878782F7012
:1081380069636F2D73646B2F7372632F7270325F74
:10814800636F6D6D6F6E2F7069636F5F646F7562BB
:108158006C652F646F75626C655F696E69745F72B8
:108168006F6D5F7270323034302E63002A282875A4
:10817800696E74385F74202A29726F6D5F7461624A
:108188006C652D3229202A2034203E3D2053465F3D
:108198005441424C455F56325F53495A45000000EE
:1081A8002F686F6D652F616C6578616E6465722FDD
:1081B80050726F6772616D6D696E672F7270327879
:1081C80078782F7069636F2D73646B2F7372632FC8
:1081D8007270325F636F6D6D6F6E2F7069636F5F62
:1081E800666C6F61742F666C6F61745F696E697419
:1081F8005F726F6D5F7270323034302E6300000032
:108208004465627567000000626F6F74325F773291
:108218003571303830000000322E332E3000000027
:108228007761766573686172655F72703230343079
:108238005F746F7563685F6C63645F312E323800FA
:108248006D61696E000000004A756C203231203281
:1082580030323600666E692B00000000666E6900D9
:108268006E616E00666E692D000000002C20667538
:108278006E6374696F6E3A20000000006173736565
:108288007274696F6E2022257322206661696C659D
:10829800643A2066696C6520222573222C206C695B
:1082A8006E65202564257325730A000055415254D4
:1082B80020737464696E00005541525420737464CD
:1082C8006F7574005541525420737464696E202F81
:1082D800207374646F7574002F686F6D652F616CFF
:1082E8006578616E6465722F50726F6772616D6D2B
:1082F800696E672F7270327878782F7069636F2D86
:1083080073646B2F7372632F7270325F636F6D6D5E
:108318006F6E2F7069636F5F737464696F5F7573D5
:10832800622F737464696F5F7573622E6300000057
:1083380055534220737464696E202F207374646FE0
:1083480075740000526173706265727279205069A9
:10835800000000005069636F00000000426F617206
:1083680064204344430000005265736574000000B4
:108378006C656E203E2030002F686F6D652F616C34
:108388006578616E6465722F50726F6772616D6D8A
:10839800696E672F7270327878782F7069636F2DE5
:1083A80073646B2F7372632F7270325F636F6D6DBE
:1083B8006F6E2F7069636F5F756E697175655F6940
:1083C800642F756E697175655F69642E63000000BE
:1083D800636F6E6E6563745F696E7465726E616CEF
:1083E8005F666C6173685F66756E6320262620661B
:1083F8006C6173685F657869745F7869705F6675CA
:108408006E6320262620666C6173685F666C7573E0
:10841800685F63616368655F66756E632026262002
:10842800666C6173685F656E7465725F636D645FC7
:108438007869705F66756E63000000002F686F6D65
:10844800652F616C6578616E6465722F50726F6715
:1084580072616D6D696E672F7270327878782F70DF
:1084680069636F2D73646B2F7372632F7270325F41
:10847800636F6D6D6F6E2F68617264776172655F8F
:10848800666C6173682F666C6173682E6300000008
:10849800666C6173685F6F666673202B20636F7507
:1084A8006E74203C3D205049434F5F464C41534831
:1084B8005F53495A455F425954455300636F6E6E86
:1084C8006563745F696E7465726E616C5F666C611A
:1084D80073685F66756E6320262620666C61736814
:1084E8005F657869745F7869705F66756E6320266A
:1084F8002620666C6173685F72616E67655F65727E
:108508006173655F66756E6320262620666C6173ED
:10851800685F666C7573685F63616368655F6675DD
:108528006E630000636F6E6E6563745F696E746579
:10853800726E616C5F666C6173685F66756E6320EE
:10854800262620666C6173685F657869745F786950
:10855800705F66756E6320262620666C6173685F9F
:1085680072616E67655F70726F6772616D5F667565
:108578006E6320262620666C6173685F666C75736F
:10858800685F63616368655F66756E63000000001D
:10859800636F6E6E6563745F696E7465726E616C2D
:1085A8005F666C6173685F66756E63202626206659
:1085B8006C6173685F657869745F7869705F667508
:1085C8006E6320262620666C6173685F666C75731F
:1085D800685F63616368655F66756E6300000000CD
:1085E8006E6578745F6275666665725F7074722016
:1085F8003C207573625F647072616D2D3E657078A2
:108608005F64617461202B2073697A656F662875D1
:1086180073625F647072616D2D3E6570785F64612E
:10862800746129002F686F6D652F616C6578616EC4
:108638006465722F50726F6772616D6D696E672F16
:108648007270327878782F7069636F2D73646B2F2E
:108658006C69622F74696E797573622F7372632FF8
:10866800706F727461626C652F726173706265728B
:10867800727970692F7270323034302F6463645F9E
:108688007270323034302E6300000000556E68611D
:108698006E646C65642049525120307825780A0050
:1086A8007268706F7274203D3D2030002128627519
:1086B800665F6374726C2026205553425F425546AC
:1086C8005F4354524C5F46554C4C29002F686F6DE0
:1086D800652F616C6578616E6465722F50726F6783
:1086E80072616D6D696E672F7270327878782F704D
:1086F80069636F2D73646B2F6C69622F74696E796F
:108708007573622F7372632F706F727461626C6518
:108718002F72617370626572727970692F7270322C
:108728003034302F7270323034305F7573622E639C
:10873800000000006275665F6374726C2026205525
:1087480053425F4255465F4354524C5F46554C4C2A
:1087580000000000657020253032582077617320B2
:10876800616C726561647920617661696C61626CC3
:108778006500000043616E277420636F6E74696E34
:1087880075652078666572206F6E20696E61637406
:108798006976652065702025303258005741524E61
:1087A8003A207374617274696E67206E65772074FD
:1087B80072616E73666572206F6E20616C7265619E
:1087C800647920616374697665206570202530328C
:1087D800580D0A0025732025643A20415353455209
:1087E80054204641494C45440D0A00007364615FBA
:1087F80074785F686F6C645F636F756E74203C3D5E
:10880800206C636E74202D20320000002F686F6D7D
:10881800652F616C6578616E6465722F50726F6741
:1088280072616D6D696E672F7270327878782F700B
:1088380069636F2D73646B2F7372632F7270325F6D
:10884800636F6D6D6F6E2F68617264776172655FBB
:108858006932632F6932632E630000004445565F16
:108868005345545F50574D204572726F72200D006A
:108878004445565F4D6F64756C655F496E69742039
:108888004F4B200D000000007270323034305F63AF
:108898006869705F76657273696F6E006972715F7F
:1088A8006164645F7461696C5F746F5F667265654B
:1088B8005F6C697374000000696E736572745F623F
:1088C8006C5F3332000000006972715F72656D6F12
:1088D80076655F68616E646C657200006D616B65DA
:1088E8005F6A5F31360000007265736F6C76655F92
:1088F8006A5F3136000000006972715F6164645F0D
:108908007368617265645F68616E646C65720000AB
:108918006972715F7365745F6578636C7573697686
:10892800655F68616E646C65720000006D757465E2
:10893800785F6578697400006D757465785F656E39
:108948007465725F626C6F636B5F756E74696C00DF
:1089580072756E74696D655F696E69745F6D757443
:1089680065780000616C61726D5F706F6F6C5F6736
:1089780065745F64656661756C740000616C617232
:108988006D5F706F6F6C5F6972715F68616E646C48
:1089980065720000706C6C5F696E6974000000009D
:1089A8005F5F61656162695F646F75626C655F696D
:1089B8006E6974005F5F61656162695F666C6F61B3
:1089C800745F696E6974000006005250D3F07542F6
:1089D8000882001006005250E182887F1082001041
:1089E80006005250ABB3605320820010060052506C
:1089F800BBFF3CB62882001006005250861C0302BA
:108A080048820010060052505422A29D5082001045
:108A180005005250DE65F468E49D001068320010CD
:108A28008032001080320010743200108032001042
:108A38008032001080320010803200108032001026
:108A480080320010803200105C320010803200103A
:108A58005032001080320010803200104432001072
:108A68005033001076330010CC33001076330010EA
:108A78003033001076330010763300107633001050
:108A880076330010763300107633001076330010FA
:108A98006C330010763300107633001076330010F4
:108AA8007633001076330010D83300100000000031
:108AB800000000000000F03F00000000000024401B
:108AC80000000000000059400000000000408F40F6
:108AD800000000000088C34000000000006AF84061
:108AE8000000000080842E4100000000D012634185
:108AF8000000000084D797410000000065CDCD41FB
:108B08000D0A00000600525053B4F4A1CC820010A4
:108B18000800525012000000080052509210000045
:108B28000600525053B4F4A138830010737464697A
:108B38006F5F7573625F696E697400000000000002
:108B48004C8300105C83001020DB0120648300103C
:108B58007083001009025400030100807D080B0097
:108B680002020200000904000001020200040524B8
:108B78000020010524010001042402060524060042
:108B8800010705810308001009040100020A00001A
:108B980000070502024000000705820240000009A4
:108BA80004020000FF00010512011002EF0201405B
:108BB8008A2E0A0000010102030100007069636F38
:108BC8005F6765745F756E697175655F626F617205
:108BD800645F69645F737472696E6700666C617361
:108BE800685F646F5F636D645F6373000A00000011
:108BF80000000306A6000800020002009C00140002
:108C0800030057494E555342000000000000000081
:108C18000000800004000100280044006500760080
:108C280069006300650049006E0074006500720009
:108C38006600610063006500470055004900440074
:108C480000004E007B0062006300370033003900EB
:108C58003800630031002D003700330063006400E2
:108C68002D0034006300620037002D003900380001
:108C7800620038002D0039003100330061003800EF
:108C880066006300610037006200660036007D0000
:108C980000000000050F2100011C100500DF60DD49
:108CA800D88945C74C9CD2659D9E648A9F00000365
:108CB80006A6000100000000000000006F4300103D
:108CC80000000000714300107D430010A94300100C
:108CD800A5430010000000006463645F656470745D
:108CE8005F786665720000006463645F7365745F33
:108CF80061646472657373006463645F696E745F52
:108D0800656E61626C65000068775F656E64706FA0
:108D1800696E745F616C6C6F630000006463645F0C
:108D2800696E69740000000073796E635F65705F37
:108D38006275666665720000364B0010184B0010AD
:108D4800544B0010864B0010364B0010364B001069
:108D5800A24B0010544B0010364B0010364B00103D
:108D6800364B0010364B0010364B0010364B0010B7
:108D7800364B00103A4B00104809002048090020E3
:108D88002A090020E40900208C090020A0090020FD
:108D9800C40A0020E8500010C6500010944F00107C
:108DA800A4500010944F0010FA4F00109850001073
:108DB800944F0010145000102A500010B6520010A2
:108DC800A8520010FA5200102A540010F453001050
:108DD8000C54001008530010765300101C54001057
:108DE800757362645F656470745F786665720000AD
:108DF800757362645F656470745F6F70656E0000A0
:108E0800757362645F6F70656E5F656470745F70C0
:108E18006169720071756575655F6576656E740068
:108E280070726F636573735F6765745F646573639E
:108E3800726970746F72000070726F636573735F2C
:108E48007365745F636F6E666967000070726F6345
:108E58006573735F636F6E74726F6C5F7265717543
:108E680065737400636F6E66696775726174696FA4
:108E78006E5F7265736574007475645F7461736B9B
:108E88005F657874000000007475645F7268706FC5
:108E980072745F696E69740000000000DD5800108C
:108EA80081590010CD5900103D5A0010355B001053
:108EB800495C001000000000757362645F636F6EA8
:108EC80074726F6C5F786665725F636200000000A1
:108ED8007475645F636F6E74726F6C5F78666572C9
:108EE80000000000636463645F786665725F6362B4
:108EF80000000000636463645F6F70656E000000CB
:108F08007475645F6364635F6E5F77726974655FCD
:108F1800666C75736800000074755F656470745FD3
:108F280076616C6964617465000000007475736231
:108F38005F7268706F72745F696E69740000000018
:108F48006932635F7365745F6261756472617465C9
:108F580000000000F88F0010688F00102400000047
:108F680000000000020000000100000001000000F5
:108F780002000000030000000400000005000000DB
:108F880006000000060000000500000007000000C1
:108F980008000000090000000A0000000A000000A4
:108FA800090000000B0000000C0000000E0000008B
:108FB8000D0000000E0000000F0000000D00000072
:108FC8001000000012000000110000001100000055
:108FD800120000001300000014000000150000003B
:108FE8001600000015000000170000001600000021
:108FF8000080FFFF0080FFFF0080FFFF00FFFF00F1
:109008000080FFFF008000000080FFFF00FFFF00DE
:109018000080FFFF0080FFFF0080000000FFFF00CE
:109028000080FFFF008000000080000000FFFF00BC
:10903800008000000080FFFF0080FFFFFF000000AD
:1090480000800000008000000080FFFFFF0000009B
:10905800008000000080FFFF00800000FF0000008B
:10906800008000000080000000800000FF00000079
:109078000080FFFF0080FFFF0080FFFFFF00FF0070
:10908800008000000080FFFF0080FFFFFF00FF005E
:109098000080FFFF0080FFFF00800000FF00FF004E
:1090A800008000000080FFFF00800000FF00FF003C
:1090B8000080FFFF008000000080FFFF00FF00002D
:1090C80000800000008000000080FFFF00FF00001B
:1090D8000080FFFF008000000080000000FF00000B
:1090E80000800000008000000080000000FF0000F9
:1090F8000080FFFF0080FFFF0080FFFFFFFF0000F0
:10910800008000000080FFFF0080FFFFFFFF0000DD
:109118000080FFFF008000000080FFFFFFFF0000CD
:1091280000800000008000000080FFFFFFFF0000BB
:109138000080FFFF0080FFFF008000000000FF00AC
:10914800008000000080FFFF008000000000FF009A
:109158000080FFFF00800000008000000000FF008A
:109168000080000000800000008000000000FF0078
:10917800D0890010DC890010E8890010F4890010FB
:10918800008A00100C8A0010188A0010208B00102A
:0C919800188B00100C8B0010288B0010AE
:1091A400030002689446EFF3108272B660460068CA
:1091B4000028FBD0BFF35F8F0420185600280BDB78
:1091C400002900D0086000201B68BFF35F8F0021D6
:1091D400196082F310887047D0210906097849B2D2
:1091E40019710120F0E70000F8B5040015001E0015
:1091F4000368002B20D0D0231B061B785BB21F0012
:109204002368EFF3108172B618680028FCD0BFF30E
:109214005F8F0423E356002B14DB2368BFF35F8FB7
:1092240000221A6081F310882800310000F030FD1C
:109234000028E5D000200EE0074B084A0848A62184
:1092440000F016FD27712368BFF35F8F00221A60B8
:1092540081F310880120F8BD3C7E00104089001085
:10926400E87D001070B582B0060015001C0001A94D
:10927400FFF796FF002807D1019B5BB2D0221206AC
:10928400127852B2934201D102B070BD2A00230079
:109294003000FFF7A9FFF7E7F8B507000C0000F06E
:1092A400BFFC05000E00FA229200002320000021DA
:1092B40000F0BEFC2A00330012184B41002B03DBE4
:1092C4003800FFF791FFF8BD01225242004BF7E747
:1092D400FFFFFF7F10B50168EFF3108372B60A68D1
:1092E400002AFCD0BFF35F8F04228256002A0ADBD7
:1092F400FF2202710268BFF35F8F0021116083F3C4
:10930400108840BF10BD034B034A0448D52100F028
:10931400AFFCC046507E001034890010E87D001078
:10932400094B1B78002B08D00CE09A0080214905DA
:10933400511808680549505001333F2BF5DD024BA5
:1093440001221A707047C04634DB012068D3012023
:1093540010B5014B984710BD69D30120002206E0E7
:109364009300064959184968C31859600132052AFF
:10937400F6D9A0235B051B68036070470000024018
:1093840010B5002207E09300C1184968054CA446B3
:10939400634459600132052AF5D90268A0235B05AC
:1093A4001A6010BD00000240F0B5D6464F4646464E
:1093B400C0B588B082460D001400182633881427DF
:1093C40038883249984781463388388830499847E5
:1093D4008046338838882F49984707004B46002B2E
:1093E40017D04346002B14D0002812D0FFF798FF63
:1093F40001A8FFF7B3FFC847C047274B1A6880236B
:109404009B005340C02292001340244A1360210061
:1094140010E0234B234A2A212348FF3100F028FC83
:10942400002B07D0002905D0C0235B051B6E2B70D1
:109434000139013523000B4314D0C0235B059A6A1C
:10944400082313409207EBD5002CE9D00A1B0D2A00
:10945400E6D856463078C02252051066013C721C8C
:109464009246DDE70C4B1A68C0239B0093430B4ADA
:109474001360B847FFF76CFF01A8FFF781FF08B03E
:10948400E0BCBA46B146A846F0BDC0464946000015
:1094940045580000464300000C8001400C900140F8
:1094A40098850010E48B00104484001010B500234C
:1094B40008E00133DA000021084811508446624470
:1094C4005160DBB20E2BF4D90548F0229200002142
:1094D40000F0BEFB034B044A1A6010BD000010509C
:1094E4001CD50120E0D8012080011050F0B5CE46F3
:1094F400474680B585B01F4B9F6D0024012603E0CD
:10950400B74376000134E4B2002F2ED01F2C2CD8A0
:109514003E42F6D0184B9E65630899460123A34347
:1095240098464B465D0045446D01144BED182800E8
:1095340000F040FA0028E3D0104A4B465B00434455
:109544005B01D3189978DA8A01A80023984603703E
:10955400073343700171826043464371012100F077
:1095640049FA280000F0BAF9CAE705B0C0BCB94608
:10957400B046F0BD0000115000301150DCD4012081
:10958400F0B5CE46474680B585B0724A9823D55883
:1095940080239B022F001F401D4243D06E4B9A6ACA
:1095A4006E4B1A600024002102E031000134E4B261
:1095B4000F2C1DD8A20110002030694BC0189B1835
:1095C4003B331B78022BF1D1654B9B183A331E7841
:1095D400002EEBD0624B9B183C331B78002BE4D05D
:1095E4005F4B9B183C3300221A7000F0A3F9DCE7B0
:1095F400002908D15B4B1B78002B04D15A4A9033C5
:1096040080218902D150534B9B6C5B055B0D01A8F3
:1096140000220270033242704360012100F0EAF933
:109624008027BF02EB0606D4EB034DD580235B02F3
:109634001F43002416E010231F43FFF757FFF3E7EF
:1096440002261CE0494B1E66424B5B6E33409E4231
:10965400FAD118E0424B4A4652019B180122DA70B3
:109664000134E4B2012C1FD8A14666013C4BF31827
:1096740098469B7E002BEDD0002CE1D0012600F013
:109684001FFB0128DED8C02292010021404600F0D1
:109694002BF9404600F022F900F012FB0128D9D939
:1096A400314B5E661E66D5E701A8002303700633BE
:1096B40043702F4A02AB12CA12C3012100F09AF977
:1096C400294B802292021A65EB040AD46B041DD440
:1096D4002B042AD4AF4238D105B0C0BCB946B04639
:1096E400F0BD80235B011F4300241A4B1C60FFF76D
:1096F400DDFE01A80470012343700471012100F010
:1097040079F9194B802212031A65DFE78023DB0104
:109714001F4301A80023037004334370012100F0A8
:1097240069F9114B10221A65D2E780231B021F43EB
:1097340001A80023037005334370012100F05AF996
:10974400094B802212011A65C4E7390069400948AF
:1097540000F096FA0000115000400540D4D40120D6
:10976400DCD4012032DB01200030115000201150E4
:109774000000105094860010F8B504000F00838A8E
:10978400028B1E1C934200D9161CB6B29B1BA382EB
:109794008022D2003243E378002B13D08025AD0120
:1097A400154301225340E3706378002B0CD0A38A45
:1097B400002B02D18023DB011D43002F00D02D0498
:1097C4002800F8BD0025EBE7E068BB01C01821695B
:1097D400320000F06DFA23699B19236180231B0278
:1097E4001D43E4E7084B1B6C9B0703D48378DB0918
:1097F400012B01D000207047C37E022B01D0002032
:10980400F9E70120F7E7C0460000115010B5FFF753
:10981400E9FF002809D0064B9B6A064A12689B1A86
:10982400054A94466344C62B00D810BD0020FCE7CB
:1098340000400540D4D40120E0FCFFFF70B50400D3
:1098440083681B68002900D01B0C9D05AD0D627850
:10985400002A11D11B0409D4E38A5B19E382238B08
:10986400AB4201D90023A382280070BD0D4B0E4AE0
:109874000E48E82100F0FCF91B040DD52069E368CB
:10988400890159182A0000F013FAE38A5B19E3826C
:1098940023695B192361E2E7054B034A0348EE2180
:1098A40000F0E6F9B4860010308D0010D486001064
:1098B4003C87001010B5040083681B680021FFF783
:1098C400BDFF63681B685B0002D5238B834200D015
:1098D40010BD01212000FFF7B1FFF9E700238376D3
:1098E4008382C3820361704710B5002902D0836864
:1098F4001B681940002A10D0114352050DD5826807
:1099040013685B050CD4084B0B401360074B1B6CAE
:109914009B0702D40C23033BFDD28368196010BD5E
:109924008178034800F0ACF9FFFBFFFF0000115001
:109934005C87001070B5040043681E680021FFF7BF
:109944001BFF80256D010543174B1B6C9B0716D429
:109954000223E356002B17DB0123A28A002A01D03D
:10996400002B15D0114B1E4080239B0533436268A6
:1099740013602A0000212000FFF7B6FF70BDA37812
:109984005B0603D00123E8E70023E6E70023E4E7CE
:1099940001212000FFF7F0FE0543054A3240A023D1
:1099A400DB051343E3E7C04600001150FFFFFFAFA0
:1099B400FFFFFFDF70B50400857E002D06D0FFF7A2
:1099C40079FFA38A002B05D1280070BD817808484F
:1099D40000F056F92000FFF719FF051E03D00123FC
:1099E40023770025F0E72000FFF7A4FFECE7C0464B
:1099F4007C87001070B584B005000E004378062BF8
:109A040012D89B006D4AD3589F466D4B1A7801219A
:109A14008A431A701A7801318A431A7000225A70E4
:109A24001A7802318A431A70664B1C686269EFF334
:109A3400108172B61368002BFCD0BFF35F8FA16155
:109A44002900200000F0FCF86269A369BFF35F8F6E
:109A54000021116083F31088002800D1A7E0287842
:109A64006978320000F0FCF804B070BD544B1B78E8
:109A7400DB07F9D5524A137804210B431370D3E75B
:109A84004F4B1B78DB07EFD54D4A137804218B43EA
:109A94001370C9E7E31A5B014B4A9B18DB69002B7F
:109AA40002D02878696898470134E4B2474B1B78A0
:109AB400A34209D3EED9464B1B6862019B18002BC5
:109AC400ECD1F1E70024F1E73D4B1B785B072ED581
:109AD4003B4A137804218B43137001AC0C22002100
:109AE400200000F0B5F82B78237005236370354B04
:109AF4001C686269EFF3108172B61368002BFCD006
:109B0400BFF35F8FA16101A9200000F099F8626999
:109B1400A369BFF35F8F0021116083F310880028CD
:109B240032D001AB18785978320000F099F8244B00
:109B3400DB78DB0700D497E72A7801AB1A7003229D
:109B44005A706A6802921F4B1C686269EFF31081B5
:109B540072B61368002BFCD0BFF35F8FA16101A91B
:109B6400200000F06DF86269A369BFF35F8F0021E4
:109B7400116083F3108800280DD001AB1878597850
:109B8400320000F06DF86FE7662212491248FF3286
:109B940000F086F8CBE766220E490F48FF3200F04A
:109BA4007FF861E70D4A1378013313703CE76622AE
:109BB40008490948FF3200F073F855E7808D00101A
:109BC4004CD20120A4D20120A08E001031DB012050
:109BD4009CD001201C8E0010DC87001033DB012098
:109BE40010B50C001100002205E0C3689B07FCD5EA
:109BF400A35C836001328A42F7D300E08368C368C0
:109C04005B07FBD4C368DB06FCD400E08368C3684D
:109C14005B07FBD401230362080010BD7047C046F4
:109C240001B40248844601BC604700BFF11600102D
:109C340001B40248844601BC604700BFD925001026
:109C440001B40248844601BC604700BF9163001020
:109C540001B40248844601BC604700BFB526001029
:109C640001B40248844601BC604700BFF14A0010B9
:109C740001B40248844601BC604700BFB5380010F7
:109C840001B40248844601BC604700BFCD05001002
:109C940001B40248844601BC604700BF05150010AA
:109CA40001B40248844601BC604700BF913B0010E8
:109CB40001B40248844601BC604700BF0D4800104F
:109CC40001B40248844601BC604700BF7905001016
:109CD400100000000000000000000100000000006F
:109CE400000000000000020000000000000000006E
:109CF4000000030000000000000000000000040059
:109D0400000000000000000000000500000000004A
:109D1400000000000000FF000000000001B54868DA
:109D240001318E460047704609380149884701BD14
:109D3400910C001000000000FFFFFFFFFFFFFF7FFA
:109D4400000000000000000000000000000000000F
:109D540000000000000D00200000000000000000D2
:109D6400503300004C3300005433000052330000E1
:109D74004D5300004D4300005334000043340000B1
:109D84002D3C0010D13C00104D3C0010E13C001073
:109D9400000000000001000061410010FD3D0010C2
:109DA400D1400010E93D0010000000000001000057
:109DB400A8D2012010000C000000000000000000E8
:109DC400000000000000000000000000FF00000090
:109DD40000800440000000000000000000000000BB
:04000005100001E9FD
:00000001FF
