
/home/alexander/Programming/rp2xxx/rp2040_touch_lcd/build/main.elf:     file format elf32-littlearm

Sections:
Idx Name          Size      VMA       LMA       File off  Algn
  0 .boot2        00000100  10000000  10000000  00001000  2**0
                  CONTENTS, ALLOC, LOAD, READONLY, CODE
  1 .text         0000770c  10000100  10000100  00001100  2**3
                  CONTENTS, ALLOC, LOAD, READONLY, CODE
  2 .rodata       000018d8  10007810  10007810  00008810  2**3
                  CONTENTS, ALLOC, LOAD, READONLY, DATA
  3 .binary_info  0000002c  100090e8  100090e8  0000a0e8  2**2
                  CONTENTS, ALLOC, LOAD, READONLY, DATA
  4 .xip_ram      00000000  15000000  15000000  0000bd00  2**0
                  CONTENTS
  5 .ram_vector_table 000000c0  20000000  20000000  0000c000  2**2
                  ALLOC
  6 .uninitialized_data 00000000  200000c0  200000c0  0000bd00  2**0
                  CONTENTS
  7 .data         00000c40  200000c0  10009114  0000b0c0  2**4
                  CONTENTS, ALLOC, LOAD, READONLY, CODE
  8 .tdata        00000000  20000d00  20000d00  0000bd00  2**0
                  CONTENTS, ALLOC, LOAD, DATA, THREAD_LOCAL
  9 .tbss         00000000  20000d00  20000d00  00000000  2**0
                  ALLOC, THREAD_LOCAL
 10 .tbss_space   00000000  20000d00  20000d00  0000bd00  2**0
                  CONTENTS
 11 .bss          00015cc0  20000d00  10009d54  0000bd00  2**3
                  ALLOC
 12 .tls0         00000000  200169c0  200169c0  0000bd00  2**0
                  CONTENTS
 13 .tls1         00000000  200169c0  200169c0  0000bd00  2**0
                  CONTENTS
 14 .persistent_data 00000000  200169c0  200169c0  0000bd00  2**0
                  CONTENTS
 15 .dummy_pre_heap 00000000  200169c0  200169c0  0000bd00  2**0
                  CONTENTS
 16 .heap         00000800  200169c0  200169c0  0000c9c0  2**2
                  ALLOC, READONLY
 17 .scratch_x    00000000  20040000  20040000  0000bd00  2**0
                  CONTENTS
 18 .scratch_y    00000000  20041000  20041000  0000bd00  2**0
                  CONTENTS
 19 .stack_dummy  00000800  20041000  20041000  0000c000  2**5
                  ALLOC, READONLY
 20 .debug_info   00035645  00000000  00000000  0000bd00  2**0
                  CONTENTS, READONLY, DEBUGGING, OCTETS
 21 .debug_abbrev 00009e46  00000000  00000000  00041345  2**0
                  CONTENTS, READONLY, DEBUGGING, OCTETS
 22 .debug_loclists 0001463a  00000000  00000000  0004b18b  2**0
                  CONTENTS, READONLY, DEBUGGING, OCTETS
 23 .debug_aranges 00001980  00000000  00000000  0005f7c8  2**3
                  CONTENTS, READONLY, DEBUGGING, OCTETS
 24 .debug_rnglists 00001ba1  00000000  00000000  00061148  2**0
                  CONTENTS, READONLY, DEBUGGING, OCTETS
 25 .debug_line   0001f053  00000000  00000000  00062ce9  2**0
                  CONTENTS, READONLY, DEBUGGING, OCTETS
 26 .debug_str    0000a503  00000000  00000000  00081d3c  2**0
                  CONTENTS, READONLY, DEBUGGING, OCTETS
 27 .comment      0000001e  00000000  00000000  0008c23f  2**0
                  CONTENTS, READONLY
 28 .ARM.attributes 0000002a  00000000  00000000  0008c25d  2**0
                  CONTENTS, READONLY
 29 .debug_frame  00003b98  00000000  00000000  0008c288  2**2
                  CONTENTS, READONLY, DEBUGGING, OCTETS
 30 .debug_line_str 000002fd  00000000  00000000  0008fe20  2**0
                  CONTENTS, READONLY, DEBUGGING, OCTETS

/home/alexander/Programming/rp2xxx/rp2040_touch_lcd/build/main.elf:     file format elf32-littlearm


Disassembly of section .boot2:

10000000 <__boot2_start__>:
10000000:	4b32b500 	.word	0x4b32b500
10000004:	60582021 	.word	0x60582021
10000008:	21026898 	.word	0x21026898
1000000c:	60984388 	.word	0x60984388
10000010:	611860d8 	.word	0x611860d8
10000014:	4b2e6158 	.word	0x4b2e6158
10000018:	60992100 	.word	0x60992100
1000001c:	61592102 	.word	0x61592102
10000020:	22f02101 	.word	0x22f02101
10000024:	492b5099 	.word	0x492b5099
10000028:	21016019 	.word	0x21016019
1000002c:	20356099 	.word	0x20356099
10000030:	f844f000 	.word	0xf844f000
10000034:	42902202 	.word	0x42902202
10000038:	2106d014 	.word	0x2106d014
1000003c:	f0006619 	.word	0xf0006619
10000040:	6e19f834 	.word	0x6e19f834
10000044:	66192101 	.word	0x66192101
10000048:	66182000 	.word	0x66182000
1000004c:	f000661a 	.word	0xf000661a
10000050:	6e19f82c 	.word	0x6e19f82c
10000054:	6e196e19 	.word	0x6e196e19
10000058:	f0002005 	.word	0xf0002005
1000005c:	2101f82f 	.word	0x2101f82f
10000060:	d1f94208 	.word	0xd1f94208
10000064:	60992100 	.word	0x60992100
10000068:	6019491b 	.word	0x6019491b
1000006c:	60592100 	.word	0x60592100
10000070:	481b491a 	.word	0x481b491a
10000074:	21016001 	.word	0x21016001
10000078:	21eb6099 	.word	0x21eb6099
1000007c:	21a06619 	.word	0x21a06619
10000080:	f0006619 	.word	0xf0006619
10000084:	2100f812 	.word	0x2100f812
10000088:	49166099 	.word	0x49166099
1000008c:	60014814 	.word	0x60014814
10000090:	60992101 	.word	0x60992101
10000094:	2800bc01 	.word	0x2800bc01
10000098:	4700d000 	.word	0x4700d000
1000009c:	49134812 	.word	0x49134812
100000a0:	c8036008 	.word	0xc8036008
100000a4:	8808f380 	.word	0x8808f380
100000a8:	b5034708 	.word	0xb5034708
100000ac:	20046a99 	.word	0x20046a99
100000b0:	d0fb4201 	.word	0xd0fb4201
100000b4:	42012001 	.word	0x42012001
100000b8:	bd03d1f8 	.word	0xbd03d1f8
100000bc:	6618b502 	.word	0x6618b502
100000c0:	f7ff6618 	.word	0xf7ff6618
100000c4:	6e18fff2 	.word	0x6e18fff2
100000c8:	bd026e18 	.word	0xbd026e18
100000cc:	40020000 	.word	0x40020000
100000d0:	18000000 	.word	0x18000000
100000d4:	00070000 	.word	0x00070000
100000d8:	005f0300 	.word	0x005f0300
100000dc:	00002221 	.word	0x00002221
100000e0:	180000f4 	.word	0x180000f4
100000e4:	a0002022 	.word	0xa0002022
100000e8:	10000100 	.word	0x10000100
100000ec:	e000ed08 	.word	0xe000ed08
	...
100000fc:	7a4eb274 	.word	0x7a4eb274

Disassembly of section .text:

10000100 <__VECTOR_TABLE>:
10000100:	20042000 	.word	0x20042000
10000104:	100001f7 	.word	0x100001f7
10000108:	100001cb 	.word	0x100001cb
1000010c:	100001cd 	.word	0x100001cd
10000110:	100001c9 	.word	0x100001c9
10000114:	100001c9 	.word	0x100001c9
10000118:	100001c9 	.word	0x100001c9
1000011c:	100001c9 	.word	0x100001c9
10000120:	100001c9 	.word	0x100001c9
10000124:	100001c9 	.word	0x100001c9
10000128:	100001c9 	.word	0x100001c9
1000012c:	100001cf 	.word	0x100001cf
10000130:	100001c9 	.word	0x100001c9
10000134:	100001c9 	.word	0x100001c9
10000138:	100001d1 	.word	0x100001d1
1000013c:	100001d3 	.word	0x100001d3
10000140:	100001c1 	.word	0x100001c1
10000144:	100001c1 	.word	0x100001c1
10000148:	100001c1 	.word	0x100001c1
1000014c:	100001c1 	.word	0x100001c1
10000150:	100001c1 	.word	0x100001c1
10000154:	100001c1 	.word	0x100001c1
10000158:	100001c1 	.word	0x100001c1
1000015c:	100001c1 	.word	0x100001c1
10000160:	100001c1 	.word	0x100001c1
10000164:	100001c1 	.word	0x100001c1
10000168:	100001c1 	.word	0x100001c1
1000016c:	100001c1 	.word	0x100001c1
10000170:	100001c1 	.word	0x100001c1
10000174:	100001c1 	.word	0x100001c1
10000178:	100001c1 	.word	0x100001c1
1000017c:	100001c1 	.word	0x100001c1
10000180:	100001c1 	.word	0x100001c1
10000184:	100001c1 	.word	0x100001c1
10000188:	100001c1 	.word	0x100001c1
1000018c:	100001c1 	.word	0x100001c1
10000190:	100001c1 	.word	0x100001c1
10000194:	100001c1 	.word	0x100001c1
10000198:	100001c1 	.word	0x100001c1
1000019c:	100001c1 	.word	0x100001c1
100001a0:	100001c1 	.word	0x100001c1
100001a4:	100001c1 	.word	0x100001c1
100001a8:	100001c1 	.word	0x100001c1
100001ac:	100001c1 	.word	0x100001c1
100001b0:	100001c1 	.word	0x100001c1
100001b4:	100001c1 	.word	0x100001c1
100001b8:	100001c1 	.word	0x100001c1
100001bc:	100001c1 	.word	0x100001c1

100001c0 <__unhandled_user_irq>:
100001c0:	f3ef 8005 	mrs	r0, IPSR
100001c4:	3810      	subs	r0, #16

100001c6 <unhandled_user_irq_num_in_r0>:
100001c6:	be00      	bkpt	0x0000

100001c8 <isr_invalid>:
100001c8:	be00      	bkpt	0x0000

100001ca <isr_nmi>:
100001ca:	be00      	bkpt	0x0000

100001cc <isr_hardfault>:
100001cc:	be00      	bkpt	0x0000

100001ce <isr_svcall>:
100001ce:	be00      	bkpt	0x0000

100001d0 <isr_pendsv>:
100001d0:	be00      	bkpt	0x0000

100001d2 <isr_systick>:
100001d2:	be00      	bkpt	0x0000

100001d4 <__default_isrs_end>:
100001d4:	7188ebf2 	.word	0x7188ebf2
100001d8:	100090e8 	.word	0x100090e8
100001dc:	10009114 	.word	0x10009114
100001e0:	10000238 	.word	0x10000238
100001e4:	e71aa390 	.word	0xe71aa390

100001e8 <_entry_point>:
100001e8:	2000      	movs	r0, #0

100001ea <_enter_vtable_in_r0>:
100001ea:	491e      	ldr	r1, [pc, #120]	@ (10000264 <data_cpy_table+0x2c>)
100001ec:	6008      	str	r0, [r1, #0]
100001ee:	c806      	ldmia	r0!, {r1, r2}
100001f0:	f381 8808 	msr	MSP, r1
100001f4:	4710      	bx	r2

100001f6 <_reset_handler>:
100001f6:	481c      	ldr	r0, [pc, #112]	@ (10000268 <data_cpy_table+0x30>)
100001f8:	6800      	ldr	r0, [r0, #0]
100001fa:	2800      	cmp	r0, #0
100001fc:	d001      	beq.n	10000202 <hold_non_core0_in_bootrom+0x4>

100001fe <hold_non_core0_in_bootrom>:
100001fe:	2000      	movs	r0, #0
10000200:	e7f3      	b.n	100001ea <_enter_vtable_in_r0>
10000202:	a40d      	add	r4, pc, #52	@ (adr r4, 10000238 <data_cpy_table>)
10000204:	cc0e      	ldmia	r4!, {r1, r2, r3}
10000206:	2900      	cmp	r1, #0
10000208:	d002      	beq.n	10000210 <hold_non_core0_in_bootrom+0x12>
1000020a:	f000 f812 	bl	10000232 <data_cpy>
1000020e:	e7f9      	b.n	10000204 <hold_non_core0_in_bootrom+0x6>
10000210:	4916      	ldr	r1, [pc, #88]	@ (1000026c <data_cpy_table+0x34>)
10000212:	4a17      	ldr	r2, [pc, #92]	@ (10000270 <data_cpy_table+0x38>)
10000214:	2000      	movs	r0, #0
10000216:	e000      	b.n	1000021a <bss_fill_test>

10000218 <bss_fill_loop>:
10000218:	c101      	stmia	r1!, {r0}

1000021a <bss_fill_test>:
1000021a:	4291      	cmp	r1, r2
1000021c:	d1fc      	bne.n	10000218 <bss_fill_loop>

1000021e <platform_entry>:
1000021e:	4915      	ldr	r1, [pc, #84]	@ (10000274 <data_cpy_table+0x3c>)
10000220:	4788      	blx	r1
10000222:	4915      	ldr	r1, [pc, #84]	@ (10000278 <data_cpy_table+0x40>)
10000224:	4788      	blx	r1
10000226:	4915      	ldr	r1, [pc, #84]	@ (1000027c <data_cpy_table+0x44>)
10000228:	4788      	blx	r1
1000022a:	be00      	bkpt	0x0000
1000022c:	e7fd      	b.n	1000022a <platform_entry+0xc>

1000022e <data_cpy_loop>:
1000022e:	c901      	ldmia	r1!, {r0}
10000230:	c201      	stmia	r2!, {r0}

10000232 <data_cpy>:
10000232:	429a      	cmp	r2, r3
10000234:	d3fb      	bcc.n	1000022e <data_cpy_loop>

10000236 <data_cpy_done>:
10000236:	4770      	bx	lr

10000238 <data_cpy_table>:
10000238:	10009114 	.word	0x10009114
1000023c:	200000c0 	.word	0x200000c0
10000240:	20000d00 	.word	0x20000d00
10000244:	10009d54 	.word	0x10009d54
10000248:	20040000 	.word	0x20040000
1000024c:	20040000 	.word	0x20040000
10000250:	10009d54 	.word	0x10009d54
10000254:	20041000 	.word	0x20041000
10000258:	20041000 	.word	0x20041000
1000025c:	00000000 	.word	0x00000000
10000260:	4770      	bx	lr
10000262:	0000      	.short	0x0000
10000264:	e000ed08 	.word	0xe000ed08
10000268:	d0000000 	.word	0xd0000000
1000026c:	20000d00 	.word	0x20000d00
10000270:	200169c0 	.word	0x200169c0
10000274:	10003875 	.word	0x10003875
10000278:	1000047d 	.word	0x1000047d
1000027c:	10003837 	.word	0x10003837

10000280 <sin_q16>:
10000280:	b510      	push	{r4, lr}
10000282:	21b4      	movs	r1, #180	@ 0xb4
10000284:	0089      	lsls	r1, r1, #2
10000286:	f001 fdf9 	bl	10001e7c <__wrap___aeabi_idiv>
1000028a:	23b4      	movs	r3, #180	@ 0xb4
1000028c:	009b      	lsls	r3, r3, #2
1000028e:	18c8      	adds	r0, r1, r3
10000290:	0019      	movs	r1, r3
10000292:	f001 fdf3 	bl	10001e7c <__wrap___aeabi_idiv>
10000296:	29b4      	cmp	r1, #180	@ 0xb4
10000298:	dd0e      	ble.n	100002b8 <sin_q16+0x38>
1000029a:	23b4      	movs	r3, #180	@ 0xb4
1000029c:	005b      	lsls	r3, r3, #1
1000029e:	4299      	cmp	r1, r3
100002a0:	dd0e      	ble.n	100002c0 <sin_q16+0x40>
100002a2:	2387      	movs	r3, #135	@ 0x87
100002a4:	009b      	lsls	r3, r3, #2
100002a6:	4299      	cmp	r1, r3
100002a8:	dc0f      	bgt.n	100002ca <sin_q16+0x4a>
100002aa:	3969      	subs	r1, #105	@ 0x69
100002ac:	39ff      	subs	r1, #255	@ 0xff
100002ae:	4b0b      	ldr	r3, [pc, #44]	@ (100002dc <sin_q16+0x5c>)
100002b0:	0089      	lsls	r1, r1, #2
100002b2:	58c8      	ldr	r0, [r1, r3]
100002b4:	4240      	negs	r0, r0
100002b6:	e002      	b.n	100002be <sin_q16+0x3e>
100002b8:	4b08      	ldr	r3, [pc, #32]	@ (100002dc <sin_q16+0x5c>)
100002ba:	0089      	lsls	r1, r1, #2
100002bc:	58c8      	ldr	r0, [r1, r3]
100002be:	bd10      	pop	{r4, pc}
100002c0:	1a5b      	subs	r3, r3, r1
100002c2:	4a06      	ldr	r2, [pc, #24]	@ (100002dc <sin_q16+0x5c>)
100002c4:	009b      	lsls	r3, r3, #2
100002c6:	5898      	ldr	r0, [r3, r2]
100002c8:	e7f9      	b.n	100002be <sin_q16+0x3e>
100002ca:	23b4      	movs	r3, #180	@ 0xb4
100002cc:	009b      	lsls	r3, r3, #2
100002ce:	1a5b      	subs	r3, r3, r1
100002d0:	4a02      	ldr	r2, [pc, #8]	@ (100002dc <sin_q16+0x5c>)
100002d2:	009b      	lsls	r3, r3, #2
100002d4:	5898      	ldr	r0, [r3, r2]
100002d6:	4240      	negs	r0, r0
100002d8:	e7f1      	b.n	100002be <sin_q16+0x3e>
100002da:	46c0      	nop			@ (mov r8, r8)
100002dc:	10007810 	.word	0x10007810

100002e0 <mat_mat_multq16>:
100002e0:	b5f0      	push	{r4, r5, r6, r7, lr}
100002e2:	46d6      	mov	lr, sl
100002e4:	464f      	mov	r7, r9
100002e6:	4646      	mov	r6, r8
100002e8:	b5c0      	push	{r6, r7, lr}
100002ea:	0007      	movs	r7, r0
100002ec:	468a      	mov	sl, r1
100002ee:	4691      	mov	r9, r2
100002f0:	2240      	movs	r2, #64	@ 0x40
100002f2:	2100      	movs	r1, #0
100002f4:	f002 f9a2 	bl	1000263c <__wrap_memset>
100002f8:	2300      	movs	r3, #0
100002fa:	4698      	mov	r8, r3
100002fc:	e021      	b.n	10000342 <mat_mat_multq16+0x62>
100002fe:	4643      	mov	r3, r8
10000300:	009c      	lsls	r4, r3, #2
10000302:	1963      	adds	r3, r4, r5
10000304:	009b      	lsls	r3, r3, #2
10000306:	4652      	mov	r2, sl
10000308:	589a      	ldr	r2, [r3, r2]
1000030a:	00ab      	lsls	r3, r5, #2
1000030c:	199b      	adds	r3, r3, r6
1000030e:	009b      	lsls	r3, r3, #2
10000310:	4649      	mov	r1, r9
10000312:	5858      	ldr	r0, [r3, r1]
10000314:	17d3      	asrs	r3, r2, #31
10000316:	17c1      	asrs	r1, r0, #31
10000318:	f002 f96e 	bl	100025f8 <__wrap___aeabi_lmul>
1000031c:	0409      	lsls	r1, r1, #16
1000031e:	0c00      	lsrs	r0, r0, #16
10000320:	1808      	adds	r0, r1, r0
10000322:	19a4      	adds	r4, r4, r6
10000324:	00a4      	lsls	r4, r4, #2
10000326:	59e3      	ldr	r3, [r4, r7]
10000328:	181b      	adds	r3, r3, r0
1000032a:	51e3      	str	r3, [r4, r7]
1000032c:	3501      	adds	r5, #1
1000032e:	2d03      	cmp	r5, #3
10000330:	dde5      	ble.n	100002fe <mat_mat_multq16+0x1e>
10000332:	3601      	adds	r6, #1
10000334:	2e03      	cmp	r6, #3
10000336:	dc01      	bgt.n	1000033c <mat_mat_multq16+0x5c>
10000338:	2500      	movs	r5, #0
1000033a:	e7f8      	b.n	1000032e <mat_mat_multq16+0x4e>
1000033c:	2301      	movs	r3, #1
1000033e:	469c      	mov	ip, r3
10000340:	44e0      	add	r8, ip
10000342:	4643      	mov	r3, r8
10000344:	2b03      	cmp	r3, #3
10000346:	dc01      	bgt.n	1000034c <mat_mat_multq16+0x6c>
10000348:	2600      	movs	r6, #0
1000034a:	e7f3      	b.n	10000334 <mat_mat_multq16+0x54>
1000034c:	0038      	movs	r0, r7
1000034e:	bce0      	pop	{r5, r6, r7}
10000350:	46ba      	mov	sl, r7
10000352:	46b1      	mov	r9, r6
10000354:	46a8      	mov	r8, r5
10000356:	bdf0      	pop	{r4, r5, r6, r7, pc}

10000358 <rotateXY>:
10000358:	b570      	push	{r4, r5, r6, lr}
1000035a:	0004      	movs	r4, r0
1000035c:	000e      	movs	r6, r1
1000035e:	0008      	movs	r0, r1
10000360:	30b4      	adds	r0, #180	@ 0xb4
10000362:	f7ff ff8d 	bl	10000280 <sin_q16>
10000366:	0005      	movs	r5, r0
10000368:	0030      	movs	r0, r6
1000036a:	f7ff ff89 	bl	10000280 <sin_q16>
1000036e:	4243      	negs	r3, r0
10000370:	6025      	str	r5, [r4, #0]
10000372:	6063      	str	r3, [r4, #4]
10000374:	2300      	movs	r3, #0
10000376:	60a3      	str	r3, [r4, #8]
10000378:	60e3      	str	r3, [r4, #12]
1000037a:	6120      	str	r0, [r4, #16]
1000037c:	6165      	str	r5, [r4, #20]
1000037e:	61a3      	str	r3, [r4, #24]
10000380:	61e3      	str	r3, [r4, #28]
10000382:	6223      	str	r3, [r4, #32]
10000384:	6263      	str	r3, [r4, #36]	@ 0x24
10000386:	2280      	movs	r2, #128	@ 0x80
10000388:	0252      	lsls	r2, r2, #9
1000038a:	62a2      	str	r2, [r4, #40]	@ 0x28
1000038c:	62e3      	str	r3, [r4, #44]	@ 0x2c
1000038e:	6323      	str	r3, [r4, #48]	@ 0x30
10000390:	6363      	str	r3, [r4, #52]	@ 0x34
10000392:	63a3      	str	r3, [r4, #56]	@ 0x38
10000394:	63e2      	str	r2, [r4, #60]	@ 0x3c
10000396:	0020      	movs	r0, r4
10000398:	bd70      	pop	{r4, r5, r6, pc}

1000039a <rotateXZ>:
1000039a:	b570      	push	{r4, r5, r6, lr}
1000039c:	0004      	movs	r4, r0
1000039e:	000e      	movs	r6, r1
100003a0:	0008      	movs	r0, r1
100003a2:	30b4      	adds	r0, #180	@ 0xb4
100003a4:	f7ff ff6c 	bl	10000280 <sin_q16>
100003a8:	0005      	movs	r5, r0
100003aa:	0030      	movs	r0, r6
100003ac:	f7ff ff68 	bl	10000280 <sin_q16>
100003b0:	4241      	negs	r1, r0
100003b2:	6025      	str	r5, [r4, #0]
100003b4:	2300      	movs	r3, #0
100003b6:	6063      	str	r3, [r4, #4]
100003b8:	60a0      	str	r0, [r4, #8]
100003ba:	60e3      	str	r3, [r4, #12]
100003bc:	6123      	str	r3, [r4, #16]
100003be:	2280      	movs	r2, #128	@ 0x80
100003c0:	0252      	lsls	r2, r2, #9
100003c2:	6162      	str	r2, [r4, #20]
100003c4:	61a3      	str	r3, [r4, #24]
100003c6:	61e3      	str	r3, [r4, #28]
100003c8:	6221      	str	r1, [r4, #32]
100003ca:	6263      	str	r3, [r4, #36]	@ 0x24
100003cc:	62a5      	str	r5, [r4, #40]	@ 0x28
100003ce:	62e3      	str	r3, [r4, #44]	@ 0x2c
100003d0:	6323      	str	r3, [r4, #48]	@ 0x30
100003d2:	6363      	str	r3, [r4, #52]	@ 0x34
100003d4:	63a3      	str	r3, [r4, #56]	@ 0x38
100003d6:	63e2      	str	r2, [r4, #60]	@ 0x3c
100003d8:	0020      	movs	r0, r4
100003da:	bd70      	pop	{r4, r5, r6, pc}

100003dc <spin_cube>:
100003dc:	b5f0      	push	{r4, r5, r6, r7, lr}
100003de:	b0e5      	sub	sp, #404	@ 0x194
100003e0:	2500      	movs	r5, #0
100003e2:	e000      	b.n	100003e6 <spin_cube+0xa>
100003e4:	3501      	adds	r5, #1
100003e6:	0029      	movs	r1, r5
100003e8:	4668      	mov	r0, sp
100003ea:	f7ff ffd6 	bl	1000039a <rotateXZ>
100003ee:	00a9      	lsls	r1, r5, #2
100003f0:	1949      	adds	r1, r1, r5
100003f2:	a810      	add	r0, sp, #64	@ 0x40
100003f4:	f7ff ffb0 	bl	10000358 <rotateXY>
100003f8:	2180      	movs	r1, #128	@ 0x80
100003fa:	0209      	lsls	r1, r1, #8
100003fc:	9120      	str	r1, [sp, #128]	@ 0x80
100003fe:	2200      	movs	r2, #0
10000400:	9221      	str	r2, [sp, #132]	@ 0x84
10000402:	9222      	str	r2, [sp, #136]	@ 0x88
10000404:	9223      	str	r2, [sp, #140]	@ 0x8c
10000406:	9224      	str	r2, [sp, #144]	@ 0x90
10000408:	9125      	str	r1, [sp, #148]	@ 0x94
1000040a:	9226      	str	r2, [sp, #152]	@ 0x98
1000040c:	9227      	str	r2, [sp, #156]	@ 0x9c
1000040e:	9228      	str	r2, [sp, #160]	@ 0xa0
10000410:	9229      	str	r2, [sp, #164]	@ 0xa4
10000412:	912a      	str	r1, [sp, #168]	@ 0xa8
10000414:	922b      	str	r2, [sp, #172]	@ 0xac
10000416:	922c      	str	r2, [sp, #176]	@ 0xb0
10000418:	922d      	str	r2, [sp, #180]	@ 0xb4
1000041a:	922e      	str	r2, [sp, #184]	@ 0xb8
1000041c:	2280      	movs	r2, #128	@ 0x80
1000041e:	0252      	lsls	r2, r2, #9
10000420:	922f      	str	r2, [sp, #188]	@ 0xbc
10000422:	ac30      	add	r4, sp, #192	@ 0xc0
10000424:	aa10      	add	r2, sp, #64	@ 0x40
10000426:	4669      	mov	r1, sp
10000428:	0020      	movs	r0, r4
1000042a:	f7ff ff59 	bl	100002e0 <mat_mat_multq16>
1000042e:	ae40      	add	r6, sp, #256	@ 0x100
10000430:	0022      	movs	r2, r4
10000432:	a920      	add	r1, sp, #128	@ 0x80
10000434:	0030      	movs	r0, r6
10000436:	f7ff ff53 	bl	100002e0 <mat_mat_multq16>
1000043a:	480d      	ldr	r0, [pc, #52]	@ (10000470 <spin_cube+0x94>)
1000043c:	f006 fcb4 	bl	10006da8 <Paint_Clear>
10000440:	ac50      	add	r4, sp, #320	@ 0x140
10000442:	4b0c      	ldr	r3, [pc, #48]	@ (10000474 <spin_cube+0x98>)
10000444:	0022      	movs	r2, r4
10000446:	cb83      	ldmia	r3!, {r0, r1, r7}
10000448:	c283      	stmia	r2!, {r0, r1, r7}
1000044a:	2301      	movs	r3, #1
1000044c:	7323      	strb	r3, [r4, #12]
1000044e:	2240      	movs	r2, #64	@ 0x40
10000450:	0031      	movs	r1, r6
10000452:	a854      	add	r0, sp, #336	@ 0x150
10000454:	f002 f8f8 	bl	10002648 <__wrap___aeabi_memcpy>
10000458:	0020      	movs	r0, r4
1000045a:	f006 fdc7 	bl	10006fec <draw>
1000045e:	4806      	ldr	r0, [pc, #24]	@ (10000478 <spin_cube+0x9c>)
10000460:	f006 fc3e 	bl	10006ce0 <LCD_1IN28_Display>
10000464:	23b4      	movs	r3, #180	@ 0xb4
10000466:	009b      	lsls	r3, r3, #2
10000468:	429d      	cmp	r5, r3
1000046a:	d1bb      	bne.n	100003e4 <spin_cube+0x8>
1000046c:	2501      	movs	r5, #1
1000046e:	e7b9      	b.n	100003e4 <spin_cube+0x8>
10000470:	00000fff 	.word	0x00000fff
10000474:	10008ecc 	.word	0x10008ecc
10000478:	20000e88 	.word	0x20000e88

1000047c <main>:
1000047c:	b510      	push	{r4, lr}
1000047e:	f007 f88f 	bl	100075a0 <DEV_Module_Init>
10000482:	2800      	cmp	r0, #0
10000484:	d002      	beq.n	1000048c <main+0x10>
10000486:	2001      	movs	r0, #1
10000488:	4240      	negs	r0, r0
1000048a:	bd10      	pop	{r4, pc}
1000048c:	f006 fbbc 	bl	10006c08 <LCD_1IN28_Init>
10000490:	4812      	ldr	r0, [pc, #72]	@ (100004dc <main+0x60>)
10000492:	f006 fbf1 	bl	10006c78 <LCD_1IN28_Clear>
10000496:	2064      	movs	r0, #100	@ 0x64
10000498:	f007 f862 	bl	10007560 <DEV_SET_PWM>
1000049c:	4b10      	ldr	r3, [pc, #64]	@ (100004e0 <main+0x64>)
1000049e:	885a      	ldrh	r2, [r3, #2]
100004a0:	8819      	ldrh	r1, [r3, #0]
100004a2:	4810      	ldr	r0, [pc, #64]	@ (100004e4 <main+0x68>)
100004a4:	4b0d      	ldr	r3, [pc, #52]	@ (100004dc <main+0x60>)
100004a6:	0004      	movs	r4, r0
100004a8:	f006 fc38 	bl	10006d1c <Paint_NewImage>
100004ac:	480b      	ldr	r0, [pc, #44]	@ (100004dc <main+0x60>)
100004ae:	f006 fc7b 	bl	10006da8 <Paint_Clear>
100004b2:	0020      	movs	r0, r4
100004b4:	f006 fc14 	bl	10006ce0 <LCD_1IN28_Display>
100004b8:	20fa      	movs	r0, #250	@ 0xfa
100004ba:	0080      	lsls	r0, r0, #2
100004bc:	f007 f801 	bl	100074c2 <DEV_Delay_ms>
100004c0:	20f0      	movs	r0, #240	@ 0xf0
100004c2:	0100      	lsls	r0, r0, #4
100004c4:	f006 fc70 	bl	10006da8 <Paint_Clear>
100004c8:	0020      	movs	r0, r4
100004ca:	f006 fc09 	bl	10006ce0 <LCD_1IN28_Display>
100004ce:	20fa      	movs	r0, #250	@ 0xfa
100004d0:	0080      	lsls	r0, r0, #2
100004d2:	f006 fff6 	bl	100074c2 <DEV_Delay_ms>
100004d6:	f7ff ff81 	bl	100003dc <spin_cube>
100004da:	46c0      	nop			@ (mov r8, r8)
100004dc:	00000fff 	.word	0x00000fff
100004e0:	20016008 	.word	0x20016008
100004e4:	20000e88 	.word	0x20000e88

100004e8 <gpio_set_function>:
100004e8:	4643      	mov	r3, r8
100004ea:	b408      	push	{r3}
100004ec:	468c      	mov	ip, r1
100004ee:	0083      	lsls	r3, r0, #2
100004f0:	4a09      	ldr	r2, [pc, #36]	@ (10000518 <gpio_set_function+0x30>)
100004f2:	189a      	adds	r2, r3, r2
100004f4:	6812      	ldr	r2, [r2, #0]
100004f6:	2140      	movs	r1, #64	@ 0x40
100004f8:	4051      	eors	r1, r2
100004fa:	22c0      	movs	r2, #192	@ 0xc0
100004fc:	400a      	ands	r2, r1
100004fe:	4907      	ldr	r1, [pc, #28]	@ (1000051c <gpio_set_function+0x34>)
10000500:	4688      	mov	r8, r1
10000502:	4443      	add	r3, r8
10000504:	601a      	str	r2, [r3, #0]
10000506:	00c0      	lsls	r0, r0, #3
10000508:	4b05      	ldr	r3, [pc, #20]	@ (10000520 <gpio_set_function+0x38>)
1000050a:	4698      	mov	r8, r3
1000050c:	4440      	add	r0, r8
1000050e:	4663      	mov	r3, ip
10000510:	6043      	str	r3, [r0, #4]
10000512:	bc08      	pop	{r3}
10000514:	4698      	mov	r8, r3
10000516:	4770      	bx	lr
10000518:	4001c004 	.word	0x4001c004
1000051c:	4001d004 	.word	0x4001d004
10000520:	40014000 	.word	0x40014000

10000524 <gpio_set_pulls>:
10000524:	0080      	lsls	r0, r0, #2
10000526:	4b0b      	ldr	r3, [pc, #44]	@ (10000554 <gpio_set_pulls+0x30>)
10000528:	469c      	mov	ip, r3
1000052a:	4460      	add	r0, ip
1000052c:	2900      	cmp	r1, #0
1000052e:	d00e      	beq.n	1000054e <gpio_set_pulls+0x2a>
10000530:	2308      	movs	r3, #8
10000532:	2a00      	cmp	r2, #0
10000534:	d000      	beq.n	10000538 <gpio_set_pulls+0x14>
10000536:	2204      	movs	r2, #4
10000538:	4313      	orrs	r3, r2
1000053a:	6802      	ldr	r2, [r0, #0]
1000053c:	4053      	eors	r3, r2
1000053e:	220c      	movs	r2, #12
10000540:	4013      	ands	r3, r2
10000542:	2280      	movs	r2, #128	@ 0x80
10000544:	0152      	lsls	r2, r2, #5
10000546:	4694      	mov	ip, r2
10000548:	4460      	add	r0, ip
1000054a:	6003      	str	r3, [r0, #0]
1000054c:	4770      	bx	lr
1000054e:	2300      	movs	r3, #0
10000550:	e7ef      	b.n	10000532 <gpio_set_pulls+0xe>
10000552:	46c0      	nop			@ (mov r8, r8)
10000554:	4001c004 	.word	0x4001c004

10000558 <gpio_set_input_enabled>:
10000558:	2900      	cmp	r1, #0
1000055a:	d006      	beq.n	1000056a <gpio_set_input_enabled+0x12>
1000055c:	0080      	lsls	r0, r0, #2
1000055e:	4b06      	ldr	r3, [pc, #24]	@ (10000578 <gpio_set_input_enabled+0x20>)
10000560:	469c      	mov	ip, r3
10000562:	4460      	add	r0, ip
10000564:	2340      	movs	r3, #64	@ 0x40
10000566:	6003      	str	r3, [r0, #0]
10000568:	4770      	bx	lr
1000056a:	0080      	lsls	r0, r0, #2
1000056c:	4b03      	ldr	r3, [pc, #12]	@ (1000057c <gpio_set_input_enabled+0x24>)
1000056e:	469c      	mov	ip, r3
10000570:	4460      	add	r0, ip
10000572:	2340      	movs	r3, #64	@ 0x40
10000574:	6003      	str	r3, [r0, #0]
10000576:	e7f7      	b.n	10000568 <gpio_set_input_enabled+0x10>
10000578:	4001e004 	.word	0x4001e004
1000057c:	4001f004 	.word	0x4001f004

10000580 <gpio_init>:
10000580:	b510      	push	{r4, lr}
10000582:	2301      	movs	r3, #1
10000584:	4083      	lsls	r3, r0
10000586:	22d0      	movs	r2, #208	@ 0xd0
10000588:	0612      	lsls	r2, r2, #24
1000058a:	6293      	str	r3, [r2, #40]	@ 0x28
1000058c:	6193      	str	r3, [r2, #24]
1000058e:	2105      	movs	r1, #5
10000590:	f7ff ffaa 	bl	100004e8 <gpio_set_function>
10000594:	bd10      	pop	{r4, pc}
	...

10000598 <rp2040_chip_version>:
10000598:	b510      	push	{r4, lr}
1000059a:	2380      	movs	r3, #128	@ 0x80
1000059c:	05db      	lsls	r3, r3, #23
1000059e:	6818      	ldr	r0, [r3, #0]
100005a0:	0503      	lsls	r3, r0, #20
100005a2:	0d1b      	lsrs	r3, r3, #20
100005a4:	4a0b      	ldr	r2, [pc, #44]	@ (100005d4 <rp2040_chip_version+0x3c>)
100005a6:	4293      	cmp	r3, r2
100005a8:	d107      	bne.n	100005ba <rp2040_chip_version+0x22>
100005aa:	4b0b      	ldr	r3, [pc, #44]	@ (100005d8 <rp2040_chip_version+0x40>)
100005ac:	4003      	ands	r3, r0
100005ae:	2280      	movs	r2, #128	@ 0x80
100005b0:	0192      	lsls	r2, r2, #6
100005b2:	4293      	cmp	r3, r2
100005b4:	d107      	bne.n	100005c6 <rp2040_chip_version+0x2e>
100005b6:	0f00      	lsrs	r0, r0, #28
100005b8:	bd10      	pop	{r4, pc}
100005ba:	4b08      	ldr	r3, [pc, #32]	@ (100005dc <rp2040_chip_version+0x44>)
100005bc:	4a08      	ldr	r2, [pc, #32]	@ (100005e0 <rp2040_chip_version+0x48>)
100005be:	4809      	ldr	r0, [pc, #36]	@ (100005e4 <rp2040_chip_version+0x4c>)
100005c0:	2113      	movs	r1, #19
100005c2:	f003 f93b 	bl	1000383c <__assert_func>
100005c6:	4b08      	ldr	r3, [pc, #32]	@ (100005e8 <rp2040_chip_version+0x50>)
100005c8:	4a05      	ldr	r2, [pc, #20]	@ (100005e0 <rp2040_chip_version+0x48>)
100005ca:	4806      	ldr	r0, [pc, #24]	@ (100005e4 <rp2040_chip_version+0x4c>)
100005cc:	2114      	movs	r1, #20
100005ce:	f003 f935 	bl	1000383c <__assert_func>
100005d2:	46c0      	nop			@ (mov r8, r8)
100005d4:	00000927 	.word	0x00000927
100005d8:	0ffff000 	.word	0x0ffff000
100005dc:	10007ae4 	.word	0x10007ae4
100005e0:	10008814 	.word	0x10008814
100005e4:	10007b08 	.word	0x10007b08
100005e8:	10007b58 	.word	0x10007b58

100005ec <panic>:
100005ec:	b40f      	push	{r0, r1, r2, r3}
100005ee:	b500      	push	{lr}
100005f0:	b083      	sub	sp, #12
100005f2:	4808      	ldr	r0, [pc, #32]	@ (10000614 <panic+0x28>)
100005f4:	f003 fa61 	bl	10003aba <__wrap_puts>
100005f8:	9b04      	ldr	r3, [sp, #16]
100005fa:	2b00      	cmp	r3, #0
100005fc:	d007      	beq.n	1000060e <panic+0x22>
100005fe:	a905      	add	r1, sp, #20
10000600:	9101      	str	r1, [sp, #4]
10000602:	0018      	movs	r0, r3
10000604:	f003 fa68 	bl	10003ad8 <__wrap_vprintf>
10000608:	4803      	ldr	r0, [pc, #12]	@ (10000618 <panic+0x2c>)
1000060a:	f003 fa56 	bl	10003aba <__wrap_puts>
1000060e:	2001      	movs	r0, #1
10000610:	f003 f90e 	bl	10003830 <_exit>
10000614:	10007b6c 	.word	0x10007b6c
10000618:	10008810 	.word	0x10008810

1000061c <hw_claim_lock>:
1000061c:	f3ef 8010 	mrs	r0, PRIMASK
10000620:	b672      	cpsid	i
10000622:	4b03      	ldr	r3, [pc, #12]	@ (10000630 <hw_claim_lock+0x14>)
10000624:	681b      	ldr	r3, [r3, #0]
10000626:	2b00      	cmp	r3, #0
10000628:	d0fb      	beq.n	10000622 <hw_claim_lock+0x6>
1000062a:	f3bf 8f5f 	dmb	sy
1000062e:	4770      	bx	lr
10000630:	d000012c 	.word	0xd000012c

10000634 <hw_claim_unlock>:
10000634:	f3bf 8f5f 	dmb	sy
10000638:	4b02      	ldr	r3, [pc, #8]	@ (10000644 <hw_claim_unlock+0x10>)
1000063a:	2200      	movs	r2, #0
1000063c:	601a      	str	r2, [r3, #0]
1000063e:	f380 8810 	msr	PRIMASK, r0
10000642:	4770      	bx	lr
10000644:	d000012c 	.word	0xd000012c

10000648 <hw_claim_or_assert>:
10000648:	b570      	push	{r4, r5, r6, lr}
1000064a:	0005      	movs	r5, r0
1000064c:	000c      	movs	r4, r1
1000064e:	0016      	movs	r6, r2
10000650:	f7ff ffe4 	bl	1000061c <hw_claim_lock>
10000654:	08e3      	lsrs	r3, r4, #3
10000656:	18ea      	adds	r2, r5, r3
10000658:	4694      	mov	ip, r2
1000065a:	5ce9      	ldrb	r1, [r5, r3]
1000065c:	2207      	movs	r2, #7
1000065e:	4022      	ands	r2, r4
10000660:	2301      	movs	r3, #1
10000662:	4093      	lsls	r3, r2
10000664:	420b      	tst	r3, r1
10000666:	d106      	bne.n	10000676 <hw_claim_or_assert+0x2e>
10000668:	b2db      	uxtb	r3, r3
1000066a:	430b      	orrs	r3, r1
1000066c:	4662      	mov	r2, ip
1000066e:	7013      	strb	r3, [r2, #0]
10000670:	f7ff ffe0 	bl	10000634 <hw_claim_unlock>
10000674:	bd70      	pop	{r4, r5, r6, pc}
10000676:	0021      	movs	r1, r4
10000678:	0030      	movs	r0, r6
1000067a:	f7ff ffb7 	bl	100005ec <panic>

1000067e <hw_claim_unused_from_range>:
1000067e:	b5f0      	push	{r4, r5, r6, r7, lr}
10000680:	b083      	sub	sp, #12
10000682:	0005      	movs	r5, r0
10000684:	9101      	str	r1, [sp, #4]
10000686:	0014      	movs	r4, r2
10000688:	001e      	movs	r6, r3
1000068a:	f7ff ffc7 	bl	1000061c <hw_claim_lock>
1000068e:	e000      	b.n	10000692 <hw_claim_unused_from_range+0x14>
10000690:	3401      	adds	r4, #1
10000692:	42b4      	cmp	r4, r6
10000694:	d80c      	bhi.n	100006b0 <hw_claim_unused_from_range+0x32>
10000696:	08e3      	lsrs	r3, r4, #3
10000698:	18ef      	adds	r7, r5, r3
1000069a:	5ceb      	ldrb	r3, [r5, r3]
1000069c:	2107      	movs	r1, #7
1000069e:	4021      	ands	r1, r4
100006a0:	2201      	movs	r2, #1
100006a2:	408a      	lsls	r2, r1
100006a4:	421a      	tst	r2, r3
100006a6:	d1f3      	bne.n	10000690 <hw_claim_unused_from_range+0x12>
100006a8:	b2d2      	uxtb	r2, r2
100006aa:	431a      	orrs	r2, r3
100006ac:	703a      	strb	r2, [r7, #0]
100006ae:	e001      	b.n	100006b4 <hw_claim_unused_from_range+0x36>
100006b0:	2401      	movs	r4, #1
100006b2:	4264      	negs	r4, r4
100006b4:	f7ff ffbe 	bl	10000634 <hw_claim_unlock>
100006b8:	2c00      	cmp	r4, #0
100006ba:	db02      	blt.n	100006c2 <hw_claim_unused_from_range+0x44>
100006bc:	0020      	movs	r0, r4
100006be:	b003      	add	sp, #12
100006c0:	bdf0      	pop	{r4, r5, r6, r7, pc}
100006c2:	9b01      	ldr	r3, [sp, #4]
100006c4:	2b00      	cmp	r3, #0
100006c6:	d0f9      	beq.n	100006bc <hw_claim_unused_from_range+0x3e>
100006c8:	9808      	ldr	r0, [sp, #32]
100006ca:	f7ff ff8f 	bl	100005ec <panic>
	...

100006d0 <next_striped_spin_lock_num>:
100006d0:	4a05      	ldr	r2, [pc, #20]	@ (100006e8 <next_striped_spin_lock_num+0x18>)
100006d2:	7810      	ldrb	r0, [r2, #0]
100006d4:	1c43      	adds	r3, r0, #1
100006d6:	b2db      	uxtb	r3, r3
100006d8:	7013      	strb	r3, [r2, #0]
100006da:	2b17      	cmp	r3, #23
100006dc:	d902      	bls.n	100006e4 <next_striped_spin_lock_num+0x14>
100006de:	0013      	movs	r3, r2
100006e0:	2210      	movs	r2, #16
100006e2:	701a      	strb	r2, [r3, #0]
100006e4:	4770      	bx	lr
100006e6:	46c0      	nop			@ (mov r8, r8)
100006e8:	20000bf0 	.word	0x20000bf0

100006ec <spin_lock_claim_unused>:
100006ec:	b500      	push	{lr}
100006ee:	b083      	sub	sp, #12
100006f0:	0001      	movs	r1, r0
100006f2:	4804      	ldr	r0, [pc, #16]	@ (10000704 <spin_lock_claim_unused+0x18>)
100006f4:	4b04      	ldr	r3, [pc, #16]	@ (10000708 <spin_lock_claim_unused+0x1c>)
100006f6:	9300      	str	r3, [sp, #0]
100006f8:	231f      	movs	r3, #31
100006fa:	2218      	movs	r2, #24
100006fc:	f7ff ffbf 	bl	1000067e <hw_claim_unused_from_range>
10000700:	b003      	add	sp, #12
10000702:	bd00      	pop	{pc}
10000704:	200163fc 	.word	0x200163fc
10000708:	10007b7c 	.word	0x10007b7c

1000070c <spin_locks_reset>:
1000070c:	2300      	movs	r3, #0
1000070e:	e007      	b.n	10000720 <spin_locks_reset+0x14>
10000710:	4a05      	ldr	r2, [pc, #20]	@ (10000728 <spin_locks_reset+0x1c>)
10000712:	189a      	adds	r2, r3, r2
10000714:	0092      	lsls	r2, r2, #2
10000716:	f3bf 8f5f 	dmb	sy
1000071a:	2100      	movs	r1, #0
1000071c:	6011      	str	r1, [r2, #0]
1000071e:	3301      	adds	r3, #1
10000720:	2b1f      	cmp	r3, #31
10000722:	d9f5      	bls.n	10000710 <spin_locks_reset+0x4>
10000724:	4770      	bx	lr
10000726:	46c0      	nop			@ (mov r8, r8)
10000728:	34000040 	.word	0x34000040

1000072c <set_raw_irq_handler_and_unlock>:
1000072c:	4b07      	ldr	r3, [pc, #28]	@ (1000074c <set_raw_irq_handler_and_unlock+0x20>)
1000072e:	689b      	ldr	r3, [r3, #8]
10000730:	3010      	adds	r0, #16
10000732:	0080      	lsls	r0, r0, #2
10000734:	5019      	str	r1, [r3, r0]
10000736:	f3bf 8f5f 	dmb	sy
1000073a:	f3bf 8f5f 	dmb	sy
1000073e:	4b04      	ldr	r3, [pc, #16]	@ (10000750 <set_raw_irq_handler_and_unlock+0x24>)
10000740:	2100      	movs	r1, #0
10000742:	6019      	str	r1, [r3, #0]
10000744:	f382 8810 	msr	PRIMASK, r2
10000748:	4770      	bx	lr
1000074a:	46c0      	nop			@ (mov r8, r8)
1000074c:	e000ed00 	.word	0xe000ed00
10000750:	d0000124 	.word	0xd0000124

10000754 <nvic_ipr0>:
10000754:	4800      	ldr	r0, [pc, #0]	@ (10000758 <nvic_ipr0+0x4>)
10000756:	4770      	bx	lr
10000758:	e000e400 	.word	0xe000e400

1000075c <runtime_init_per_core_irq_priorities>:
1000075c:	b510      	push	{r4, lr}
1000075e:	f7ff fff9 	bl	10000754 <nvic_ipr0>
10000762:	2300      	movs	r3, #0
10000764:	e002      	b.n	1000076c <runtime_init_per_core_irq_priorities+0x10>
10000766:	4a03      	ldr	r2, [pc, #12]	@ (10000774 <runtime_init_per_core_irq_priorities+0x18>)
10000768:	c004      	stmia	r0!, {r2}
1000076a:	3301      	adds	r3, #1
1000076c:	2b07      	cmp	r3, #7
1000076e:	d9fa      	bls.n	10000766 <runtime_init_per_core_irq_priorities+0xa>
10000770:	bd10      	pop	{r4, pc}
10000772:	46c0      	nop			@ (mov r8, r8)
10000774:	80808080 	.word	0x80808080

10000778 <resolve_j_16>:
10000778:	b510      	push	{r4, lr}
1000077a:	8803      	ldrh	r3, [r0, #0]
1000077c:	0ada      	lsrs	r2, r3, #11
1000077e:	2a1c      	cmp	r2, #28
10000780:	d105      	bne.n	1000078e <resolve_j_16+0x16>
10000782:	055b      	lsls	r3, r3, #21
10000784:	155b      	asrs	r3, r3, #21
10000786:	3302      	adds	r3, #2
10000788:	005b      	lsls	r3, r3, #1
1000078a:	18c0      	adds	r0, r0, r3
1000078c:	bd10      	pop	{r4, pc}
1000078e:	4b03      	ldr	r3, [pc, #12]	@ (1000079c <resolve_j_16+0x24>)
10000790:	4a03      	ldr	r2, [pc, #12]	@ (100007a0 <resolve_j_16+0x28>)
10000792:	2134      	movs	r1, #52	@ 0x34
10000794:	4803      	ldr	r0, [pc, #12]	@ (100007a4 <resolve_j_16+0x2c>)
10000796:	31ff      	adds	r1, #255	@ 0xff
10000798:	f003 f850 	bl	1000383c <__assert_func>
1000079c:	10007b98 	.word	0x10007b98
100007a0:	10008874 	.word	0x10008874
100007a4:	10007bb0 	.word	0x10007bb0

100007a8 <make_j_16>:
100007a8:	b510      	push	{r4, lr}
100007aa:	1a09      	subs	r1, r1, r0
100007ac:	1f0b      	subs	r3, r1, #4
100007ae:	4a0a      	ldr	r2, [pc, #40]	@ (100007d8 <make_j_16+0x30>)
100007b0:	1888      	adds	r0, r1, r2
100007b2:	4a0a      	ldr	r2, [pc, #40]	@ (100007dc <make_j_16+0x34>)
100007b4:	4290      	cmp	r0, r2
100007b6:	d808      	bhi.n	100007ca <make_j_16+0x22>
100007b8:	07c9      	lsls	r1, r1, #31
100007ba:	d406      	bmi.n	100007ca <make_j_16+0x22>
100007bc:	105b      	asrs	r3, r3, #1
100007be:	055b      	lsls	r3, r3, #21
100007c0:	0d5b      	lsrs	r3, r3, #21
100007c2:	4807      	ldr	r0, [pc, #28]	@ (100007e0 <make_j_16+0x38>)
100007c4:	4318      	orrs	r0, r3
100007c6:	b280      	uxth	r0, r0
100007c8:	bd10      	pop	{r4, pc}
100007ca:	4b06      	ldr	r3, [pc, #24]	@ (100007e4 <make_j_16+0x3c>)
100007cc:	4a06      	ldr	r2, [pc, #24]	@ (100007e8 <make_j_16+0x40>)
100007ce:	2126      	movs	r1, #38	@ 0x26
100007d0:	4806      	ldr	r0, [pc, #24]	@ (100007ec <make_j_16+0x44>)
100007d2:	31ff      	adds	r1, #255	@ 0xff
100007d4:	f003 f832 	bl	1000383c <__assert_func>
100007d8:	000007fc 	.word	0x000007fc
100007dc:	00000ffe 	.word	0x00000ffe
100007e0:	ffffe000 	.word	0xffffe000
100007e4:	10007c00 	.word	0x10007c00
100007e8:	10008868 	.word	0x10008868
100007ec:	10007bb0 	.word	0x10007bb0

100007f0 <insert_bl_32>:
100007f0:	b510      	push	{r4, lr}
100007f2:	1a09      	subs	r1, r1, r0
100007f4:	3904      	subs	r1, #4
100007f6:	084a      	lsrs	r2, r1, #1
100007f8:	0b09      	lsrs	r1, r1, #12
100007fa:	d108      	bne.n	1000080e <insert_bl_32+0x1e>
100007fc:	0549      	lsls	r1, r1, #21
100007fe:	0d49      	lsrs	r1, r1, #21
10000800:	4b06      	ldr	r3, [pc, #24]	@ (1000081c <insert_bl_32+0x2c>)
10000802:	430b      	orrs	r3, r1
10000804:	8003      	strh	r3, [r0, #0]
10000806:	4b06      	ldr	r3, [pc, #24]	@ (10000820 <insert_bl_32+0x30>)
10000808:	4313      	orrs	r3, r2
1000080a:	8043      	strh	r3, [r0, #2]
1000080c:	bd10      	pop	{r4, pc}
1000080e:	4b05      	ldr	r3, [pc, #20]	@ (10000824 <insert_bl_32+0x34>)
10000810:	4a05      	ldr	r2, [pc, #20]	@ (10000828 <insert_bl_32+0x38>)
10000812:	212e      	movs	r1, #46	@ 0x2e
10000814:	4805      	ldr	r0, [pc, #20]	@ (1000082c <insert_bl_32+0x3c>)
10000816:	31ff      	adds	r1, #255	@ 0xff
10000818:	f003 f810 	bl	1000383c <__assert_func>
1000081c:	fffff000 	.word	0xfffff000
10000820:	fffff800 	.word	0xfffff800
10000824:	10007c30 	.word	0x10007c30
10000828:	10008844 	.word	0x10008844
1000082c:	10007bb0 	.word	0x10007bb0

10000830 <irq_is_enabled>:
10000830:	2301      	movs	r3, #1
10000832:	4083      	lsls	r3, r0
10000834:	4a03      	ldr	r2, [pc, #12]	@ (10000844 <irq_is_enabled+0x14>)
10000836:	6810      	ldr	r0, [r2, #0]
10000838:	4018      	ands	r0, r3
1000083a:	1e43      	subs	r3, r0, #1
1000083c:	4198      	sbcs	r0, r3
1000083e:	b2c0      	uxtb	r0, r0
10000840:	4770      	bx	lr
10000842:	46c0      	nop			@ (mov r8, r8)
10000844:	e000e100 	.word	0xe000e100

10000848 <irq_set_mask_n_enabled>:
10000848:	2a00      	cmp	r2, #0
1000084a:	d005      	beq.n	10000858 <irq_set_mask_n_enabled+0x10>
1000084c:	4b04      	ldr	r3, [pc, #16]	@ (10000860 <irq_set_mask_n_enabled+0x18>)
1000084e:	22c0      	movs	r2, #192	@ 0xc0
10000850:	0052      	lsls	r2, r2, #1
10000852:	5099      	str	r1, [r3, r2]
10000854:	6019      	str	r1, [r3, #0]
10000856:	4770      	bx	lr
10000858:	4a01      	ldr	r2, [pc, #4]	@ (10000860 <irq_set_mask_n_enabled+0x18>)
1000085a:	2380      	movs	r3, #128	@ 0x80
1000085c:	50d1      	str	r1, [r2, r3]
1000085e:	e7fa      	b.n	10000856 <irq_set_mask_n_enabled+0xe>
10000860:	e000e100 	.word	0xe000e100

10000864 <irq_set_enabled>:
10000864:	b510      	push	{r4, lr}
10000866:	000a      	movs	r2, r1
10000868:	231f      	movs	r3, #31
1000086a:	4003      	ands	r3, r0
1000086c:	2101      	movs	r1, #1
1000086e:	4099      	lsls	r1, r3
10000870:	0940      	lsrs	r0, r0, #5
10000872:	f7ff ffe9 	bl	10000848 <irq_set_mask_n_enabled>
10000876:	bd10      	pop	{r4, pc}

10000878 <irq_set_pending>:
10000878:	2301      	movs	r3, #1
1000087a:	4083      	lsls	r3, r0
1000087c:	4a01      	ldr	r2, [pc, #4]	@ (10000884 <irq_set_pending+0xc>)
1000087e:	6013      	str	r3, [r2, #0]
10000880:	4770      	bx	lr
10000882:	46c0      	nop			@ (mov r8, r8)
10000884:	e000e200 	.word	0xe000e200

10000888 <irq_get_vtable_handler>:
10000888:	4b02      	ldr	r3, [pc, #8]	@ (10000894 <irq_get_vtable_handler+0xc>)
1000088a:	689b      	ldr	r3, [r3, #8]
1000088c:	3010      	adds	r0, #16
1000088e:	0080      	lsls	r0, r0, #2
10000890:	58c0      	ldr	r0, [r0, r3]
10000892:	4770      	bx	lr
10000894:	e000ed00 	.word	0xe000ed00

10000898 <irq_has_shared_handler>:
10000898:	b510      	push	{r4, lr}
1000089a:	f7ff fff5 	bl	10000888 <irq_get_vtable_handler>
1000089e:	4b04      	ldr	r3, [pc, #16]	@ (100008b0 <irq_has_shared_handler+0x18>)
100008a0:	1ac3      	subs	r3, r0, r3
100008a2:	2000      	movs	r0, #0
100008a4:	2247      	movs	r2, #71	@ 0x47
100008a6:	429a      	cmp	r2, r3
100008a8:	4140      	adcs	r0, r0
100008aa:	b2c0      	uxtb	r0, r0
100008ac:	bd10      	pop	{r4, pc}
100008ae:	46c0      	nop			@ (mov r8, r8)
100008b0:	20000bf4 	.word	0x20000bf4

100008b4 <irq_set_exclusive_handler>:
100008b4:	b570      	push	{r4, r5, r6, lr}
100008b6:	0005      	movs	r5, r0
100008b8:	000e      	movs	r6, r1
100008ba:	f3ef 8410 	mrs	r4, PRIMASK
100008be:	b672      	cpsid	i
100008c0:	4b0d      	ldr	r3, [pc, #52]	@ (100008f8 <irq_set_exclusive_handler+0x44>)
100008c2:	681b      	ldr	r3, [r3, #0]
100008c4:	2b00      	cmp	r3, #0
100008c6:	d0fb      	beq.n	100008c0 <irq_set_exclusive_handler+0xc>
100008c8:	f3bf 8f5f 	dmb	sy
100008cc:	0028      	movs	r0, r5
100008ce:	f7ff ffdb 	bl	10000888 <irq_get_vtable_handler>
100008d2:	4b0a      	ldr	r3, [pc, #40]	@ (100008fc <irq_set_exclusive_handler+0x48>)
100008d4:	4298      	cmp	r0, r3
100008d6:	d001      	beq.n	100008dc <irq_set_exclusive_handler+0x28>
100008d8:	42b0      	cmp	r0, r6
100008da:	d105      	bne.n	100008e8 <irq_set_exclusive_handler+0x34>
100008dc:	0022      	movs	r2, r4
100008de:	0031      	movs	r1, r6
100008e0:	0028      	movs	r0, r5
100008e2:	f7ff ff23 	bl	1000072c <set_raw_irq_handler_and_unlock>
100008e6:	bd70      	pop	{r4, r5, r6, pc}
100008e8:	4b05      	ldr	r3, [pc, #20]	@ (10000900 <irq_set_exclusive_handler+0x4c>)
100008ea:	4a06      	ldr	r2, [pc, #24]	@ (10000904 <irq_set_exclusive_handler+0x50>)
100008ec:	2182      	movs	r1, #130	@ 0x82
100008ee:	4806      	ldr	r0, [pc, #24]	@ (10000908 <irq_set_exclusive_handler+0x54>)
100008f0:	0049      	lsls	r1, r1, #1
100008f2:	f002 ffa3 	bl	1000383c <__assert_func>
100008f6:	46c0      	nop			@ (mov r8, r8)
100008f8:	d0000124 	.word	0xd0000124
100008fc:	100001c1 	.word	0x100001c1
10000900:	10007c40 	.word	0x10007c40
10000904:	1000889c 	.word	0x1000889c
10000908:	10007bb0 	.word	0x10007bb0

1000090c <irq_add_shared_handler>:
1000090c:	b5f0      	push	{r4, r5, r6, r7, lr}
1000090e:	46de      	mov	lr, fp
10000910:	4657      	mov	r7, sl
10000912:	464e      	mov	r6, r9
10000914:	4645      	mov	r5, r8
10000916:	b5e0      	push	{r5, r6, r7, lr}
10000918:	b089      	sub	sp, #36	@ 0x24
1000091a:	4681      	mov	r9, r0
1000091c:	9101      	str	r1, [sp, #4]
1000091e:	0015      	movs	r5, r2
10000920:	f3ef 8310 	mrs	r3, PRIMASK
10000924:	b672      	cpsid	i
10000926:	469a      	mov	sl, r3
10000928:	4b6e      	ldr	r3, [pc, #440]	@ (10000ae4 <irq_add_shared_handler+0x1d8>)
1000092a:	681b      	ldr	r3, [r3, #0]
1000092c:	2b00      	cmp	r3, #0
1000092e:	d0fb      	beq.n	10000928 <irq_add_shared_handler+0x1c>
10000930:	f3bf 8f5f 	dmb	sy
10000934:	4b6c      	ldr	r3, [pc, #432]	@ (10000ae8 <irq_add_shared_handler+0x1dc>)
10000936:	2600      	movs	r6, #0
10000938:	579e      	ldrsb	r6, [r3, r6]
1000093a:	2e00      	cmp	r6, #0
1000093c:	db40      	blt.n	100009c0 <irq_add_shared_handler+0xb4>
1000093e:	0074      	lsls	r4, r6, #1
10000940:	19a4      	adds	r4, r4, r6
10000942:	00a4      	lsls	r4, r4, #2
10000944:	4869      	ldr	r0, [pc, #420]	@ (10000aec <irq_add_shared_handler+0x1e0>)
10000946:	1823      	adds	r3, r4, r0
10000948:	469b      	mov	fp, r3
1000094a:	2206      	movs	r2, #6
1000094c:	569a      	ldrsb	r2, [r3, r2]
1000094e:	4b66      	ldr	r3, [pc, #408]	@ (10000ae8 <irq_add_shared_handler+0x1dc>)
10000950:	701a      	strb	r2, [r3, #0]
10000952:	4b67      	ldr	r3, [pc, #412]	@ (10000af0 <irq_add_shared_handler+0x1e4>)
10000954:	689a      	ldr	r2, [r3, #8]
10000956:	464b      	mov	r3, r9
10000958:	3310      	adds	r3, #16
1000095a:	009b      	lsls	r3, r3, #2
1000095c:	58d7      	ldr	r7, [r2, r3]
1000095e:	1a3b      	subs	r3, r7, r0
10000960:	2b47      	cmp	r3, #71	@ 0x47
10000962:	d93b      	bls.n	100009dc <irq_add_shared_handler+0xd0>
10000964:	4b63      	ldr	r3, [pc, #396]	@ (10000af4 <irq_add_shared_handler+0x1e8>)
10000966:	429f      	cmp	r7, r3
10000968:	d131      	bne.n	100009ce <irq_add_shared_handler+0xc2>
1000096a:	af05      	add	r7, sp, #20
1000096c:	4b62      	ldr	r3, [pc, #392]	@ (10000af8 <irq_add_shared_handler+0x1ec>)
1000096e:	803b      	strh	r3, [r7, #0]
10000970:	4962      	ldr	r1, [pc, #392]	@ (10000afc <irq_add_shared_handler+0x1f0>)
10000972:	0073      	lsls	r3, r6, #1
10000974:	9302      	str	r3, [sp, #8]
10000976:	1998      	adds	r0, r3, r6
10000978:	0080      	lsls	r0, r0, #2
1000097a:	4c5c      	ldr	r4, [pc, #368]	@ (10000aec <irq_add_shared_handler+0x1e0>)
1000097c:	1900      	adds	r0, r0, r4
1000097e:	3002      	adds	r0, #2
10000980:	f7ff ff12 	bl	100007a8 <make_j_16>
10000984:	8078      	strh	r0, [r7, #2]
10000986:	4b5e      	ldr	r3, [pc, #376]	@ (10000b00 <irq_add_shared_handler+0x1f4>)
10000988:	80bb      	strh	r3, [r7, #4]
1000098a:	23ff      	movs	r3, #255	@ 0xff
1000098c:	71bb      	strb	r3, [r7, #6]
1000098e:	71fd      	strb	r5, [r7, #7]
10000990:	9a01      	ldr	r2, [sp, #4]
10000992:	9207      	str	r2, [sp, #28]
10000994:	9b02      	ldr	r3, [sp, #8]
10000996:	199b      	adds	r3, r3, r6
10000998:	009b      	lsls	r3, r3, #2
1000099a:	18e3      	adds	r3, r4, r3
1000099c:	cf07      	ldmia	r7!, {r0, r1, r2}
1000099e:	c307      	stmia	r3!, {r0, r1, r2}
100009a0:	2701      	movs	r7, #1
100009a2:	465b      	mov	r3, fp
100009a4:	433b      	orrs	r3, r7
100009a6:	001f      	movs	r7, r3
100009a8:	4652      	mov	r2, sl
100009aa:	0039      	movs	r1, r7
100009ac:	4648      	mov	r0, r9
100009ae:	f7ff febd 	bl	1000072c <set_raw_irq_handler_and_unlock>
100009b2:	b009      	add	sp, #36	@ 0x24
100009b4:	bcf0      	pop	{r4, r5, r6, r7}
100009b6:	46bb      	mov	fp, r7
100009b8:	46b2      	mov	sl, r6
100009ba:	46a9      	mov	r9, r5
100009bc:	46a0      	mov	r8, r4
100009be:	bdf0      	pop	{r4, r5, r6, r7, pc}
100009c0:	4b50      	ldr	r3, [pc, #320]	@ (10000b04 <irq_add_shared_handler+0x1f8>)
100009c2:	4a51      	ldr	r2, [pc, #324]	@ (10000b08 <irq_add_shared_handler+0x1fc>)
100009c4:	2194      	movs	r1, #148	@ 0x94
100009c6:	4851      	ldr	r0, [pc, #324]	@ (10000b0c <irq_add_shared_handler+0x200>)
100009c8:	31ff      	adds	r1, #255	@ 0xff
100009ca:	f002 ff37 	bl	1000383c <__assert_func>
100009ce:	4b50      	ldr	r3, [pc, #320]	@ (10000b10 <irq_add_shared_handler+0x204>)
100009d0:	4a4d      	ldr	r2, [pc, #308]	@ (10000b08 <irq_add_shared_handler+0x1fc>)
100009d2:	21cd      	movs	r1, #205	@ 0xcd
100009d4:	484d      	ldr	r0, [pc, #308]	@ (10000b0c <irq_add_shared_handler+0x200>)
100009d6:	0049      	lsls	r1, r1, #1
100009d8:	f002 ff30 	bl	1000383c <__assert_func>
100009dc:	2301      	movs	r3, #1
100009de:	003a      	movs	r2, r7
100009e0:	439a      	bics	r2, r3
100009e2:	4690      	mov	r8, r2
100009e4:	1a10      	subs	r0, r2, r0
100009e6:	210c      	movs	r1, #12
100009e8:	f001 fa70 	bl	10001ecc <__wrap___aeabi_uidiv>
100009ec:	2900      	cmp	r1, #0
100009ee:	d10f      	bne.n	10000a10 <irq_add_shared_handler+0x104>
100009f0:	4643      	mov	r3, r8
100009f2:	2400      	movs	r4, #0
100009f4:	79da      	ldrb	r2, [r3, #7]
100009f6:	42aa      	cmp	r2, r5
100009f8:	d912      	bls.n	10000a20 <irq_add_shared_handler+0x114>
100009fa:	2106      	movs	r1, #6
100009fc:	5659      	ldrsb	r1, [r3, r1]
100009fe:	2900      	cmp	r1, #0
10000a00:	db0d      	blt.n	10000a1e <irq_add_shared_handler+0x112>
10000a02:	004a      	lsls	r2, r1, #1
10000a04:	1852      	adds	r2, r2, r1
10000a06:	0092      	lsls	r2, r2, #2
10000a08:	4938      	ldr	r1, [pc, #224]	@ (10000aec <irq_add_shared_handler+0x1e0>)
10000a0a:	001c      	movs	r4, r3
10000a0c:	188b      	adds	r3, r1, r2
10000a0e:	e7f1      	b.n	100009f4 <irq_add_shared_handler+0xe8>
10000a10:	4b40      	ldr	r3, [pc, #256]	@ (10000b14 <irq_add_shared_handler+0x208>)
10000a12:	4a3d      	ldr	r2, [pc, #244]	@ (10000b08 <irq_add_shared_handler+0x1fc>)
10000a14:	21ac      	movs	r1, #172	@ 0xac
10000a16:	483d      	ldr	r0, [pc, #244]	@ (10000b0c <irq_add_shared_handler+0x200>)
10000a18:	31ff      	adds	r1, #255	@ 0xff
10000a1a:	f002 ff0f 	bl	1000383c <__assert_func>
10000a1e:	001c      	movs	r4, r3
10000a20:	2c00      	cmp	r4, #0
10000a22:	d02d      	beq.n	10000a80 <irq_add_shared_handler+0x174>
10000a24:	ab05      	add	r3, sp, #20
10000a26:	4a3c      	ldr	r2, [pc, #240]	@ (10000b18 <irq_add_shared_handler+0x20c>)
10000a28:	801a      	strh	r2, [r3, #0]
10000a2a:	3a81      	subs	r2, #129	@ 0x81
10000a2c:	805a      	strh	r2, [r3, #2]
10000a2e:	2306      	movs	r3, #6
10000a30:	56e3      	ldrsb	r3, [r4, r3]
10000a32:	4698      	mov	r8, r3
10000a34:	2b00      	cmp	r3, #0
10000a36:	da16      	bge.n	10000a66 <irq_add_shared_handler+0x15a>
10000a38:	4838      	ldr	r0, [pc, #224]	@ (10000b1c <irq_add_shared_handler+0x210>)
10000a3a:	ab04      	add	r3, sp, #16
10000a3c:	8118      	strh	r0, [r3, #8]
10000a3e:	4642      	mov	r2, r8
10000a40:	729a      	strb	r2, [r3, #10]
10000a42:	72dd      	strb	r5, [r3, #11]
10000a44:	9b01      	ldr	r3, [sp, #4]
10000a46:	9307      	str	r3, [sp, #28]
10000a48:	1d20      	adds	r0, r4, #4
10000a4a:	4659      	mov	r1, fp
10000a4c:	f7ff feac 	bl	100007a8 <make_j_16>
10000a50:	80a0      	strh	r0, [r4, #4]
10000a52:	71a6      	strb	r6, [r4, #6]
10000a54:	4b25      	ldr	r3, [pc, #148]	@ (10000aec <irq_add_shared_handler+0x1e0>)
10000a56:	0072      	lsls	r2, r6, #1
10000a58:	1992      	adds	r2, r2, r6
10000a5a:	0092      	lsls	r2, r2, #2
10000a5c:	189b      	adds	r3, r3, r2
10000a5e:	aa05      	add	r2, sp, #20
10000a60:	ca13      	ldmia	r2!, {r0, r1, r4}
10000a62:	c313      	stmia	r3!, {r0, r1, r4}
10000a64:	e7a0      	b.n	100009a8 <irq_add_shared_handler+0x9c>
10000a66:	1d20      	adds	r0, r4, #4
10000a68:	f7ff fe86 	bl	10000778 <resolve_j_16>
10000a6c:	0001      	movs	r1, r0
10000a6e:	0070      	lsls	r0, r6, #1
10000a70:	1980      	adds	r0, r0, r6
10000a72:	0080      	lsls	r0, r0, #2
10000a74:	4b1d      	ldr	r3, [pc, #116]	@ (10000aec <irq_add_shared_handler+0x1e0>)
10000a76:	18c0      	adds	r0, r0, r3
10000a78:	3004      	adds	r0, #4
10000a7a:	f7ff fe95 	bl	100007a8 <make_j_16>
10000a7e:	e7dc      	b.n	10000a3a <irq_add_shared_handler+0x12e>
10000a80:	af05      	add	r7, sp, #20
10000a82:	4b1d      	ldr	r3, [pc, #116]	@ (10000af8 <irq_add_shared_handler+0x1ec>)
10000a84:	803b      	strh	r3, [r7, #0]
10000a86:	491d      	ldr	r1, [pc, #116]	@ (10000afc <irq_add_shared_handler+0x1f0>)
10000a88:	0073      	lsls	r3, r6, #1
10000a8a:	9302      	str	r3, [sp, #8]
10000a8c:	199b      	adds	r3, r3, r6
10000a8e:	009b      	lsls	r3, r3, #2
10000a90:	4c16      	ldr	r4, [pc, #88]	@ (10000aec <irq_add_shared_handler+0x1e0>)
10000a92:	0018      	movs	r0, r3
10000a94:	46a4      	mov	ip, r4
10000a96:	4460      	add	r0, ip
10000a98:	9003      	str	r0, [sp, #12]
10000a9a:	3002      	adds	r0, #2
10000a9c:	f7ff fe84 	bl	100007a8 <make_j_16>
10000aa0:	8078      	strh	r0, [r7, #2]
10000aa2:	9a03      	ldr	r2, [sp, #12]
10000aa4:	1d10      	adds	r0, r2, #4
10000aa6:	4641      	mov	r1, r8
10000aa8:	f7ff fe7e 	bl	100007a8 <make_j_16>
10000aac:	80b8      	strh	r0, [r7, #4]
10000aae:	4b1c      	ldr	r3, [pc, #112]	@ (10000b20 <irq_add_shared_handler+0x214>)
10000ab0:	4642      	mov	r2, r8
10000ab2:	1b12      	subs	r2, r2, r4
10000ab4:	4152      	adcs	r2, r2
10000ab6:	4353      	muls	r3, r2
10000ab8:	0d1b      	lsrs	r3, r3, #20
10000aba:	71bb      	strb	r3, [r7, #6]
10000abc:	71fd      	strb	r5, [r7, #7]
10000abe:	9901      	ldr	r1, [sp, #4]
10000ac0:	9107      	str	r1, [sp, #28]
10000ac2:	9b02      	ldr	r3, [sp, #8]
10000ac4:	199b      	adds	r3, r3, r6
10000ac6:	009b      	lsls	r3, r3, #2
10000ac8:	46a4      	mov	ip, r4
10000aca:	4463      	add	r3, ip
10000acc:	cf07      	ldmia	r7!, {r0, r1, r2}
10000ace:	c307      	stmia	r3!, {r0, r1, r2}
10000ad0:	4b11      	ldr	r3, [pc, #68]	@ (10000b18 <irq_add_shared_handler+0x20c>)
10000ad2:	4642      	mov	r2, r8
10000ad4:	8013      	strh	r3, [r2, #0]
10000ad6:	3b81      	subs	r3, #129	@ 0x81
10000ad8:	8053      	strh	r3, [r2, #2]
10000ada:	2701      	movs	r7, #1
10000adc:	465b      	mov	r3, fp
10000ade:	433b      	orrs	r3, r7
10000ae0:	001f      	movs	r7, r3
10000ae2:	e761      	b.n	100009a8 <irq_add_shared_handler+0x9c>
10000ae4:	d0000124 	.word	0xd0000124
10000ae8:	200169b9 	.word	0x200169b9
10000aec:	20000bf4 	.word	0x20000bf4
10000af0:	e000ed00 	.word	0xe000ed00
10000af4:	100001c1 	.word	0x100001c1
10000af8:	ffffa100 	.word	0xffffa100
10000afc:	20000c3c 	.word	0x20000c3c
10000b00:	ffffbd01 	.word	0xffffbd01
10000b04:	10007c78 	.word	0x10007c78
10000b08:	10008884 	.word	0x10008884
10000b0c:	10007bb0 	.word	0x10007bb0
10000b10:	10007ca0 	.word	0x10007ca0
10000b14:	10007cc8 	.word	0x10007cc8
10000b18:	00004801 	.word	0x00004801
10000b1c:	0000bd01 	.word	0x0000bd01
10000b20:	0000aaaa 	.word	0x0000aaaa

10000b24 <irq_remove_handler>:
10000b24:	b5f0      	push	{r4, r5, r6, r7, lr}
10000b26:	46ce      	mov	lr, r9
10000b28:	4647      	mov	r7, r8
10000b2a:	b580      	push	{r7, lr}
10000b2c:	b083      	sub	sp, #12
10000b2e:	4680      	mov	r8, r0
10000b30:	000c      	movs	r4, r1
10000b32:	f3ef 8710 	mrs	r7, PRIMASK
10000b36:	b672      	cpsid	i
10000b38:	4b4e      	ldr	r3, [pc, #312]	@ (10000c74 <irq_remove_handler+0x150>)
10000b3a:	681b      	ldr	r3, [r3, #0]
10000b3c:	2b00      	cmp	r3, #0
10000b3e:	d0fb      	beq.n	10000b38 <irq_remove_handler+0x14>
10000b40:	f3bf 8f5f 	dmb	sy
10000b44:	4b4c      	ldr	r3, [pc, #304]	@ (10000c78 <irq_remove_handler+0x154>)
10000b46:	689a      	ldr	r2, [r3, #8]
10000b48:	4645      	mov	r5, r8
10000b4a:	3510      	adds	r5, #16
10000b4c:	00ab      	lsls	r3, r5, #2
10000b4e:	58d6      	ldr	r6, [r2, r3]
10000b50:	4b4a      	ldr	r3, [pc, #296]	@ (10000c7c <irq_remove_handler+0x158>)
10000b52:	429e      	cmp	r6, r3
10000b54:	d007      	beq.n	10000b66 <irq_remove_handler+0x42>
10000b56:	42a6      	cmp	r6, r4
10000b58:	d100      	bne.n	10000b5c <irq_remove_handler+0x38>
10000b5a:	e089      	b.n	10000c70 <irq_remove_handler+0x14c>
10000b5c:	9601      	str	r6, [sp, #4]
10000b5e:	4b48      	ldr	r3, [pc, #288]	@ (10000c80 <irq_remove_handler+0x15c>)
10000b60:	1af3      	subs	r3, r6, r3
10000b62:	2b47      	cmp	r3, #71	@ 0x47
10000b64:	d909      	bls.n	10000b7a <irq_remove_handler+0x56>
10000b66:	003a      	movs	r2, r7
10000b68:	0031      	movs	r1, r6
10000b6a:	4640      	mov	r0, r8
10000b6c:	f7ff fdde 	bl	1000072c <set_raw_irq_handler_and_unlock>
10000b70:	b003      	add	sp, #12
10000b72:	bcc0      	pop	{r6, r7}
10000b74:	46b9      	mov	r9, r7
10000b76:	46b0      	mov	r8, r6
10000b78:	bdf0      	pop	{r4, r5, r6, r7, pc}
10000b7a:	4640      	mov	r0, r8
10000b7c:	f7ff fe58 	bl	10000830 <irq_is_enabled>
10000b80:	4681      	mov	r9, r0
10000b82:	2100      	movs	r1, #0
10000b84:	4640      	mov	r0, r8
10000b86:	f7ff fe6d 	bl	10000864 <irq_set_enabled>
10000b8a:	f3bf 8f5f 	dmb	sy
10000b8e:	f3ef 8105 	mrs	r1, IPSR
10000b92:	2900      	cmp	r1, #0
10000b94:	d001      	beq.n	10000b9a <irq_remove_handler+0x76>
10000b96:	428d      	cmp	r5, r1
10000b98:	d111      	bne.n	10000bbe <irq_remove_handler+0x9a>
10000b9a:	2301      	movs	r3, #1
10000b9c:	9d01      	ldr	r5, [sp, #4]
10000b9e:	439d      	bics	r5, r3
10000ba0:	2000      	movs	r0, #0
10000ba2:	68ab      	ldr	r3, [r5, #8]
10000ba4:	429c      	cmp	r4, r3
10000ba6:	d011      	beq.n	10000bcc <irq_remove_handler+0xa8>
10000ba8:	2206      	movs	r2, #6
10000baa:	56aa      	ldrsb	r2, [r5, r2]
10000bac:	2a00      	cmp	r2, #0
10000bae:	db0c      	blt.n	10000bca <irq_remove_handler+0xa6>
10000bb0:	0053      	lsls	r3, r2, #1
10000bb2:	189b      	adds	r3, r3, r2
10000bb4:	009b      	lsls	r3, r3, #2
10000bb6:	4a32      	ldr	r2, [pc, #200]	@ (10000c80 <irq_remove_handler+0x15c>)
10000bb8:	0028      	movs	r0, r5
10000bba:	18d5      	adds	r5, r2, r3
10000bbc:	e7f1      	b.n	10000ba2 <irq_remove_handler+0x7e>
10000bbe:	4b31      	ldr	r3, [pc, #196]	@ (10000c84 <irq_remove_handler+0x160>)
10000bc0:	4a31      	ldr	r2, [pc, #196]	@ (10000c88 <irq_remove_handler+0x164>)
10000bc2:	4832      	ldr	r0, [pc, #200]	@ (10000c8c <irq_remove_handler+0x168>)
10000bc4:	4932      	ldr	r1, [pc, #200]	@ (10000c90 <irq_remove_handler+0x16c>)
10000bc6:	f002 fe39 	bl	1000383c <__assert_func>
10000bca:	0028      	movs	r0, r5
10000bcc:	429c      	cmp	r4, r3
10000bce:	d149      	bne.n	10000c64 <irq_remove_handler+0x140>
10000bd0:	2406      	movs	r4, #6
10000bd2:	572c      	ldrsb	r4, [r5, r4]
10000bd4:	2c00      	cmp	r4, #0
10000bd6:	db2b      	blt.n	10000c30 <irq_remove_handler+0x10c>
10000bd8:	4b29      	ldr	r3, [pc, #164]	@ (10000c80 <irq_remove_handler+0x15c>)
10000bda:	0062      	lsls	r2, r4, #1
10000bdc:	1912      	adds	r2, r2, r4
10000bde:	0092      	lsls	r2, r2, #2
10000be0:	189b      	adds	r3, r3, r2
10000be2:	689a      	ldr	r2, [r3, #8]
10000be4:	60aa      	str	r2, [r5, #8]
10000be6:	79da      	ldrb	r2, [r3, #7]
10000be8:	71ea      	strb	r2, [r5, #7]
10000bea:	799b      	ldrb	r3, [r3, #6]
10000bec:	b25b      	sxtb	r3, r3
10000bee:	71ab      	strb	r3, [r5, #6]
10000bf0:	2b00      	cmp	r3, #0
10000bf2:	da0f      	bge.n	10000c14 <irq_remove_handler+0xf0>
10000bf4:	4827      	ldr	r0, [pc, #156]	@ (10000c94 <irq_remove_handler+0x170>)
10000bf6:	80a8      	strh	r0, [r5, #4]
10000bf8:	4b21      	ldr	r3, [pc, #132]	@ (10000c80 <irq_remove_handler+0x15c>)
10000bfa:	0062      	lsls	r2, r4, #1
10000bfc:	1912      	adds	r2, r2, r4
10000bfe:	0092      	lsls	r2, r2, #2
10000c00:	189b      	adds	r3, r3, r2
10000c02:	4a25      	ldr	r2, [pc, #148]	@ (10000c98 <irq_remove_handler+0x174>)
10000c04:	7811      	ldrb	r1, [r2, #0]
10000c06:	7199      	strb	r1, [r3, #6]
10000c08:	7014      	strb	r4, [r2, #0]
10000c0a:	4649      	mov	r1, r9
10000c0c:	4640      	mov	r0, r8
10000c0e:	f7ff fe29 	bl	10000864 <irq_set_enabled>
10000c12:	e7a8      	b.n	10000b66 <irq_remove_handler+0x42>
10000c14:	0060      	lsls	r0, r4, #1
10000c16:	1900      	adds	r0, r0, r4
10000c18:	0080      	lsls	r0, r0, #2
10000c1a:	4b19      	ldr	r3, [pc, #100]	@ (10000c80 <irq_remove_handler+0x15c>)
10000c1c:	18c0      	adds	r0, r0, r3
10000c1e:	3004      	adds	r0, #4
10000c20:	f7ff fdaa 	bl	10000778 <resolve_j_16>
10000c24:	0001      	movs	r1, r0
10000c26:	1d2b      	adds	r3, r5, #4
10000c28:	0018      	movs	r0, r3
10000c2a:	f7ff fdbd 	bl	100007a8 <make_j_16>
10000c2e:	e7e2      	b.n	10000bf6 <irq_remove_handler+0xd2>
10000c30:	2900      	cmp	r1, #0
10000c32:	d112      	bne.n	10000c5a <irq_remove_handler+0x136>
10000c34:	2800      	cmp	r0, #0
10000c36:	d00e      	beq.n	10000c56 <irq_remove_handler+0x132>
10000c38:	23ff      	movs	r3, #255	@ 0xff
10000c3a:	7183      	strb	r3, [r0, #6]
10000c3c:	4b17      	ldr	r3, [pc, #92]	@ (10000c9c <irq_remove_handler+0x178>)
10000c3e:	8083      	strh	r3, [r0, #4]
10000c40:	4915      	ldr	r1, [pc, #84]	@ (10000c98 <irq_remove_handler+0x174>)
10000c42:	780b      	ldrb	r3, [r1, #0]
10000c44:	71ab      	strb	r3, [r5, #6]
10000c46:	4a0e      	ldr	r2, [pc, #56]	@ (10000c80 <irq_remove_handler+0x15c>)
10000c48:	4b15      	ldr	r3, [pc, #84]	@ (10000ca0 <irq_remove_handler+0x17c>)
10000c4a:	1aad      	subs	r5, r5, r2
10000c4c:	416d      	adcs	r5, r5
10000c4e:	436b      	muls	r3, r5
10000c50:	0d1b      	lsrs	r3, r3, #20
10000c52:	700b      	strb	r3, [r1, #0]
10000c54:	e7d9      	b.n	10000c0a <irq_remove_handler+0xe6>
10000c56:	4e09      	ldr	r6, [pc, #36]	@ (10000c7c <irq_remove_handler+0x158>)
10000c58:	e7f2      	b.n	10000c40 <irq_remove_handler+0x11c>
10000c5a:	4912      	ldr	r1, [pc, #72]	@ (10000ca4 <irq_remove_handler+0x180>)
10000c5c:	1d28      	adds	r0, r5, #4
10000c5e:	f7ff fdc7 	bl	100007f0 <insert_bl_32>
10000c62:	e7d2      	b.n	10000c0a <irq_remove_handler+0xe6>
10000c64:	4b10      	ldr	r3, [pc, #64]	@ (10000ca8 <irq_remove_handler+0x184>)
10000c66:	4a08      	ldr	r2, [pc, #32]	@ (10000c88 <irq_remove_handler+0x164>)
10000c68:	4808      	ldr	r0, [pc, #32]	@ (10000c8c <irq_remove_handler+0x168>)
10000c6a:	4910      	ldr	r1, [pc, #64]	@ (10000cac <irq_remove_handler+0x188>)
10000c6c:	f002 fde6 	bl	1000383c <__assert_func>
10000c70:	4e02      	ldr	r6, [pc, #8]	@ (10000c7c <irq_remove_handler+0x158>)
10000c72:	e778      	b.n	10000b66 <irq_remove_handler+0x42>
10000c74:	d0000124 	.word	0xd0000124
10000c78:	e000ed00 	.word	0xe000ed00
10000c7c:	100001c1 	.word	0x100001c1
10000c80:	20000bf4 	.word	0x20000bf4
10000c84:	10007d4c 	.word	0x10007d4c
10000c88:	10008854 	.word	0x10008854
10000c8c:	10007bb0 	.word	0x10007bb0
10000c90:	00000219 	.word	0x00000219
10000c94:	0000bd01 	.word	0x0000bd01
10000c98:	200169b9 	.word	0x200169b9
10000c9c:	ffffbd01 	.word	0xffffbd01
10000ca0:	0000aaaa 	.word	0x0000aaaa
10000ca4:	20000c46 	.word	0x20000c46
10000ca8:	10007d80 	.word	0x10007d80
10000cac:	0000025b 	.word	0x0000025b

10000cb0 <irq_add_tail_to_free_list>:
10000cb0:	b570      	push	{r4, r5, r6, lr}
10000cb2:	2201      	movs	r2, #1
10000cb4:	4302      	orrs	r2, r0
10000cb6:	4b2d      	ldr	r3, [pc, #180]	@ (10000d6c <irq_add_tail_to_free_list+0xbc>)
10000cb8:	1ad3      	subs	r3, r2, r3
10000cba:	2b47      	cmp	r3, #71	@ 0x47
10000cbc:	d829      	bhi.n	10000d12 <irq_add_tail_to_free_list+0x62>
10000cbe:	f3ef 8305 	mrs	r3, IPSR
10000cc2:	2b00      	cmp	r3, #0
10000cc4:	d02b      	beq.n	10000d1e <irq_add_tail_to_free_list+0x6e>
10000cc6:	f3ef 8110 	mrs	r1, PRIMASK
10000cca:	b672      	cpsid	i
10000ccc:	468c      	mov	ip, r1
10000cce:	4928      	ldr	r1, [pc, #160]	@ (10000d70 <irq_add_tail_to_free_list+0xc0>)
10000cd0:	6809      	ldr	r1, [r1, #0]
10000cd2:	2900      	cmp	r1, #0
10000cd4:	d0fb      	beq.n	10000cce <irq_add_tail_to_free_list+0x1e>
10000cd6:	f3bf 8f5f 	dmb	sy
10000cda:	4924      	ldr	r1, [pc, #144]	@ (10000d6c <irq_add_tail_to_free_list+0xbc>)
10000cdc:	4c25      	ldr	r4, [pc, #148]	@ (10000d74 <irq_add_tail_to_free_list+0xc4>)
10000cde:	0005      	movs	r5, r0
10000ce0:	1a6d      	subs	r5, r5, r1
10000ce2:	416d      	adcs	r5, r5
10000ce4:	436c      	muls	r4, r5
10000ce6:	0d24      	lsrs	r4, r4, #20
10000ce8:	b264      	sxtb	r4, r4
10000cea:	4923      	ldr	r1, [pc, #140]	@ (10000d78 <irq_add_tail_to_free_list+0xc8>)
10000cec:	6889      	ldr	r1, [r1, #8]
10000cee:	009b      	lsls	r3, r3, #2
10000cf0:	58c9      	ldr	r1, [r1, r3]
10000cf2:	4291      	cmp	r1, r2
10000cf4:	d019      	beq.n	10000d2a <irq_add_tail_to_free_list+0x7a>
10000cf6:	2100      	movs	r1, #0
10000cf8:	2905      	cmp	r1, #5
10000cfa:	d830      	bhi.n	10000d5e <irq_add_tail_to_free_list+0xae>
10000cfc:	4b1b      	ldr	r3, [pc, #108]	@ (10000d6c <irq_add_tail_to_free_list+0xbc>)
10000cfe:	004a      	lsls	r2, r1, #1
10000d00:	1852      	adds	r2, r2, r1
10000d02:	0092      	lsls	r2, r2, #2
10000d04:	189b      	adds	r3, r3, r2
10000d06:	799b      	ldrb	r3, [r3, #6]
10000d08:	b25b      	sxtb	r3, r3
10000d0a:	42a3      	cmp	r3, r4
10000d0c:	d01d      	beq.n	10000d4a <irq_add_tail_to_free_list+0x9a>
10000d0e:	3101      	adds	r1, #1
10000d10:	e7f2      	b.n	10000cf8 <irq_add_tail_to_free_list+0x48>
10000d12:	4b1a      	ldr	r3, [pc, #104]	@ (10000d7c <irq_add_tail_to_free_list+0xcc>)
10000d14:	4a1a      	ldr	r2, [pc, #104]	@ (10000d80 <irq_add_tail_to_free_list+0xd0>)
10000d16:	481b      	ldr	r0, [pc, #108]	@ (10000d84 <irq_add_tail_to_free_list+0xd4>)
10000d18:	491b      	ldr	r1, [pc, #108]	@ (10000d88 <irq_add_tail_to_free_list+0xd8>)
10000d1a:	f002 fd8f 	bl	1000383c <__assert_func>
10000d1e:	4b1b      	ldr	r3, [pc, #108]	@ (10000d8c <irq_add_tail_to_free_list+0xdc>)
10000d20:	4a17      	ldr	r2, [pc, #92]	@ (10000d80 <irq_add_tail_to_free_list+0xd0>)
10000d22:	4818      	ldr	r0, [pc, #96]	@ (10000d84 <irq_add_tail_to_free_list+0xd4>)
10000d24:	491a      	ldr	r1, [pc, #104]	@ (10000d90 <irq_add_tail_to_free_list+0xe0>)
10000d26:	f002 fd89 	bl	1000383c <__assert_func>
10000d2a:	4a13      	ldr	r2, [pc, #76]	@ (10000d78 <irq_add_tail_to_free_list+0xc8>)
10000d2c:	6892      	ldr	r2, [r2, #8]
10000d2e:	4919      	ldr	r1, [pc, #100]	@ (10000d94 <irq_add_tail_to_free_list+0xe4>)
10000d30:	50d1      	str	r1, [r2, r3]
10000d32:	4b19      	ldr	r3, [pc, #100]	@ (10000d98 <irq_add_tail_to_free_list+0xe8>)
10000d34:	781a      	ldrb	r2, [r3, #0]
10000d36:	7182      	strb	r2, [r0, #6]
10000d38:	701c      	strb	r4, [r3, #0]
10000d3a:	f3bf 8f5f 	dmb	sy
10000d3e:	4b0c      	ldr	r3, [pc, #48]	@ (10000d70 <irq_add_tail_to_free_list+0xc0>)
10000d40:	2200      	movs	r2, #0
10000d42:	601a      	str	r2, [r3, #0]
10000d44:	f38c 8810 	msr	PRIMASK, ip
10000d48:	bd70      	pop	{r4, r5, r6, pc}
10000d4a:	4b08      	ldr	r3, [pc, #32]	@ (10000d6c <irq_add_tail_to_free_list+0xbc>)
10000d4c:	004a      	lsls	r2, r1, #1
10000d4e:	1855      	adds	r5, r2, r1
10000d50:	00ad      	lsls	r5, r5, #2
10000d52:	195d      	adds	r5, r3, r5
10000d54:	26ff      	movs	r6, #255	@ 0xff
10000d56:	71ae      	strb	r6, [r5, #6]
10000d58:	4a10      	ldr	r2, [pc, #64]	@ (10000d9c <irq_add_tail_to_free_list+0xec>)
10000d5a:	80aa      	strh	r2, [r5, #4]
10000d5c:	e7e9      	b.n	10000d32 <irq_add_tail_to_free_list+0x82>
10000d5e:	4b10      	ldr	r3, [pc, #64]	@ (10000da0 <irq_add_tail_to_free_list+0xf0>)
10000d60:	4a07      	ldr	r2, [pc, #28]	@ (10000d80 <irq_add_tail_to_free_list+0xd0>)
10000d62:	4808      	ldr	r0, [pc, #32]	@ (10000d84 <irq_add_tail_to_free_list+0xd4>)
10000d64:	490f      	ldr	r1, [pc, #60]	@ (10000da4 <irq_add_tail_to_free_list+0xf4>)
10000d66:	f002 fd69 	bl	1000383c <__assert_func>
10000d6a:	46c0      	nop			@ (mov r8, r8)
10000d6c:	20000bf4 	.word	0x20000bf4
10000d70:	d0000124 	.word	0xd0000124
10000d74:	0000aaaa 	.word	0x0000aaaa
10000d78:	e000ed00 	.word	0xe000ed00
10000d7c:	10007d88 	.word	0x10007d88
10000d80:	10008828 	.word	0x10008828
10000d84:	10007bb0 	.word	0x10007bb0
10000d88:	00000296 	.word	0x00000296
10000d8c:	10007db0 	.word	0x10007db0
10000d90:	00000299 	.word	0x00000299
10000d94:	100001c1 	.word	0x100001c1
10000d98:	200169b9 	.word	0x200169b9
10000d9c:	ffffbd01 	.word	0xffffbd01
10000da0:	10007dbc 	.word	0x10007dbc
10000da4:	000002aa 	.word	0x000002aa

10000da8 <user_irq_claim_unused>:
10000da8:	b500      	push	{lr}
10000daa:	b083      	sub	sp, #12
10000dac:	0001      	movs	r1, r0
10000dae:	4806      	ldr	r0, [pc, #24]	@ (10000dc8 <user_irq_claim_unused+0x20>)
10000db0:	4b06      	ldr	r3, [pc, #24]	@ (10000dcc <user_irq_claim_unused+0x24>)
10000db2:	9300      	str	r3, [sp, #0]
10000db4:	2305      	movs	r3, #5
10000db6:	2200      	movs	r2, #0
10000db8:	f7ff fc61 	bl	1000067e <hw_claim_unused_from_range>
10000dbc:	2800      	cmp	r0, #0
10000dbe:	db01      	blt.n	10000dc4 <user_irq_claim_unused+0x1c>
10000dc0:	231f      	movs	r3, #31
10000dc2:	1a18      	subs	r0, r3, r0
10000dc4:	b003      	add	sp, #12
10000dc6:	bd00      	pop	{pc}
10000dc8:	200169bd 	.word	0x200169bd
10000dcc:	10007dc4 	.word	0x10007dc4

10000dd0 <lock_init>:
10000dd0:	4b02      	ldr	r3, [pc, #8]	@ (10000ddc <lock_init+0xc>)
10000dd2:	469c      	mov	ip, r3
10000dd4:	4461      	add	r1, ip
10000dd6:	0089      	lsls	r1, r1, #2
10000dd8:	6001      	str	r1, [r0, #0]
10000dda:	4770      	bx	lr
10000ddc:	34000040 	.word	0x34000040

10000de0 <mutex_init>:
10000de0:	b510      	push	{r4, lr}
10000de2:	0004      	movs	r4, r0
10000de4:	f7ff fc74 	bl	100006d0 <next_striped_spin_lock_num>
10000de8:	0001      	movs	r1, r0
10000dea:	0020      	movs	r0, r4
10000dec:	f7ff fff0 	bl	10000dd0 <lock_init>
10000df0:	23ff      	movs	r3, #255	@ 0xff
10000df2:	7123      	strb	r3, [r4, #4]
10000df4:	f3bf 8f5f 	dmb	sy
10000df8:	bd10      	pop	{r4, pc}

10000dfa <recursive_mutex_init>:
10000dfa:	b510      	push	{r4, lr}
10000dfc:	0004      	movs	r4, r0
10000dfe:	f7ff fc67 	bl	100006d0 <next_striped_spin_lock_num>
10000e02:	0001      	movs	r1, r0
10000e04:	0020      	movs	r0, r4
10000e06:	f7ff ffe3 	bl	10000dd0 <lock_init>
10000e0a:	23ff      	movs	r3, #255	@ 0xff
10000e0c:	7123      	strb	r3, [r4, #4]
10000e0e:	2300      	movs	r3, #0
10000e10:	7163      	strb	r3, [r4, #5]
10000e12:	f3bf 8f5f 	dmb	sy
10000e16:	bd10      	pop	{r4, pc}

10000e18 <runtime_init_mutex>:
10000e18:	b510      	push	{r4, lr}
10000e1a:	4c0d      	ldr	r4, [pc, #52]	@ (10000e50 <runtime_init_mutex+0x38>)
10000e1c:	e009      	b.n	10000e32 <runtime_init_mutex+0x1a>
10000e1e:	4b0d      	ldr	r3, [pc, #52]	@ (10000e54 <runtime_init_mutex+0x3c>)
10000e20:	4a0d      	ldr	r2, [pc, #52]	@ (10000e58 <runtime_init_mutex+0x40>)
10000e22:	480e      	ldr	r0, [pc, #56]	@ (10000e5c <runtime_init_mutex+0x44>)
10000e24:	211a      	movs	r1, #26
10000e26:	f002 fd09 	bl	1000383c <__assert_func>
10000e2a:	0020      	movs	r0, r4
10000e2c:	f7ff ffd8 	bl	10000de0 <mutex_init>
10000e30:	3408      	adds	r4, #8
10000e32:	4b0b      	ldr	r3, [pc, #44]	@ (10000e60 <runtime_init_mutex+0x48>)
10000e34:	429c      	cmp	r4, r3
10000e36:	d209      	bcs.n	10000e4c <runtime_init_mutex+0x34>
10000e38:	6823      	ldr	r3, [r4, #0]
10000e3a:	2b00      	cmp	r3, #0
10000e3c:	d0f5      	beq.n	10000e2a <runtime_init_mutex+0x12>
10000e3e:	2b01      	cmp	r3, #1
10000e40:	d1ed      	bne.n	10000e1e <runtime_init_mutex+0x6>
10000e42:	0020      	movs	r0, r4
10000e44:	f7ff ffd9 	bl	10000dfa <recursive_mutex_init>
10000e48:	3408      	adds	r4, #8
10000e4a:	e7f2      	b.n	10000e32 <runtime_init_mutex+0x1a>
10000e4c:	bd10      	pop	{r4, pc}
10000e4e:	46c0      	nop			@ (mov r8, r8)
10000e50:	20000cf8 	.word	0x20000cf8
10000e54:	10007de0 	.word	0x10007de0
10000e58:	100088dc 	.word	0x100088dc
10000e5c:	10007e00 	.word	0x10007e00
10000e60:	20000d00 	.word	0x20000d00

10000e64 <critical_section_init_with_lock_num>:
10000e64:	4b03      	ldr	r3, [pc, #12]	@ (10000e74 <critical_section_init_with_lock_num+0x10>)
10000e66:	469c      	mov	ip, r3
10000e68:	4461      	add	r1, ip
10000e6a:	0089      	lsls	r1, r1, #2
10000e6c:	6001      	str	r1, [r0, #0]
10000e6e:	f3bf 8f5f 	dmb	sy
10000e72:	4770      	bx	lr
10000e74:	34000040 	.word	0x34000040

10000e78 <critical_section_init>:
10000e78:	b510      	push	{r4, lr}
10000e7a:	0004      	movs	r4, r0
10000e7c:	2001      	movs	r0, #1
10000e7e:	f7ff fc35 	bl	100006ec <spin_lock_claim_unused>
10000e82:	0001      	movs	r1, r0
10000e84:	0020      	movs	r0, r4
10000e86:	f7ff ffed 	bl	10000e64 <critical_section_init_with_lock_num>
10000e8a:	bd10      	pop	{r4, pc}

10000e8c <ta_set_timeout>:
10000e8c:	b530      	push	{r4, r5, lr}
10000e8e:	6a83      	ldr	r3, [r0, #40]	@ 0x28
10000e90:	469c      	mov	ip, r3
10000e92:	1ad4      	subs	r4, r2, r3
10000e94:	1d0b      	adds	r3, r1, #4
10000e96:	009b      	lsls	r3, r3, #2
10000e98:	581b      	ldr	r3, [r3, r0]
10000e9a:	4665      	mov	r5, ip
10000e9c:	1b5b      	subs	r3, r3, r5
10000e9e:	429c      	cmp	r4, r3
10000ea0:	d304      	bcc.n	10000eac <ta_set_timeout+0x20>
10000ea2:	6a04      	ldr	r4, [r0, #32]
10000ea4:	2301      	movs	r3, #1
10000ea6:	408b      	lsls	r3, r1
10000ea8:	4223      	tst	r3, r4
10000eaa:	d102      	bne.n	10000eb2 <ta_set_timeout+0x26>
10000eac:	3104      	adds	r1, #4
10000eae:	0089      	lsls	r1, r1, #2
10000eb0:	500a      	str	r2, [r1, r0]
10000eb2:	bd30      	pop	{r4, r5, pc}

10000eb4 <make_alarm_id>:
10000eb4:	0400      	lsls	r0, r0, #16
10000eb6:	4308      	orrs	r0, r1
10000eb8:	4770      	bx	lr
	...

10000ebc <sleep_until_callback>:
10000ebc:	4b0a      	ldr	r3, [pc, #40]	@ (10000ee8 <sleep_until_callback+0x2c>)
10000ebe:	6819      	ldr	r1, [r3, #0]
10000ec0:	f3ef 8310 	mrs	r3, PRIMASK
10000ec4:	b672      	cpsid	i
10000ec6:	680a      	ldr	r2, [r1, #0]
10000ec8:	2a00      	cmp	r2, #0
10000eca:	d0fc      	beq.n	10000ec6 <sleep_until_callback+0xa>
10000ecc:	f3bf 8f5f 	dmb	sy
10000ed0:	4a05      	ldr	r2, [pc, #20]	@ (10000ee8 <sleep_until_callback+0x2c>)
10000ed2:	6812      	ldr	r2, [r2, #0]
10000ed4:	f3bf 8f5f 	dmb	sy
10000ed8:	2100      	movs	r1, #0
10000eda:	6011      	str	r1, [r2, #0]
10000edc:	f383 8810 	msr	PRIMASK, r3
10000ee0:	bf40      	sev
10000ee2:	2000      	movs	r0, #0
10000ee4:	2100      	movs	r1, #0
10000ee6:	4770      	bx	lr
10000ee8:	2001698c 	.word	0x2001698c

10000eec <alarm_pool_irq_handler>:
10000eec:	b5f0      	push	{r4, r5, r6, r7, lr}
10000eee:	46de      	mov	lr, fp
10000ef0:	4657      	mov	r7, sl
10000ef2:	464e      	mov	r6, r9
10000ef4:	4645      	mov	r5, r8
10000ef6:	b5e0      	push	{r5, r6, r7, lr}
10000ef8:	b083      	sub	sp, #12
10000efa:	f3ef 8305 	mrs	r3, IPSR
10000efe:	2203      	movs	r2, #3
10000f00:	401a      	ands	r2, r3
10000f02:	0011      	movs	r1, r2
10000f04:	9201      	str	r2, [sp, #4]
10000f06:	4bad      	ldr	r3, [pc, #692]	@ (100011bc <alarm_pool_irq_handler+0x2d0>)
10000f08:	0092      	lsls	r2, r2, #2
10000f0a:	58d3      	ldr	r3, [r2, r3]
10000f0c:	4698      	mov	r8, r3
10000f0e:	781b      	ldrb	r3, [r3, #0]
10000f10:	428b      	cmp	r3, r1
10000f12:	d107      	bne.n	10000f24 <alarm_pool_irq_handler+0x38>
10000f14:	2301      	movs	r3, #1
10000f16:	9a01      	ldr	r2, [sp, #4]
10000f18:	4093      	lsls	r3, r2
10000f1a:	469a      	mov	sl, r3
10000f1c:	4ba8      	ldr	r3, [pc, #672]	@ (100011c0 <alarm_pool_irq_handler+0x2d4>)
10000f1e:	4652      	mov	r2, sl
10000f20:	601a      	str	r2, [r3, #0]
10000f22:	e11a      	b.n	1000115a <alarm_pool_irq_handler+0x26e>
10000f24:	4ba7      	ldr	r3, [pc, #668]	@ (100011c4 <alarm_pool_irq_handler+0x2d8>)
10000f26:	4aa8      	ldr	r2, [pc, #672]	@ (100011c8 <alarm_pool_irq_handler+0x2dc>)
10000f28:	48a8      	ldr	r0, [pc, #672]	@ (100011cc <alarm_pool_irq_handler+0x2e0>)
10000f2a:	219c      	movs	r1, #156	@ 0x9c
10000f2c:	f002 fc86 	bl	1000383c <__assert_func>
10000f30:	4643      	mov	r3, r8
10000f32:	695a      	ldr	r2, [r3, #20]
10000f34:	464b      	mov	r3, r9
10000f36:	005b      	lsls	r3, r3, #1
10000f38:	444b      	add	r3, r9
10000f3a:	00db      	lsls	r3, r3, #3
10000f3c:	4693      	mov	fp, r2
10000f3e:	449b      	add	fp, r3
10000f40:	465b      	mov	r3, fp
10000f42:	689e      	ldr	r6, [r3, #8]
10000f44:	68df      	ldr	r7, [r3, #12]
10000f46:	48a2      	ldr	r0, [pc, #648]	@ (100011d0 <alarm_pool_irq_handler+0x2e4>)
10000f48:	f000 fbb6 	bl	100016b8 <timer_time_us_64>
10000f4c:	1b80      	subs	r0, r0, r6
10000f4e:	41b9      	sbcs	r1, r7
10000f50:	2900      	cmp	r1, #0
10000f52:	da00      	bge.n	10000f56 <alarm_pool_irq_handler+0x6a>
10000f54:	e10b      	b.n	1000116e <alarm_pool_irq_handler+0x282>
10000f56:	2f00      	cmp	r7, #0
10000f58:	db5d      	blt.n	10001016 <alarm_pool_irq_handler+0x12a>
10000f5a:	465b      	mov	r3, fp
10000f5c:	691c      	ldr	r4, [r3, #16]
10000f5e:	4b9d      	ldr	r3, [pc, #628]	@ (100011d4 <alarm_pool_irq_handler+0x2e8>)
10000f60:	429c      	cmp	r4, r3
10000f62:	d043      	beq.n	10000fec <alarm_pool_irq_handler+0x100>
10000f64:	4643      	mov	r3, r8
10000f66:	2008      	movs	r0, #8
10000f68:	5e18      	ldrsh	r0, [r3, r0]
10000f6a:	465b      	mov	r3, fp
10000f6c:	8859      	ldrh	r1, [r3, #2]
10000f6e:	f7ff ffa1 	bl	10000eb4 <make_alarm_id>
10000f72:	465b      	mov	r3, fp
10000f74:	6959      	ldr	r1, [r3, #20]
10000f76:	47a0      	blx	r4
10000f78:	0004      	movs	r4, r0
10000f7a:	000d      	movs	r5, r1
10000f7c:	0023      	movs	r3, r4
10000f7e:	432b      	orrs	r3, r5
10000f80:	d049      	beq.n	10001016 <alarm_pool_irq_handler+0x12a>
10000f82:	2d00      	cmp	r5, #0
10000f84:	da3b      	bge.n	10000ffe <alarm_pool_irq_handler+0x112>
10000f86:	0030      	movs	r0, r6
10000f88:	0039      	movs	r1, r7
10000f8a:	1b00      	subs	r0, r0, r4
10000f8c:	41a9      	sbcs	r1, r5
10000f8e:	465b      	mov	r3, fp
10000f90:	6098      	str	r0, [r3, #8]
10000f92:	60d9      	str	r1, [r3, #12]
10000f94:	2400      	movs	r4, #0
10000f96:	5f1c      	ldrsh	r4, [r3, r4]
10000f98:	2c00      	cmp	r4, #0
10000f9a:	da00      	bge.n	10000f9e <alarm_pool_irq_handler+0xb2>
10000f9c:	e0e7      	b.n	1000116e <alarm_pool_irq_handler+0x282>
10000f9e:	4643      	mov	r3, r8
10000fa0:	695b      	ldr	r3, [r3, #20]
10000fa2:	469c      	mov	ip, r3
10000fa4:	0063      	lsls	r3, r4, #1
10000fa6:	191b      	adds	r3, r3, r4
10000fa8:	00db      	lsls	r3, r3, #3
10000faa:	4463      	add	r3, ip
10000fac:	689a      	ldr	r2, [r3, #8]
10000fae:	68db      	ldr	r3, [r3, #12]
10000fb0:	0005      	movs	r5, r0
10000fb2:	000e      	movs	r6, r1
10000fb4:	1aad      	subs	r5, r5, r2
10000fb6:	419e      	sbcs	r6, r3
10000fb8:	2e00      	cmp	r6, #0
10000fba:	da00      	bge.n	10000fbe <alarm_pool_irq_handler+0xd2>
10000fbc:	e0d7      	b.n	1000116e <alarm_pool_irq_handler+0x282>
10000fbe:	4643      	mov	r3, r8
10000fc0:	811c      	strh	r4, [r3, #8]
10000fc2:	4647      	mov	r7, r8
10000fc4:	3708      	adds	r7, #8
10000fc6:	9700      	str	r7, [sp, #0]
10000fc8:	2c00      	cmp	r4, #0
10000fca:	db1e      	blt.n	1000100a <alarm_pool_irq_handler+0x11e>
10000fcc:	0065      	lsls	r5, r4, #1
10000fce:	192d      	adds	r5, r5, r4
10000fd0:	00ed      	lsls	r5, r5, #3
10000fd2:	4465      	add	r5, ip
10000fd4:	68aa      	ldr	r2, [r5, #8]
10000fd6:	68eb      	ldr	r3, [r5, #12]
10000fd8:	0006      	movs	r6, r0
10000fda:	000f      	movs	r7, r1
10000fdc:	1ab6      	subs	r6, r6, r2
10000fde:	419f      	sbcs	r7, r3
10000fe0:	2f00      	cmp	r7, #0
10000fe2:	db12      	blt.n	1000100a <alarm_pool_irq_handler+0x11e>
10000fe4:	9500      	str	r5, [sp, #0]
10000fe6:	2300      	movs	r3, #0
10000fe8:	5eec      	ldrsh	r4, [r5, r3]
10000fea:	e7ed      	b.n	10000fc8 <alarm_pool_irq_handler+0xdc>
10000fec:	465b      	mov	r3, fp
10000fee:	695c      	ldr	r4, [r3, #20]
10000ff0:	6923      	ldr	r3, [r4, #16]
10000ff2:	0020      	movs	r0, r4
10000ff4:	4798      	blx	r3
10000ff6:	2800      	cmp	r0, #0
10000ff8:	d00d      	beq.n	10001016 <alarm_pool_irq_handler+0x12a>
10000ffa:	cc30      	ldmia	r4, {r4, r5}
10000ffc:	e7be      	b.n	10000f7c <alarm_pool_irq_handler+0x90>
10000ffe:	4874      	ldr	r0, [pc, #464]	@ (100011d0 <alarm_pool_irq_handler+0x2e4>)
10001000:	f000 fb5a 	bl	100016b8 <timer_time_us_64>
10001004:	1900      	adds	r0, r0, r4
10001006:	4169      	adcs	r1, r5
10001008:	e7c1      	b.n	10000f8e <alarm_pool_irq_handler+0xa2>
1000100a:	465b      	mov	r3, fp
1000100c:	801c      	strh	r4, [r3, #0]
1000100e:	464b      	mov	r3, r9
10001010:	9a00      	ldr	r2, [sp, #0]
10001012:	8013      	strh	r3, [r2, #0]
10001014:	e0ab      	b.n	1000116e <alarm_pool_irq_handler+0x282>
10001016:	465b      	mov	r3, fp
10001018:	2200      	movs	r2, #0
1000101a:	5e9b      	ldrsh	r3, [r3, r2]
1000101c:	4642      	mov	r2, r8
1000101e:	8113      	strh	r3, [r2, #8]
10001020:	6912      	ldr	r2, [r2, #16]
10001022:	f3ef 8310 	mrs	r3, PRIMASK
10001026:	b672      	cpsid	i
10001028:	6811      	ldr	r1, [r2, #0]
1000102a:	2900      	cmp	r1, #0
1000102c:	d0fc      	beq.n	10001028 <alarm_pool_irq_handler+0x13c>
1000102e:	f3bf 8f5f 	dmb	sy
10001032:	4642      	mov	r2, r8
10001034:	2102      	movs	r1, #2
10001036:	5e52      	ldrsh	r2, [r2, r1]
10001038:	4659      	mov	r1, fp
1000103a:	800a      	strh	r2, [r1, #0]
1000103c:	4642      	mov	r2, r8
1000103e:	4649      	mov	r1, r9
10001040:	8051      	strh	r1, [r2, #2]
10001042:	6912      	ldr	r2, [r2, #16]
10001044:	f3bf 8f5f 	dmb	sy
10001048:	2100      	movs	r1, #0
1000104a:	6011      	str	r1, [r2, #0]
1000104c:	f383 8810 	msr	PRIMASK, r3
10001050:	e08d      	b.n	1000116e <alarm_pool_irq_handler+0x282>
10001052:	4643      	mov	r3, r8
10001054:	6919      	ldr	r1, [r3, #16]
10001056:	f3ef 8310 	mrs	r3, PRIMASK
1000105a:	b672      	cpsid	i
1000105c:	680a      	ldr	r2, [r1, #0]
1000105e:	2a00      	cmp	r2, #0
10001060:	d0fc      	beq.n	1000105c <alarm_pool_irq_handler+0x170>
10001062:	f3bf 8f5f 	dmb	sy
10001066:	4642      	mov	r2, r8
10001068:	2104      	movs	r1, #4
1000106a:	5e52      	ldrsh	r2, [r2, r1]
1000106c:	4691      	mov	r9, r2
1000106e:	2201      	movs	r2, #1
10001070:	4252      	negs	r2, r2
10001072:	4641      	mov	r1, r8
10001074:	808a      	strh	r2, [r1, #4]
10001076:	690a      	ldr	r2, [r1, #16]
10001078:	f3bf 8f5f 	dmb	sy
1000107c:	2100      	movs	r1, #0
1000107e:	6011      	str	r1, [r2, #0]
10001080:	f383 8810 	msr	PRIMASK, r3
10001084:	e01c      	b.n	100010c0 <alarm_pool_irq_handler+0x1d4>
10001086:	465b      	mov	r3, fp
10001088:	9300      	str	r3, [sp, #0]
1000108a:	2600      	movs	r6, #0
1000108c:	5f9e      	ldrsh	r6, [r3, r6]
1000108e:	2e00      	cmp	r6, #0
10001090:	db0d      	blt.n	100010ae <alarm_pool_irq_handler+0x1c2>
10001092:	0073      	lsls	r3, r6, #1
10001094:	199b      	adds	r3, r3, r6
10001096:	00db      	lsls	r3, r3, #3
10001098:	469b      	mov	fp, r3
1000109a:	44bb      	add	fp, r7
1000109c:	465b      	mov	r3, fp
1000109e:	6898      	ldr	r0, [r3, #8]
100010a0:	68d9      	ldr	r1, [r3, #12]
100010a2:	0022      	movs	r2, r4
100010a4:	002b      	movs	r3, r5
100010a6:	1a12      	subs	r2, r2, r0
100010a8:	418b      	sbcs	r3, r1
100010aa:	2b00      	cmp	r3, #0
100010ac:	daeb      	bge.n	10001086 <alarm_pool_irq_handler+0x19a>
100010ae:	464b      	mov	r3, r9
100010b0:	9a00      	ldr	r2, [sp, #0]
100010b2:	8013      	strh	r3, [r2, #0]
100010b4:	4663      	mov	r3, ip
100010b6:	2200      	movs	r2, #0
100010b8:	5e9b      	ldrsh	r3, [r3, r2]
100010ba:	4699      	mov	r9, r3
100010bc:	4663      	mov	r3, ip
100010be:	801e      	strh	r6, [r3, #0]
100010c0:	464b      	mov	r3, r9
100010c2:	2b00      	cmp	r3, #0
100010c4:	db59      	blt.n	1000117a <alarm_pool_irq_handler+0x28e>
100010c6:	4643      	mov	r3, r8
100010c8:	695f      	ldr	r7, [r3, #20]
100010ca:	464b      	mov	r3, r9
100010cc:	005b      	lsls	r3, r3, #1
100010ce:	444b      	add	r3, r9
100010d0:	00db      	lsls	r3, r3, #3
100010d2:	469c      	mov	ip, r3
100010d4:	44bc      	add	ip, r7
100010d6:	4663      	mov	r3, ip
100010d8:	689c      	ldr	r4, [r3, #8]
100010da:	68dd      	ldr	r5, [r3, #12]
100010dc:	4642      	mov	r2, r8
100010de:	3208      	adds	r2, #8
100010e0:	9200      	str	r2, [sp, #0]
100010e2:	4643      	mov	r3, r8
100010e4:	2608      	movs	r6, #8
100010e6:	5f9e      	ldrsh	r6, [r3, r6]
100010e8:	e7d1      	b.n	1000108e <alarm_pool_irq_handler+0x1a2>
100010ea:	2300      	movs	r3, #0
100010ec:	4642      	mov	r2, r8
100010ee:	7193      	strb	r3, [r2, #6]
100010f0:	4641      	mov	r1, r8
100010f2:	3108      	adds	r1, #8
100010f4:	4643      	mov	r3, r8
100010f6:	2008      	movs	r0, #8
100010f8:	5e18      	ldrsh	r0, [r3, r0]
100010fa:	e011      	b.n	10001120 <alarm_pool_irq_handler+0x234>
100010fc:	2201      	movs	r2, #1
100010fe:	4252      	negs	r2, r2
10001100:	17d3      	asrs	r3, r2, #31
10001102:	60a2      	str	r2, [r4, #8]
10001104:	60e3      	str	r3, [r4, #12]
10001106:	4643      	mov	r3, r8
10001108:	2208      	movs	r2, #8
1000110a:	5e9b      	ldrsh	r3, [r3, r2]
1000110c:	4283      	cmp	r3, r0
1000110e:	d006      	beq.n	1000111e <alarm_pool_irq_handler+0x232>
10001110:	800d      	strh	r5, [r1, #0]
10001112:	4643      	mov	r3, r8
10001114:	2208      	movs	r2, #8
10001116:	5e9b      	ldrsh	r3, [r3, r2]
10001118:	8023      	strh	r3, [r4, #0]
1000111a:	4643      	mov	r3, r8
1000111c:	8118      	strh	r0, [r3, #8]
1000111e:	0028      	movs	r0, r5
10001120:	1c43      	adds	r3, r0, #1
10001122:	d02e      	beq.n	10001182 <alarm_pool_irq_handler+0x296>
10001124:	4643      	mov	r3, r8
10001126:	695a      	ldr	r2, [r3, #20]
10001128:	0043      	lsls	r3, r0, #1
1000112a:	181b      	adds	r3, r3, r0
1000112c:	00db      	lsls	r3, r3, #3
1000112e:	18d4      	adds	r4, r2, r3
10001130:	5ed5      	ldrsh	r5, [r2, r3]
10001132:	2202      	movs	r2, #2
10001134:	5ea3      	ldrsh	r3, [r4, r2]
10001136:	2b00      	cmp	r3, #0
10001138:	dbe0      	blt.n	100010fc <alarm_pool_irq_handler+0x210>
1000113a:	0021      	movs	r1, r4
1000113c:	e7ef      	b.n	1000111e <alarm_pool_irq_handler+0x232>
1000113e:	0022      	movs	r2, r4
10001140:	002b      	movs	r3, r5
10001142:	9901      	ldr	r1, [sp, #4]
10001144:	4822      	ldr	r0, [pc, #136]	@ (100011d0 <alarm_pool_irq_handler+0x2e4>)
10001146:	f7ff fea1 	bl	10000e8c <ta_set_timeout>
1000114a:	4821      	ldr	r0, [pc, #132]	@ (100011d0 <alarm_pool_irq_handler+0x2e4>)
1000114c:	f000 fab4 	bl	100016b8 <timer_time_us_64>
10001150:	1a24      	subs	r4, r4, r0
10001152:	418d      	sbcs	r5, r1
10001154:	2d00      	cmp	r5, #0
10001156:	dc28      	bgt.n	100011aa <alarm_pool_irq_handler+0x2be>
10001158:	d025      	beq.n	100011a6 <alarm_pool_irq_handler+0x2ba>
1000115a:	4b1d      	ldr	r3, [pc, #116]	@ (100011d0 <alarm_pool_irq_handler+0x2e4>)
1000115c:	4652      	mov	r2, sl
1000115e:	635a      	str	r2, [r3, #52]	@ 0x34
10001160:	4643      	mov	r3, r8
10001162:	2208      	movs	r2, #8
10001164:	5e9b      	ldrsh	r3, [r3, r2]
10001166:	4699      	mov	r9, r3
10001168:	2b00      	cmp	r3, #0
1000116a:	db00      	blt.n	1000116e <alarm_pool_irq_handler+0x282>
1000116c:	e6e0      	b.n	10000f30 <alarm_pool_irq_handler+0x44>
1000116e:	4643      	mov	r3, r8
10001170:	2204      	movs	r2, #4
10001172:	5e9b      	ldrsh	r3, [r3, r2]
10001174:	2b00      	cmp	r3, #0
10001176:	db00      	blt.n	1000117a <alarm_pool_irq_handler+0x28e>
10001178:	e76b      	b.n	10001052 <alarm_pool_irq_handler+0x166>
1000117a:	4643      	mov	r3, r8
1000117c:	799b      	ldrb	r3, [r3, #6]
1000117e:	2b00      	cmp	r3, #0
10001180:	d1b3      	bne.n	100010ea <alarm_pool_irq_handler+0x1fe>
10001182:	4643      	mov	r3, r8
10001184:	2208      	movs	r2, #8
10001186:	5e9a      	ldrsh	r2, [r3, r2]
10001188:	2a00      	cmp	r2, #0
1000118a:	db0e      	blt.n	100011aa <alarm_pool_irq_handler+0x2be>
1000118c:	4643      	mov	r3, r8
1000118e:	6959      	ldr	r1, [r3, #20]
10001190:	0053      	lsls	r3, r2, #1
10001192:	189b      	adds	r3, r3, r2
10001194:	00db      	lsls	r3, r3, #3
10001196:	18cb      	adds	r3, r1, r3
10001198:	689c      	ldr	r4, [r3, #8]
1000119a:	68dd      	ldr	r5, [r3, #12]
1000119c:	1c63      	adds	r3, r4, #1
1000119e:	d1ce      	bne.n	1000113e <alarm_pool_irq_handler+0x252>
100011a0:	1c6b      	adds	r3, r5, #1
100011a2:	d0d2      	beq.n	1000114a <alarm_pool_irq_handler+0x25e>
100011a4:	e7cb      	b.n	1000113e <alarm_pool_irq_handler+0x252>
100011a6:	2c00      	cmp	r4, #0
100011a8:	d0d7      	beq.n	1000115a <alarm_pool_irq_handler+0x26e>
100011aa:	bf40      	sev
100011ac:	b003      	add	sp, #12
100011ae:	bcf0      	pop	{r4, r5, r6, r7}
100011b0:	46bb      	mov	fp, r7
100011b2:	46b2      	mov	sl, r6
100011b4:	46a9      	mov	r9, r5
100011b6:	46a0      	mov	r8, r4
100011b8:	bdf0      	pop	{r4, r5, r6, r7, pc}
100011ba:	46c0      	nop			@ (mov r8, r8)
100011bc:	20016870 	.word	0x20016870
100011c0:	4005703c 	.word	0x4005703c
100011c4:	10007ea0 	.word	0x10007ea0
100011c8:	10008908 	.word	0x10008908
100011cc:	10007ecc 	.word	0x10007ecc
100011d0:	40054000 	.word	0x40054000
100011d4:	10000eed 	.word	0x10000eed

100011d8 <ta_enable_irq_handler>:
100011d8:	b570      	push	{r4, r5, r6, lr}
100011da:	0004      	movs	r4, r0
100011dc:	000d      	movs	r5, r1
100011de:	0011      	movs	r1, r2
100011e0:	2601      	movs	r6, #1
100011e2:	40ae      	lsls	r6, r5
100011e4:	6206      	str	r6, [r0, #32]
100011e6:	0028      	movs	r0, r5
100011e8:	f7ff fb64 	bl	100008b4 <irq_set_exclusive_handler>
100011ec:	2101      	movs	r1, #1
100011ee:	0028      	movs	r0, r5
100011f0:	f7ff fb38 	bl	10000864 <irq_set_enabled>
100011f4:	4b02      	ldr	r3, [pc, #8]	@ (10001200 <ta_enable_irq_handler+0x28>)
100011f6:	469c      	mov	ip, r3
100011f8:	4464      	add	r4, ip
100011fa:	6026      	str	r6, [r4, #0]
100011fc:	bd70      	pop	{r4, r5, r6, pc}
100011fe:	46c0      	nop			@ (mov r8, r8)
10001200:	00002038 	.word	0x00002038

10001204 <alarm_pool_post_alloc_init>:
10001204:	b5f8      	push	{r3, r4, r5, r6, r7, lr}
10001206:	0004      	movs	r4, r0
10001208:	000f      	movs	r7, r1
1000120a:	0016      	movs	r6, r2
1000120c:	001d      	movs	r5, r3
1000120e:	60c1      	str	r1, [r0, #12]
10001210:	f7ff fa5e 	bl	100006d0 <next_striped_spin_lock_num>
10001214:	4b12      	ldr	r3, [pc, #72]	@ (10001260 <alarm_pool_post_alloc_init+0x5c>)
10001216:	469c      	mov	ip, r3
10001218:	4460      	add	r0, ip
1000121a:	0080      	lsls	r0, r0, #2
1000121c:	6120      	str	r0, [r4, #16]
1000121e:	7026      	strb	r6, [r4, #0]
10001220:	b2ab      	uxth	r3, r5
10001222:	8163      	strh	r3, [r4, #10]
10001224:	22d0      	movs	r2, #208	@ 0xd0
10001226:	0612      	lsls	r2, r2, #24
10001228:	7812      	ldrb	r2, [r2, #0]
1000122a:	7062      	strb	r2, [r4, #1]
1000122c:	2201      	movs	r2, #1
1000122e:	4252      	negs	r2, r2
10001230:	8122      	strh	r2, [r4, #8]
10001232:	80a2      	strh	r2, [r4, #4]
10001234:	189b      	adds	r3, r3, r2
10001236:	8063      	strh	r3, [r4, #2]
10001238:	2300      	movs	r3, #0
1000123a:	e006      	b.n	1000124a <alarm_pool_post_alloc_init+0x46>
1000123c:	1e58      	subs	r0, r3, #1
1000123e:	6961      	ldr	r1, [r4, #20]
10001240:	005a      	lsls	r2, r3, #1
10001242:	18d2      	adds	r2, r2, r3
10001244:	00d2      	lsls	r2, r2, #3
10001246:	5288      	strh	r0, [r1, r2]
10001248:	3301      	adds	r3, #1
1000124a:	42ab      	cmp	r3, r5
1000124c:	d3f6      	bcc.n	1000123c <alarm_pool_post_alloc_init+0x38>
1000124e:	4b05      	ldr	r3, [pc, #20]	@ (10001264 <alarm_pool_post_alloc_init+0x60>)
10001250:	00b2      	lsls	r2, r6, #2
10001252:	50d4      	str	r4, [r2, r3]
10001254:	4a04      	ldr	r2, [pc, #16]	@ (10001268 <alarm_pool_post_alloc_init+0x64>)
10001256:	0031      	movs	r1, r6
10001258:	0038      	movs	r0, r7
1000125a:	f7ff ffbd 	bl	100011d8 <ta_enable_irq_handler>
1000125e:	bdf8      	pop	{r3, r4, r5, r6, r7, pc}
10001260:	34000040 	.word	0x34000040
10001264:	20016870 	.word	0x20016870
10001268:	10000eed 	.word	0x10000eed

1000126c <alarm_pool_get_default>:
1000126c:	b510      	push	{r4, lr}
1000126e:	4b06      	ldr	r3, [pc, #24]	@ (10001288 <alarm_pool_get_default+0x1c>)
10001270:	691b      	ldr	r3, [r3, #16]
10001272:	2b00      	cmp	r3, #0
10001274:	d001      	beq.n	1000127a <alarm_pool_get_default+0xe>
10001276:	4804      	ldr	r0, [pc, #16]	@ (10001288 <alarm_pool_get_default+0x1c>)
10001278:	bd10      	pop	{r4, pc}
1000127a:	4b04      	ldr	r3, [pc, #16]	@ (1000128c <alarm_pool_get_default+0x20>)
1000127c:	4a04      	ldr	r2, [pc, #16]	@ (10001290 <alarm_pool_get_default+0x24>)
1000127e:	4805      	ldr	r0, [pc, #20]	@ (10001294 <alarm_pool_get_default+0x28>)
10001280:	2165      	movs	r1, #101	@ 0x65
10001282:	f002 fadb 	bl	1000383c <__assert_func>
10001286:	46c0      	nop			@ (mov r8, r8)
10001288:	20000c60 	.word	0x20000c60
1000128c:	10007f14 	.word	0x10007f14
10001290:	100088f0 	.word	0x100088f0
10001294:	10007ecc 	.word	0x10007ecc

10001298 <alarm_pool_add_alarm_at_force_in_context>:
10001298:	b5f8      	push	{r3, r4, r5, r6, r7, lr}
1000129a:	0004      	movs	r4, r0
1000129c:	6905      	ldr	r5, [r0, #16]
1000129e:	f3ef 8010 	mrs	r0, PRIMASK
100012a2:	b672      	cpsid	i
100012a4:	6829      	ldr	r1, [r5, #0]
100012a6:	2900      	cmp	r1, #0
100012a8:	d0fc      	beq.n	100012a4 <alarm_pool_add_alarm_at_force_in_context+0xc>
100012aa:	f3bf 8f5f 	dmb	sy
100012ae:	2102      	movs	r1, #2
100012b0:	5e66      	ldrsh	r6, [r4, r1]
100012b2:	6965      	ldr	r5, [r4, #20]
100012b4:	0071      	lsls	r1, r6, #1
100012b6:	1989      	adds	r1, r1, r6
100012b8:	00c9      	lsls	r1, r1, #3
100012ba:	186d      	adds	r5, r5, r1
100012bc:	2e00      	cmp	r6, #0
100012be:	db02      	blt.n	100012c6 <alarm_pool_add_alarm_at_force_in_context+0x2e>
100012c0:	2700      	movs	r7, #0
100012c2:	5fe9      	ldrsh	r1, [r5, r7]
100012c4:	8061      	strh	r1, [r4, #2]
100012c6:	6921      	ldr	r1, [r4, #16]
100012c8:	f3bf 8f5f 	dmb	sy
100012cc:	2700      	movs	r7, #0
100012ce:	600f      	str	r7, [r1, #0]
100012d0:	f380 8810 	msr	PRIMASK, r0
100012d4:	2e00      	cmp	r6, #0
100012d6:	db2d      	blt.n	10001334 <alarm_pool_add_alarm_at_force_in_context+0x9c>
100012d8:	9906      	ldr	r1, [sp, #24]
100012da:	6129      	str	r1, [r5, #16]
100012dc:	9907      	ldr	r1, [sp, #28]
100012de:	6169      	str	r1, [r5, #20]
100012e0:	60aa      	str	r2, [r5, #8]
100012e2:	60eb      	str	r3, [r5, #12]
100012e4:	886b      	ldrh	r3, [r5, #2]
100012e6:	3301      	adds	r3, #1
100012e8:	045b      	lsls	r3, r3, #17
100012ea:	0c59      	lsrs	r1, r3, #17
100012ec:	2b00      	cmp	r3, #0
100012ee:	d100      	bne.n	100012f2 <alarm_pool_add_alarm_at_force_in_context+0x5a>
100012f0:	2101      	movs	r1, #1
100012f2:	8069      	strh	r1, [r5, #2]
100012f4:	0030      	movs	r0, r6
100012f6:	f7ff fddd 	bl	10000eb4 <make_alarm_id>
100012fa:	6921      	ldr	r1, [r4, #16]
100012fc:	f3ef 8310 	mrs	r3, PRIMASK
10001300:	b672      	cpsid	i
10001302:	680a      	ldr	r2, [r1, #0]
10001304:	2a00      	cmp	r2, #0
10001306:	d0fc      	beq.n	10001302 <alarm_pool_add_alarm_at_force_in_context+0x6a>
10001308:	f3bf 8f5f 	dmb	sy
1000130c:	2104      	movs	r1, #4
1000130e:	5e62      	ldrsh	r2, [r4, r1]
10001310:	802a      	strh	r2, [r5, #0]
10001312:	80a6      	strh	r6, [r4, #4]
10001314:	6922      	ldr	r2, [r4, #16]
10001316:	f3bf 8f5f 	dmb	sy
1000131a:	2100      	movs	r1, #0
1000131c:	6011      	str	r1, [r2, #0]
1000131e:	f383 8810 	msr	PRIMASK, r3
10001322:	68e3      	ldr	r3, [r4, #12]
10001324:	7821      	ldrb	r1, [r4, #0]
10001326:	2201      	movs	r2, #1
10001328:	408a      	lsls	r2, r1
1000132a:	4904      	ldr	r1, [pc, #16]	@ (1000133c <alarm_pool_add_alarm_at_force_in_context+0xa4>)
1000132c:	468c      	mov	ip, r1
1000132e:	4463      	add	r3, ip
10001330:	601a      	str	r2, [r3, #0]
10001332:	bdf8      	pop	{r3, r4, r5, r6, r7, pc}
10001334:	2001      	movs	r0, #1
10001336:	4240      	negs	r0, r0
10001338:	e7fb      	b.n	10001332 <alarm_pool_add_alarm_at_force_in_context+0x9a>
1000133a:	46c0      	nop			@ (mov r8, r8)
1000133c:	0000203c 	.word	0x0000203c

10001340 <alarm_pool_add_alarm_at>:
10001340:	b570      	push	{r4, r5, r6, lr}
10001342:	b082      	sub	sp, #8
10001344:	0006      	movs	r6, r0
10001346:	0014      	movs	r4, r2
10001348:	001d      	movs	r5, r3
1000134a:	ab08      	add	r3, sp, #32
1000134c:	781b      	ldrb	r3, [r3, #0]
1000134e:	2b00      	cmp	r3, #0
10001350:	d107      	bne.n	10001362 <alarm_pool_add_alarm_at+0x22>
10001352:	f000 f9dd 	bl	10001710 <time_us_64>
10001356:	0022      	movs	r2, r4
10001358:	002b      	movs	r3, r5
1000135a:	1a12      	subs	r2, r2, r0
1000135c:	418b      	sbcs	r3, r1
1000135e:	2b00      	cmp	r3, #0
10001360:	db0a      	blt.n	10001378 <alarm_pool_add_alarm_at+0x38>
10001362:	9b07      	ldr	r3, [sp, #28]
10001364:	9301      	str	r3, [sp, #4]
10001366:	9b06      	ldr	r3, [sp, #24]
10001368:	9300      	str	r3, [sp, #0]
1000136a:	0022      	movs	r2, r4
1000136c:	002b      	movs	r3, r5
1000136e:	0030      	movs	r0, r6
10001370:	f7ff ff92 	bl	10001298 <alarm_pool_add_alarm_at_force_in_context>
10001374:	b002      	add	sp, #8
10001376:	bd70      	pop	{r4, r5, r6, pc}
10001378:	2000      	movs	r0, #0
1000137a:	e7fb      	b.n	10001374 <alarm_pool_add_alarm_at+0x34>

1000137c <add_alarm_at>:
1000137c:	b5f0      	push	{r4, r5, r6, r7, lr}
1000137e:	46c6      	mov	lr, r8
10001380:	b500      	push	{lr}
10001382:	b084      	sub	sp, #16
10001384:	4680      	mov	r8, r0
10001386:	000f      	movs	r7, r1
10001388:	0016      	movs	r6, r2
1000138a:	001d      	movs	r5, r3
1000138c:	ab0a      	add	r3, sp, #40	@ 0x28
1000138e:	781c      	ldrb	r4, [r3, #0]
10001390:	f7ff ff6c 	bl	1000126c <alarm_pool_get_default>
10001394:	9402      	str	r4, [sp, #8]
10001396:	9501      	str	r5, [sp, #4]
10001398:	9600      	str	r6, [sp, #0]
1000139a:	4642      	mov	r2, r8
1000139c:	003b      	movs	r3, r7
1000139e:	f7ff ffcf 	bl	10001340 <alarm_pool_add_alarm_at>
100013a2:	b004      	add	sp, #16
100013a4:	bc80      	pop	{r7}
100013a6:	46b8      	mov	r8, r7
100013a8:	bdf0      	pop	{r4, r5, r6, r7, pc}
	...

100013ac <alarm_pool_cancel_alarm>:
100013ac:	b510      	push	{r4, lr}
100013ae:	0003      	movs	r3, r0
100013b0:	1408      	asrs	r0, r1, #16
100013b2:	895a      	ldrh	r2, [r3, #10]
100013b4:	4290      	cmp	r0, r2
100013b6:	da2d      	bge.n	10001414 <alarm_pool_cancel_alarm+0x68>
100013b8:	695c      	ldr	r4, [r3, #20]
100013ba:	0042      	lsls	r2, r0, #1
100013bc:	1812      	adds	r2, r2, r0
100013be:	00d2      	lsls	r2, r2, #3
100013c0:	18a2      	adds	r2, r4, r2
100013c2:	691c      	ldr	r4, [r3, #16]
100013c4:	f3ef 8010 	mrs	r0, PRIMASK
100013c8:	b672      	cpsid	i
100013ca:	4684      	mov	ip, r0
100013cc:	6820      	ldr	r0, [r4, #0]
100013ce:	2800      	cmp	r0, #0
100013d0:	d0fc      	beq.n	100013cc <alarm_pool_cancel_alarm+0x20>
100013d2:	f3bf 8f5f 	dmb	sy
100013d6:	8850      	ldrh	r0, [r2, #2]
100013d8:	0409      	lsls	r1, r1, #16
100013da:	0c09      	lsrs	r1, r1, #16
100013dc:	4281      	cmp	r1, r0
100013de:	d012      	beq.n	10001406 <alarm_pool_cancel_alarm+0x5a>
100013e0:	2000      	movs	r0, #0
100013e2:	691a      	ldr	r2, [r3, #16]
100013e4:	f3bf 8f5f 	dmb	sy
100013e8:	2100      	movs	r1, #0
100013ea:	6011      	str	r1, [r2, #0]
100013ec:	f38c 8810 	msr	PRIMASK, ip
100013f0:	2800      	cmp	r0, #0
100013f2:	d010      	beq.n	10001416 <alarm_pool_cancel_alarm+0x6a>
100013f4:	68da      	ldr	r2, [r3, #12]
100013f6:	781b      	ldrb	r3, [r3, #0]
100013f8:	3101      	adds	r1, #1
100013fa:	4099      	lsls	r1, r3
100013fc:	4b06      	ldr	r3, [pc, #24]	@ (10001418 <alarm_pool_cancel_alarm+0x6c>)
100013fe:	469c      	mov	ip, r3
10001400:	4462      	add	r2, ip
10001402:	6011      	str	r1, [r2, #0]
10001404:	e007      	b.n	10001416 <alarm_pool_cancel_alarm+0x6a>
10001406:	4905      	ldr	r1, [pc, #20]	@ (1000141c <alarm_pool_cancel_alarm+0x70>)
10001408:	4301      	orrs	r1, r0
1000140a:	8051      	strh	r1, [r2, #2]
1000140c:	2201      	movs	r2, #1
1000140e:	719a      	strb	r2, [r3, #6]
10001410:	2001      	movs	r0, #1
10001412:	e7e6      	b.n	100013e2 <alarm_pool_cancel_alarm+0x36>
10001414:	2000      	movs	r0, #0
10001416:	bd10      	pop	{r4, pc}
10001418:	0000203c 	.word	0x0000203c
1000141c:	ffff8000 	.word	0xffff8000

10001420 <cancel_alarm>:
10001420:	b510      	push	{r4, lr}
10001422:	0004      	movs	r4, r0
10001424:	f7ff ff22 	bl	1000126c <alarm_pool_get_default>
10001428:	0021      	movs	r1, r4
1000142a:	f7ff ffbf 	bl	100013ac <alarm_pool_cancel_alarm>
1000142e:	bd10      	pop	{r4, pc}

10001430 <alarm_pool_core_num>:
10001430:	7840      	ldrb	r0, [r0, #1]
10001432:	4770      	bx	lr

10001434 <sleep_until>:
10001434:	b5f0      	push	{r4, r5, r6, r7, lr}
10001436:	b083      	sub	sp, #12
10001438:	0006      	movs	r6, r0
1000143a:	000f      	movs	r7, r1
1000143c:	f3ef 8305 	mrs	r3, IPSR
10001440:	2b00      	cmp	r3, #0
10001442:	d11a      	bne.n	1000147a <sleep_until+0x46>
10001444:	2406      	movs	r4, #6
10001446:	4264      	negs	r4, r4
10001448:	17e5      	asrs	r5, r4, #31
1000144a:	19a4      	adds	r4, r4, r6
1000144c:	417d      	adcs	r5, r7
1000144e:	428d      	cmp	r5, r1
10001450:	d802      	bhi.n	10001458 <sleep_until+0x24>
10001452:	d103      	bne.n	1000145c <sleep_until+0x28>
10001454:	4284      	cmp	r4, r0
10001456:	d901      	bls.n	1000145c <sleep_until+0x28>
10001458:	2400      	movs	r4, #0
1000145a:	2500      	movs	r5, #0
1000145c:	f000 f958 	bl	10001710 <time_us_64>
10001460:	0022      	movs	r2, r4
10001462:	002b      	movs	r3, r5
10001464:	1a12      	subs	r2, r2, r0
10001466:	418b      	sbcs	r3, r1
10001468:	2b00      	cmp	r3, #0
1000146a:	dc0b      	bgt.n	10001484 <sleep_until+0x50>
1000146c:	d008      	beq.n	10001480 <sleep_until+0x4c>
1000146e:	0030      	movs	r0, r6
10001470:	0039      	movs	r1, r7
10001472:	f000 f95f 	bl	10001734 <busy_wait_until>
10001476:	b003      	add	sp, #12
10001478:	bdf0      	pop	{r4, r5, r6, r7, pc}
1000147a:	4816      	ldr	r0, [pc, #88]	@ (100014d4 <sleep_until+0xa0>)
1000147c:	f7ff f8b6 	bl	100005ec <panic>
10001480:	2a00      	cmp	r2, #0
10001482:	d0f4      	beq.n	1000146e <sleep_until+0x3a>
10001484:	4a14      	ldr	r2, [pc, #80]	@ (100014d8 <sleep_until+0xa4>)
10001486:	2300      	movs	r3, #0
10001488:	9300      	str	r3, [sp, #0]
1000148a:	0020      	movs	r0, r4
1000148c:	0029      	movs	r1, r5
1000148e:	f7ff ff75 	bl	1000137c <add_alarm_at>
10001492:	2800      	cmp	r0, #0
10001494:	da13      	bge.n	100014be <sleep_until+0x8a>
10001496:	e7ea      	b.n	1000146e <sleep_until+0x3a>
10001498:	4b10      	ldr	r3, [pc, #64]	@ (100014dc <sleep_until+0xa8>)
1000149a:	6819      	ldr	r1, [r3, #0]
1000149c:	f3ef 8310 	mrs	r3, PRIMASK
100014a0:	b672      	cpsid	i
100014a2:	680a      	ldr	r2, [r1, #0]
100014a4:	2a00      	cmp	r2, #0
100014a6:	d0fc      	beq.n	100014a2 <sleep_until+0x6e>
100014a8:	f3bf 8f5f 	dmb	sy
100014ac:	4a0b      	ldr	r2, [pc, #44]	@ (100014dc <sleep_until+0xa8>)
100014ae:	6812      	ldr	r2, [r2, #0]
100014b0:	f3bf 8f5f 	dmb	sy
100014b4:	2100      	movs	r1, #0
100014b6:	6011      	str	r1, [r2, #0]
100014b8:	f383 8810 	msr	PRIMASK, r3
100014bc:	bf20      	wfe
100014be:	4b08      	ldr	r3, [pc, #32]	@ (100014e0 <sleep_until+0xac>)
100014c0:	6a5b      	ldr	r3, [r3, #36]	@ 0x24
100014c2:	429d      	cmp	r5, r3
100014c4:	d8e8      	bhi.n	10001498 <sleep_until+0x64>
100014c6:	4906      	ldr	r1, [pc, #24]	@ (100014e0 <sleep_until+0xac>)
100014c8:	6a89      	ldr	r1, [r1, #40]	@ 0x28
100014ca:	42a1      	cmp	r1, r4
100014cc:	d2cf      	bcs.n	1000146e <sleep_until+0x3a>
100014ce:	429d      	cmp	r5, r3
100014d0:	d1cd      	bne.n	1000146e <sleep_until+0x3a>
100014d2:	e7e1      	b.n	10001498 <sleep_until+0x64>
100014d4:	10007f38 	.word	0x10007f38
100014d8:	10000ebd 	.word	0x10000ebd
100014dc:	2001698c 	.word	0x2001698c
100014e0:	40054000 	.word	0x40054000

100014e4 <sleep_us>:
100014e4:	b570      	push	{r4, r5, r6, lr}
100014e6:	0004      	movs	r4, r0
100014e8:	000d      	movs	r5, r1
100014ea:	f000 f911 	bl	10001710 <time_us_64>
100014ee:	0022      	movs	r2, r4
100014f0:	002b      	movs	r3, r5
100014f2:	1812      	adds	r2, r2, r0
100014f4:	414b      	adcs	r3, r1
100014f6:	0010      	movs	r0, r2
100014f8:	1e19      	subs	r1, r3, #0
100014fa:	db02      	blt.n	10001502 <sleep_us+0x1e>
100014fc:	f7ff ff9a 	bl	10001434 <sleep_until>
10001500:	bd70      	pop	{r4, r5, r6, pc}
10001502:	2001      	movs	r0, #1
10001504:	4240      	negs	r0, r0
10001506:	4901      	ldr	r1, [pc, #4]	@ (1000150c <sleep_us+0x28>)
10001508:	e7f8      	b.n	100014fc <sleep_us+0x18>
1000150a:	46c0      	nop			@ (mov r8, r8)
1000150c:	7fffffff 	.word	0x7fffffff

10001510 <sleep_ms>:
10001510:	b510      	push	{r4, lr}
10001512:	22fa      	movs	r2, #250	@ 0xfa
10001514:	0092      	lsls	r2, r2, #2
10001516:	2300      	movs	r3, #0
10001518:	2100      	movs	r1, #0
1000151a:	f001 f86d 	bl	100025f8 <__wrap___aeabi_lmul>
1000151e:	f7ff ffe1 	bl	100014e4 <sleep_us>
10001522:	bd10      	pop	{r4, pc}

10001524 <best_effort_wfe_or_timeout>:
10001524:	b5f0      	push	{r4, r5, r6, r7, lr}
10001526:	46c6      	mov	lr, r8
10001528:	b500      	push	{lr}
1000152a:	b084      	sub	sp, #16
1000152c:	4680      	mov	r8, r0
1000152e:	9103      	str	r1, [sp, #12]
10001530:	f3ef 8305 	mrs	r3, IPSR
10001534:	2b00      	cmp	r3, #0
10001536:	d12b      	bne.n	10001590 <best_effort_wfe_or_timeout+0x6c>
10001538:	4b47      	ldr	r3, [pc, #284]	@ (10001658 <best_effort_wfe_or_timeout+0x134>)
1000153a:	681a      	ldr	r2, [r3, #0]
1000153c:	685b      	ldr	r3, [r3, #4]
1000153e:	4282      	cmp	r2, r0
10001540:	d039      	beq.n	100015b6 <best_effort_wfe_or_timeout+0x92>
10001542:	f7ff fe93 	bl	1000126c <alarm_pool_get_default>
10001546:	68c3      	ldr	r3, [r0, #12]
10001548:	001f      	movs	r7, r3
1000154a:	7806      	ldrb	r6, [r0, #0]
1000154c:	4642      	mov	r2, r8
1000154e:	0014      	movs	r4, r2
10001550:	9a03      	ldr	r2, [sp, #12]
10001552:	0015      	movs	r5, r2
10001554:	0018      	movs	r0, r3
10001556:	f000 f8af 	bl	100016b8 <timer_time_us_64>
1000155a:	0002      	movs	r2, r0
1000155c:	000b      	movs	r3, r1
1000155e:	1aa4      	subs	r4, r4, r2
10001560:	419d      	sbcs	r5, r3
10001562:	0022      	movs	r2, r4
10001564:	1d31      	adds	r1, r6, #4
10001566:	0089      	lsls	r1, r1, #2
10001568:	59c9      	ldr	r1, [r1, r7]
1000156a:	1a09      	subs	r1, r1, r0
1000156c:	2000      	movs	r0, #0
1000156e:	42a8      	cmp	r0, r5
10001570:	dc27      	bgt.n	100015c2 <best_effort_wfe_or_timeout+0x9e>
10001572:	d024      	beq.n	100015be <best_effort_wfe_or_timeout+0x9a>
10001574:	bf20      	wfe
10001576:	9a03      	ldr	r2, [sp, #12]
10001578:	4b38      	ldr	r3, [pc, #224]	@ (1000165c <best_effort_wfe_or_timeout+0x138>)
1000157a:	6a5b      	ldr	r3, [r3, #36]	@ 0x24
1000157c:	429a      	cmp	r2, r3
1000157e:	d84b      	bhi.n	10001618 <best_effort_wfe_or_timeout+0xf4>
10001580:	4936      	ldr	r1, [pc, #216]	@ (1000165c <best_effort_wfe_or_timeout+0x138>)
10001582:	6a89      	ldr	r1, [r1, #40]	@ 0x28
10001584:	4541      	cmp	r1, r8
10001586:	d24c      	bcs.n	10001622 <best_effort_wfe_or_timeout+0xfe>
10001588:	429a      	cmp	r2, r3
1000158a:	d043      	beq.n	10001614 <best_effort_wfe_or_timeout+0xf0>
1000158c:	2001      	movs	r0, #1
1000158e:	e044      	b.n	1000161a <best_effort_wfe_or_timeout+0xf6>
10001590:	000b      	movs	r3, r1
10001592:	4a32      	ldr	r2, [pc, #200]	@ (1000165c <best_effort_wfe_or_timeout+0x138>)
10001594:	6a52      	ldr	r2, [r2, #36]	@ 0x24
10001596:	428a      	cmp	r2, r1
10001598:	d309      	bcc.n	100015ae <best_effort_wfe_or_timeout+0x8a>
1000159a:	4930      	ldr	r1, [pc, #192]	@ (1000165c <best_effort_wfe_or_timeout+0x138>)
1000159c:	6a89      	ldr	r1, [r1, #40]	@ 0x28
1000159e:	4288      	cmp	r0, r1
100015a0:	d907      	bls.n	100015b2 <best_effort_wfe_or_timeout+0x8e>
100015a2:	429a      	cmp	r2, r3
100015a4:	d001      	beq.n	100015aa <best_effort_wfe_or_timeout+0x86>
100015a6:	2001      	movs	r0, #1
100015a8:	e037      	b.n	1000161a <best_effort_wfe_or_timeout+0xf6>
100015aa:	2000      	movs	r0, #0
100015ac:	e035      	b.n	1000161a <best_effort_wfe_or_timeout+0xf6>
100015ae:	2000      	movs	r0, #0
100015b0:	e033      	b.n	1000161a <best_effort_wfe_or_timeout+0xf6>
100015b2:	2001      	movs	r0, #1
100015b4:	e031      	b.n	1000161a <best_effort_wfe_or_timeout+0xf6>
100015b6:	9a03      	ldr	r2, [sp, #12]
100015b8:	4293      	cmp	r3, r2
100015ba:	d1c2      	bne.n	10001542 <best_effort_wfe_or_timeout+0x1e>
100015bc:	e7da      	b.n	10001574 <best_effort_wfe_or_timeout+0x50>
100015be:	4291      	cmp	r1, r2
100015c0:	d9d8      	bls.n	10001574 <best_effort_wfe_or_timeout+0x50>
100015c2:	4a27      	ldr	r2, [pc, #156]	@ (10001660 <best_effort_wfe_or_timeout+0x13c>)
100015c4:	2300      	movs	r3, #0
100015c6:	9300      	str	r3, [sp, #0]
100015c8:	4645      	mov	r5, r8
100015ca:	0028      	movs	r0, r5
100015cc:	9c03      	ldr	r4, [sp, #12]
100015ce:	0021      	movs	r1, r4
100015d0:	f7ff fed4 	bl	1000137c <add_alarm_at>
100015d4:	2800      	cmp	r0, #0
100015d6:	dd26      	ble.n	10001626 <best_effort_wfe_or_timeout+0x102>
100015d8:	4b1f      	ldr	r3, [pc, #124]	@ (10001658 <best_effort_wfe_or_timeout+0x134>)
100015da:	601d      	str	r5, [r3, #0]
100015dc:	9903      	ldr	r1, [sp, #12]
100015de:	6059      	str	r1, [r3, #4]
100015e0:	000d      	movs	r5, r1
100015e2:	4b1e      	ldr	r3, [pc, #120]	@ (1000165c <best_effort_wfe_or_timeout+0x138>)
100015e4:	6a5b      	ldr	r3, [r3, #36]	@ 0x24
100015e6:	4299      	cmp	r1, r3
100015e8:	d805      	bhi.n	100015f6 <best_effort_wfe_or_timeout+0xd2>
100015ea:	4a1c      	ldr	r2, [pc, #112]	@ (1000165c <best_effort_wfe_or_timeout+0x138>)
100015ec:	6a92      	ldr	r2, [r2, #40]	@ 0x28
100015ee:	4542      	cmp	r2, r8
100015f0:	d202      	bcs.n	100015f8 <best_effort_wfe_or_timeout+0xd4>
100015f2:	4299      	cmp	r1, r3
100015f4:	d100      	bne.n	100015f8 <best_effort_wfe_or_timeout+0xd4>
100015f6:	bf20      	wfe
100015f8:	f7ff ff12 	bl	10001420 <cancel_alarm>
100015fc:	4b17      	ldr	r3, [pc, #92]	@ (1000165c <best_effort_wfe_or_timeout+0x138>)
100015fe:	6a5b      	ldr	r3, [r3, #36]	@ 0x24
10001600:	429d      	cmp	r5, r3
10001602:	d824      	bhi.n	1000164e <best_effort_wfe_or_timeout+0x12a>
10001604:	4a15      	ldr	r2, [pc, #84]	@ (1000165c <best_effort_wfe_or_timeout+0x138>)
10001606:	6a92      	ldr	r2, [r2, #40]	@ 0x28
10001608:	4542      	cmp	r2, r8
1000160a:	d222      	bcs.n	10001652 <best_effort_wfe_or_timeout+0x12e>
1000160c:	429d      	cmp	r5, r3
1000160e:	d01c      	beq.n	1000164a <best_effort_wfe_or_timeout+0x126>
10001610:	2001      	movs	r0, #1
10001612:	e002      	b.n	1000161a <best_effort_wfe_or_timeout+0xf6>
10001614:	2000      	movs	r0, #0
10001616:	e000      	b.n	1000161a <best_effort_wfe_or_timeout+0xf6>
10001618:	2000      	movs	r0, #0
1000161a:	b004      	add	sp, #16
1000161c:	bc80      	pop	{r7}
1000161e:	46b8      	mov	r8, r7
10001620:	bdf0      	pop	{r4, r5, r6, r7, pc}
10001622:	2001      	movs	r0, #1
10001624:	e7f9      	b.n	1000161a <best_effort_wfe_or_timeout+0xf6>
10001626:	4b0d      	ldr	r3, [pc, #52]	@ (1000165c <best_effort_wfe_or_timeout+0x138>)
10001628:	6a5b      	ldr	r3, [r3, #36]	@ 0x24
1000162a:	429c      	cmp	r4, r3
1000162c:	d809      	bhi.n	10001642 <best_effort_wfe_or_timeout+0x11e>
1000162e:	490b      	ldr	r1, [pc, #44]	@ (1000165c <best_effort_wfe_or_timeout+0x138>)
10001630:	6a89      	ldr	r1, [r1, #40]	@ 0x28
10001632:	4541      	cmp	r1, r8
10001634:	d207      	bcs.n	10001646 <best_effort_wfe_or_timeout+0x122>
10001636:	429c      	cmp	r4, r3
10001638:	d001      	beq.n	1000163e <best_effort_wfe_or_timeout+0x11a>
1000163a:	2001      	movs	r0, #1
1000163c:	e7ed      	b.n	1000161a <best_effort_wfe_or_timeout+0xf6>
1000163e:	2000      	movs	r0, #0
10001640:	e7eb      	b.n	1000161a <best_effort_wfe_or_timeout+0xf6>
10001642:	2000      	movs	r0, #0
10001644:	e7e9      	b.n	1000161a <best_effort_wfe_or_timeout+0xf6>
10001646:	2001      	movs	r0, #1
10001648:	e7e7      	b.n	1000161a <best_effort_wfe_or_timeout+0xf6>
1000164a:	2000      	movs	r0, #0
1000164c:	e7e5      	b.n	1000161a <best_effort_wfe_or_timeout+0xf6>
1000164e:	2000      	movs	r0, #0
10001650:	e7e3      	b.n	1000161a <best_effort_wfe_or_timeout+0xf6>
10001652:	2001      	movs	r0, #1
10001654:	e7e1      	b.n	1000161a <best_effort_wfe_or_timeout+0xf6>
10001656:	46c0      	nop			@ (mov r8, r8)
10001658:	20000c58 	.word	0x20000c58
1000165c:	40054000 	.word	0x40054000
10001660:	10000ebd 	.word	0x10000ebd

10001664 <alarm_pool_get_default_timer>:
10001664:	4800      	ldr	r0, [pc, #0]	@ (10001668 <alarm_pool_get_default_timer+0x4>)
10001666:	4770      	bx	lr
10001668:	40054000 	.word	0x40054000

1000166c <runtime_init_default_alarm_pool>:
1000166c:	b510      	push	{r4, lr}
1000166e:	4b0b      	ldr	r3, [pc, #44]	@ (1000169c <runtime_init_default_alarm_pool+0x30>)
10001670:	691b      	ldr	r3, [r3, #16]
10001672:	2b00      	cmp	r3, #0
10001674:	d004      	beq.n	10001680 <runtime_init_default_alarm_pool+0x14>
10001676:	480a      	ldr	r0, [pc, #40]	@ (100016a0 <runtime_init_default_alarm_pool+0x34>)
10001678:	210a      	movs	r1, #10
1000167a:	f7ff fba9 	bl	10000dd0 <lock_init>
1000167e:	bd10      	pop	{r4, pc}
10001680:	f7ff fff0 	bl	10001664 <alarm_pool_get_default_timer>
10001684:	0004      	movs	r4, r0
10001686:	2103      	movs	r1, #3
10001688:	f000 f80c 	bl	100016a4 <timer_hardware_alarm_claim>
1000168c:	4803      	ldr	r0, [pc, #12]	@ (1000169c <runtime_init_default_alarm_pool+0x30>)
1000168e:	2310      	movs	r3, #16
10001690:	2203      	movs	r2, #3
10001692:	0021      	movs	r1, r4
10001694:	f7ff fdb6 	bl	10001204 <alarm_pool_post_alloc_init>
10001698:	e7ed      	b.n	10001676 <runtime_init_default_alarm_pool+0xa>
1000169a:	46c0      	nop			@ (mov r8, r8)
1000169c:	20000c60 	.word	0x20000c60
100016a0:	2001698c 	.word	0x2001698c

100016a4 <timer_hardware_alarm_claim>:
100016a4:	b510      	push	{r4, lr}
100016a6:	4a02      	ldr	r2, [pc, #8]	@ (100016b0 <timer_hardware_alarm_claim+0xc>)
100016a8:	4802      	ldr	r0, [pc, #8]	@ (100016b4 <timer_hardware_alarm_claim+0x10>)
100016aa:	f7fe ffcd 	bl	10000648 <hw_claim_or_assert>
100016ae:	bd10      	pop	{r4, pc}
100016b0:	10007f88 	.word	0x10007f88
100016b4:	20016400 	.word	0x20016400

100016b8 <timer_time_us_64>:
100016b8:	0002      	movs	r2, r0
100016ba:	6a43      	ldr	r3, [r0, #36]	@ 0x24
100016bc:	6a90      	ldr	r0, [r2, #40]	@ 0x28
100016be:	0019      	movs	r1, r3
100016c0:	6a53      	ldr	r3, [r2, #36]	@ 0x24
100016c2:	4299      	cmp	r1, r3
100016c4:	d1fa      	bne.n	100016bc <timer_time_us_64+0x4>
100016c6:	4770      	bx	lr

100016c8 <timer_busy_wait_until>:
100016c8:	6a41      	ldr	r1, [r0, #36]	@ 0x24
100016ca:	e000      	b.n	100016ce <timer_busy_wait_until+0x6>
100016cc:	6a41      	ldr	r1, [r0, #36]	@ 0x24
100016ce:	4299      	cmp	r1, r3
100016d0:	d3fc      	bcc.n	100016cc <timer_busy_wait_until+0x4>
100016d2:	e000      	b.n	100016d6 <timer_busy_wait_until+0xe>
100016d4:	6a41      	ldr	r1, [r0, #36]	@ 0x24
100016d6:	4299      	cmp	r1, r3
100016d8:	d102      	bne.n	100016e0 <timer_busy_wait_until+0x18>
100016da:	6a81      	ldr	r1, [r0, #40]	@ 0x28
100016dc:	4291      	cmp	r1, r2
100016de:	d3f9      	bcc.n	100016d4 <timer_busy_wait_until+0xc>
100016e0:	4770      	bx	lr

100016e2 <timer_busy_wait_us>:
100016e2:	b570      	push	{r4, r5, r6, lr}
100016e4:	0006      	movs	r6, r0
100016e6:	0014      	movs	r4, r2
100016e8:	001d      	movs	r5, r3
100016ea:	f7ff ffe5 	bl	100016b8 <timer_time_us_64>
100016ee:	0022      	movs	r2, r4
100016f0:	002b      	movs	r3, r5
100016f2:	1812      	adds	r2, r2, r0
100016f4:	414b      	adcs	r3, r1
100016f6:	4299      	cmp	r1, r3
100016f8:	d802      	bhi.n	10001700 <timer_busy_wait_us+0x1e>
100016fa:	d104      	bne.n	10001706 <timer_busy_wait_us+0x24>
100016fc:	4290      	cmp	r0, r2
100016fe:	d902      	bls.n	10001706 <timer_busy_wait_us+0x24>
10001700:	2201      	movs	r2, #1
10001702:	4252      	negs	r2, r2
10001704:	17d3      	asrs	r3, r2, #31
10001706:	0030      	movs	r0, r6
10001708:	f7ff ffde 	bl	100016c8 <timer_busy_wait_until>
1000170c:	bd70      	pop	{r4, r5, r6, pc}
	...

10001710 <time_us_64>:
10001710:	b510      	push	{r4, lr}
10001712:	4802      	ldr	r0, [pc, #8]	@ (1000171c <time_us_64+0xc>)
10001714:	f7ff ffd0 	bl	100016b8 <timer_time_us_64>
10001718:	bd10      	pop	{r4, pc}
1000171a:	46c0      	nop			@ (mov r8, r8)
1000171c:	40054000 	.word	0x40054000

10001720 <busy_wait_us>:
10001720:	b510      	push	{r4, lr}
10001722:	0002      	movs	r2, r0
10001724:	000b      	movs	r3, r1
10001726:	4802      	ldr	r0, [pc, #8]	@ (10001730 <busy_wait_us+0x10>)
10001728:	f7ff ffdb 	bl	100016e2 <timer_busy_wait_us>
1000172c:	bd10      	pop	{r4, pc}
1000172e:	46c0      	nop			@ (mov r8, r8)
10001730:	40054000 	.word	0x40054000

10001734 <busy_wait_until>:
10001734:	b510      	push	{r4, lr}
10001736:	0002      	movs	r2, r0
10001738:	000b      	movs	r3, r1
1000173a:	4802      	ldr	r0, [pc, #8]	@ (10001744 <busy_wait_until+0x10>)
1000173c:	f7ff ffc4 	bl	100016c8 <timer_busy_wait_until>
10001740:	bd10      	pop	{r4, pc}
10001742:	46c0      	nop			@ (mov r8, r8)
10001744:	40054000 	.word	0x40054000

10001748 <uart_unreset>:
10001748:	4b07      	ldr	r3, [pc, #28]	@ (10001768 <uart_unreset+0x20>)
1000174a:	4298      	cmp	r0, r3
1000174c:	d00a      	beq.n	10001764 <uart_unreset+0x1c>
1000174e:	2316      	movs	r3, #22
10001750:	2201      	movs	r2, #1
10001752:	409a      	lsls	r2, r3
10001754:	4b05      	ldr	r3, [pc, #20]	@ (1000176c <uart_unreset+0x24>)
10001756:	601a      	str	r2, [r3, #0]
10001758:	4b05      	ldr	r3, [pc, #20]	@ (10001770 <uart_unreset+0x28>)
1000175a:	681b      	ldr	r3, [r3, #0]
1000175c:	0011      	movs	r1, r2
1000175e:	4399      	bics	r1, r3
10001760:	d1fa      	bne.n	10001758 <uart_unreset+0x10>
10001762:	4770      	bx	lr
10001764:	2317      	movs	r3, #23
10001766:	e7f3      	b.n	10001750 <uart_unreset+0x8>
10001768:	40038000 	.word	0x40038000
1000176c:	4000f000 	.word	0x4000f000
10001770:	4000c008 	.word	0x4000c008

10001774 <uart_disable_before_lcr_write>:
10001774:	b570      	push	{r4, r5, r6, lr}
10001776:	6b04      	ldr	r4, [r0, #48]	@ 0x30
10001778:	07e3      	lsls	r3, r4, #31
1000177a:	d401      	bmi.n	10001780 <uart_disable_before_lcr_write+0xc>
1000177c:	0020      	movs	r0, r4
1000177e:	bd70      	pop	{r4, r5, r6, pc}
10001780:	4b0b      	ldr	r3, [pc, #44]	@ (100017b0 <uart_disable_before_lcr_write+0x3c>)
10001782:	18c3      	adds	r3, r0, r3
10001784:	4a0b      	ldr	r2, [pc, #44]	@ (100017b4 <uart_disable_before_lcr_write+0x40>)
10001786:	601a      	str	r2, [r3, #0]
10001788:	6a43      	ldr	r3, [r0, #36]	@ 0x24
1000178a:	6a82      	ldr	r2, [r0, #40]	@ 0x28
1000178c:	019b      	lsls	r3, r3, #6
1000178e:	189b      	adds	r3, r3, r2
10001790:	029d      	lsls	r5, r3, #10
10001792:	2006      	movs	r0, #6
10001794:	f000 f918 	bl	100019c8 <clock_get_hz>
10001798:	4907      	ldr	r1, [pc, #28]	@ (100017b8 <uart_disable_before_lcr_write+0x44>)
1000179a:	f000 fb97 	bl	10001ecc <__wrap___aeabi_uidiv>
1000179e:	0001      	movs	r1, r0
100017a0:	0028      	movs	r0, r5
100017a2:	f000 fb93 	bl	10001ecc <__wrap___aeabi_uidiv>
100017a6:	2100      	movs	r1, #0
100017a8:	f7ff ffba 	bl	10001720 <busy_wait_us>
100017ac:	e7e6      	b.n	1000177c <uart_disable_before_lcr_write+0x8>
100017ae:	46c0      	nop			@ (mov r8, r8)
100017b0:	00003030 	.word	0x00003030
100017b4:	00000301 	.word	0x00000301
100017b8:	00000e4e 	.word	0x00000e4e

100017bc <uart_write_lcr_bits_masked>:
100017bc:	b570      	push	{r4, r5, r6, lr}
100017be:	0004      	movs	r4, r0
100017c0:	000e      	movs	r6, r1
100017c2:	0015      	movs	r5, r2
100017c4:	f7ff ffd6 	bl	10001774 <uart_disable_before_lcr_write>
100017c8:	6ae1      	ldr	r1, [r4, #44]	@ 0x2c
100017ca:	0033      	movs	r3, r6
100017cc:	404b      	eors	r3, r1
100017ce:	0019      	movs	r1, r3
100017d0:	002b      	movs	r3, r5
100017d2:	400b      	ands	r3, r1
100017d4:	0019      	movs	r1, r3
100017d6:	4b02      	ldr	r3, [pc, #8]	@ (100017e0 <uart_write_lcr_bits_masked+0x24>)
100017d8:	18e3      	adds	r3, r4, r3
100017da:	6019      	str	r1, [r3, #0]
100017dc:	6320      	str	r0, [r4, #48]	@ 0x30
100017de:	bd70      	pop	{r4, r5, r6, pc}
100017e0:	0000102c 	.word	0x0000102c

100017e4 <uart_set_baudrate>:
100017e4:	b570      	push	{r4, r5, r6, lr}
100017e6:	0005      	movs	r5, r0
100017e8:	000c      	movs	r4, r1
100017ea:	2006      	movs	r0, #6
100017ec:	f000 f8ec 	bl	100019c8 <clock_get_hz>
100017f0:	00c0      	lsls	r0, r0, #3
100017f2:	0021      	movs	r1, r4
100017f4:	f000 fb6a 	bl	10001ecc <__wrap___aeabi_uidiv>
100017f8:	3001      	adds	r0, #1
100017fa:	09c6      	lsrs	r6, r0, #7
100017fc:	d007      	beq.n	1000180e <uart_set_baudrate+0x2a>
100017fe:	4b0e      	ldr	r3, [pc, #56]	@ (10001838 <uart_set_baudrate+0x54>)
10001800:	429e      	cmp	r6, r3
10001802:	d815      	bhi.n	10001830 <uart_set_baudrate+0x4c>
10001804:	0840      	lsrs	r0, r0, #1
10001806:	0034      	movs	r4, r6
10001808:	263f      	movs	r6, #63	@ 0x3f
1000180a:	4006      	ands	r6, r0
1000180c:	e000      	b.n	10001810 <uart_set_baudrate+0x2c>
1000180e:	2401      	movs	r4, #1
10001810:	626c      	str	r4, [r5, #36]	@ 0x24
10001812:	62ae      	str	r6, [r5, #40]	@ 0x28
10001814:	2200      	movs	r2, #0
10001816:	2100      	movs	r1, #0
10001818:	0028      	movs	r0, r5
1000181a:	f7ff ffcf 	bl	100017bc <uart_write_lcr_bits_masked>
1000181e:	2006      	movs	r0, #6
10001820:	f000 f8d2 	bl	100019c8 <clock_get_hz>
10001824:	0080      	lsls	r0, r0, #2
10001826:	01a1      	lsls	r1, r4, #6
10001828:	1989      	adds	r1, r1, r6
1000182a:	f000 fb4f 	bl	10001ecc <__wrap___aeabi_uidiv>
1000182e:	bd70      	pop	{r4, r5, r6, pc}
10001830:	2600      	movs	r6, #0
10001832:	4c02      	ldr	r4, [pc, #8]	@ (1000183c <uart_set_baudrate+0x58>)
10001834:	e7ec      	b.n	10001810 <uart_set_baudrate+0x2c>
10001836:	46c0      	nop			@ (mov r8, r8)
10001838:	0000fffe 	.word	0x0000fffe
1000183c:	0000ffff 	.word	0x0000ffff

10001840 <uart_set_translate_crlf>:
10001840:	2900      	cmp	r1, #0
10001842:	d009      	beq.n	10001858 <uart_set_translate_crlf+0x18>
10001844:	220a      	movs	r2, #10
10001846:	4b06      	ldr	r3, [pc, #24]	@ (10001860 <uart_set_translate_crlf+0x20>)
10001848:	469c      	mov	ip, r3
1000184a:	4460      	add	r0, ip
1000184c:	4243      	negs	r3, r0
1000184e:	4158      	adcs	r0, r3
10001850:	4b04      	ldr	r3, [pc, #16]	@ (10001864 <uart_set_translate_crlf+0x24>)
10001852:	0040      	lsls	r0, r0, #1
10001854:	52c2      	strh	r2, [r0, r3]
10001856:	4770      	bx	lr
10001858:	2280      	movs	r2, #128	@ 0x80
1000185a:	0052      	lsls	r2, r2, #1
1000185c:	e7f3      	b.n	10001846 <uart_set_translate_crlf+0x6>
1000185e:	46c0      	nop			@ (mov r8, r8)
10001860:	bffc8000 	.word	0xbffc8000
10001864:	2001699c 	.word	0x2001699c

10001868 <uart_init>:
10001868:	b570      	push	{r4, r5, r6, lr}
1000186a:	0004      	movs	r4, r0
1000186c:	000d      	movs	r5, r1
1000186e:	2006      	movs	r0, #6
10001870:	f000 f8aa 	bl	100019c8 <clock_get_hz>
10001874:	2800      	cmp	r0, #0
10001876:	d01e      	beq.n	100018b6 <uart_init+0x4e>
10001878:	4b10      	ldr	r3, [pc, #64]	@ (100018bc <uart_init+0x54>)
1000187a:	429c      	cmp	r4, r3
1000187c:	d01c      	beq.n	100018b8 <uart_init+0x50>
1000187e:	2216      	movs	r2, #22
10001880:	2301      	movs	r3, #1
10001882:	4093      	lsls	r3, r2
10001884:	4a0e      	ldr	r2, [pc, #56]	@ (100018c0 <uart_init+0x58>)
10001886:	6013      	str	r3, [r2, #0]
10001888:	0020      	movs	r0, r4
1000188a:	f7ff ff5d 	bl	10001748 <uart_unreset>
1000188e:	2100      	movs	r1, #0
10001890:	0020      	movs	r0, r4
10001892:	f7ff ffd5 	bl	10001840 <uart_set_translate_crlf>
10001896:	0029      	movs	r1, r5
10001898:	0020      	movs	r0, r4
1000189a:	f7ff ffa3 	bl	100017e4 <uart_set_baudrate>
1000189e:	6ae2      	ldr	r2, [r4, #44]	@ 0x2c
100018a0:	2370      	movs	r3, #112	@ 0x70
100018a2:	405a      	eors	r2, r3
100018a4:	330e      	adds	r3, #14
100018a6:	4013      	ands	r3, r2
100018a8:	4a06      	ldr	r2, [pc, #24]	@ (100018c4 <uart_init+0x5c>)
100018aa:	18a2      	adds	r2, r4, r2
100018ac:	6013      	str	r3, [r2, #0]
100018ae:	4b06      	ldr	r3, [pc, #24]	@ (100018c8 <uart_init+0x60>)
100018b0:	6323      	str	r3, [r4, #48]	@ 0x30
100018b2:	2303      	movs	r3, #3
100018b4:	64a3      	str	r3, [r4, #72]	@ 0x48
100018b6:	bd70      	pop	{r4, r5, r6, pc}
100018b8:	2217      	movs	r2, #23
100018ba:	e7e1      	b.n	10001880 <uart_init+0x18>
100018bc:	40038000 	.word	0x40038000
100018c0:	4000e000 	.word	0x4000e000
100018c4:	0000102c 	.word	0x0000102c
100018c8:	00000301 	.word	0x00000301

100018cc <clock_configure_internal>:
100018cc:	b5f8      	push	{r3, r4, r5, r6, r7, lr}
100018ce:	46ce      	mov	lr, r9
100018d0:	4647      	mov	r7, r8
100018d2:	b580      	push	{r7, lr}
100018d4:	0005      	movs	r5, r0
100018d6:	000e      	movs	r6, r1
100018d8:	4690      	mov	r8, r2
100018da:	4699      	mov	r9, r3
100018dc:	0044      	lsls	r4, r0, #1
100018de:	1824      	adds	r4, r4, r0
100018e0:	00a4      	lsls	r4, r4, #2
100018e2:	4b28      	ldr	r3, [pc, #160]	@ (10001984 <clock_configure_internal+0xb8>)
100018e4:	469c      	mov	ip, r3
100018e6:	4464      	add	r4, ip
100018e8:	6863      	ldr	r3, [r4, #4]
100018ea:	9a08      	ldr	r2, [sp, #32]
100018ec:	4293      	cmp	r3, r2
100018ee:	d200      	bcs.n	100018f2 <clock_configure_internal+0x26>
100018f0:	6062      	str	r2, [r4, #4]
100018f2:	1f2f      	subs	r7, r5, #4
100018f4:	b2ff      	uxtb	r7, r7
100018f6:	2f01      	cmp	r7, #1
100018f8:	d92e      	bls.n	10001958 <clock_configure_internal+0x8c>
100018fa:	2280      	movs	r2, #128	@ 0x80
100018fc:	0112      	lsls	r2, r2, #4
100018fe:	23c0      	movs	r3, #192	@ 0xc0
10001900:	019b      	lsls	r3, r3, #6
10001902:	18e3      	adds	r3, r4, r3
10001904:	601a      	str	r2, [r3, #0]
10001906:	4b20      	ldr	r3, [pc, #128]	@ (10001988 <clock_configure_internal+0xbc>)
10001908:	00aa      	lsls	r2, r5, #2
1000190a:	58d1      	ldr	r1, [r2, r3]
1000190c:	2900      	cmp	r1, #0
1000190e:	d007      	beq.n	10001920 <clock_configure_internal+0x54>
10001910:	6958      	ldr	r0, [r3, #20]
10001912:	f000 fadb 	bl	10001ecc <__wrap___aeabi_uidiv>
10001916:	3001      	adds	r0, #1
10001918:	0043      	lsls	r3, r0, #1
1000191a:	181b      	adds	r3, r3, r0
1000191c:	3b03      	subs	r3, #3
1000191e:	d2fd      	bcs.n	1000191c <clock_configure_internal+0x50>
10001920:	4643      	mov	r3, r8
10001922:	015b      	lsls	r3, r3, #5
10001924:	6822      	ldr	r2, [r4, #0]
10001926:	4053      	eors	r3, r2
10001928:	22e0      	movs	r2, #224	@ 0xe0
1000192a:	4013      	ands	r3, r2
1000192c:	2280      	movs	r2, #128	@ 0x80
1000192e:	0152      	lsls	r2, r2, #5
10001930:	18a2      	adds	r2, r4, r2
10001932:	6013      	str	r3, [r2, #0]
10001934:	2f01      	cmp	r7, #1
10001936:	d91a      	bls.n	1000196e <clock_configure_internal+0xa2>
10001938:	2380      	movs	r3, #128	@ 0x80
1000193a:	019b      	lsls	r3, r3, #6
1000193c:	18e3      	adds	r3, r4, r3
1000193e:	2280      	movs	r2, #128	@ 0x80
10001940:	0112      	lsls	r2, r2, #4
10001942:	601a      	str	r2, [r3, #0]
10001944:	9b08      	ldr	r3, [sp, #32]
10001946:	6063      	str	r3, [r4, #4]
10001948:	4b0f      	ldr	r3, [pc, #60]	@ (10001988 <clock_configure_internal+0xbc>)
1000194a:	00ad      	lsls	r5, r5, #2
1000194c:	464a      	mov	r2, r9
1000194e:	50ea      	str	r2, [r5, r3]
10001950:	bcc0      	pop	{r6, r7}
10001952:	46b9      	mov	r9, r7
10001954:	46b0      	mov	r8, r6
10001956:	bdf8      	pop	{r3, r4, r5, r6, r7, pc}
10001958:	2e01      	cmp	r6, #1
1000195a:	d1ce      	bne.n	100018fa <clock_configure_internal+0x2e>
1000195c:	2203      	movs	r2, #3
1000195e:	23c0      	movs	r3, #192	@ 0xc0
10001960:	019b      	lsls	r3, r3, #6
10001962:	18e3      	adds	r3, r4, r3
10001964:	601a      	str	r2, [r3, #0]
10001966:	68a3      	ldr	r3, [r4, #8]
10001968:	07db      	lsls	r3, r3, #31
1000196a:	d5fc      	bpl.n	10001966 <clock_configure_internal+0x9a>
1000196c:	e7d8      	b.n	10001920 <clock_configure_internal+0x54>
1000196e:	6821      	ldr	r1, [r4, #0]
10001970:	4071      	eors	r1, r6
10001972:	2303      	movs	r3, #3
10001974:	400b      	ands	r3, r1
10001976:	6013      	str	r3, [r2, #0]
10001978:	68a3      	ldr	r3, [r4, #8]
1000197a:	2201      	movs	r2, #1
1000197c:	40b2      	lsls	r2, r6
1000197e:	421a      	tst	r2, r3
10001980:	d0fa      	beq.n	10001978 <clock_configure_internal+0xac>
10001982:	e7d9      	b.n	10001938 <clock_configure_internal+0x6c>
10001984:	40008000 	.word	0x40008000
10001988:	20016404 	.word	0x20016404

1000198c <clock_configure_int_divider>:
1000198c:	b570      	push	{r4, r5, r6, lr}
1000198e:	b082      	sub	sp, #8
10001990:	0006      	movs	r6, r0
10001992:	000d      	movs	r5, r1
10001994:	0014      	movs	r4, r2
10001996:	0018      	movs	r0, r3
10001998:	9906      	ldr	r1, [sp, #24]
1000199a:	f000 fa97 	bl	10001ecc <__wrap___aeabi_uidiv>
1000199e:	0003      	movs	r3, r0
100019a0:	9a06      	ldr	r2, [sp, #24]
100019a2:	0211      	lsls	r1, r2, #8
100019a4:	9100      	str	r1, [sp, #0]
100019a6:	0022      	movs	r2, r4
100019a8:	0029      	movs	r1, r5
100019aa:	0030      	movs	r0, r6
100019ac:	f7ff ff8e 	bl	100018cc <clock_configure_internal>
100019b0:	b002      	add	sp, #8
100019b2:	bd70      	pop	{r4, r5, r6, pc}

100019b4 <clock_configure_undivided>:
100019b4:	b510      	push	{r4, lr}
100019b6:	b082      	sub	sp, #8
100019b8:	2480      	movs	r4, #128	@ 0x80
100019ba:	0064      	lsls	r4, r4, #1
100019bc:	9400      	str	r4, [sp, #0]
100019be:	f7ff ff85 	bl	100018cc <clock_configure_internal>
100019c2:	b002      	add	sp, #8
100019c4:	bd10      	pop	{r4, pc}
	...

100019c8 <clock_get_hz>:
100019c8:	4b01      	ldr	r3, [pc, #4]	@ (100019d0 <clock_get_hz+0x8>)
100019ca:	0080      	lsls	r0, r0, #2
100019cc:	58c0      	ldr	r0, [r0, r3]
100019ce:	4770      	bx	lr
100019d0:	20016404 	.word	0x20016404

100019d4 <pll_init>:
100019d4:	b5f0      	push	{r4, r5, r6, r7, lr}
100019d6:	46c6      	mov	lr, r8
100019d8:	b500      	push	{lr}
100019da:	0004      	movs	r4, r0
100019dc:	000e      	movs	r6, r1
100019de:	0017      	movs	r7, r2
100019e0:	001d      	movs	r5, r3
100019e2:	4837      	ldr	r0, [pc, #220]	@ (10001ac0 <pll_init+0xec>)
100019e4:	f000 fa72 	bl	10001ecc <__wrap___aeabi_uidiv>
100019e8:	4680      	mov	r8, r0
100019ea:	4b36      	ldr	r3, [pc, #216]	@ (10001ac4 <pll_init+0xf0>)
100019ec:	18fa      	adds	r2, r7, r3
100019ee:	4b36      	ldr	r3, [pc, #216]	@ (10001ac8 <pll_init+0xf4>)
100019f0:	429a      	cmp	r2, r3
100019f2:	d839      	bhi.n	10001a68 <pll_init+0x94>
100019f4:	0001      	movs	r1, r0
100019f6:	0038      	movs	r0, r7
100019f8:	f000 fa68 	bl	10001ecc <__wrap___aeabi_uidiv>
100019fc:	0002      	movs	r2, r0
100019fe:	3a10      	subs	r2, #16
10001a00:	2398      	movs	r3, #152	@ 0x98
10001a02:	005b      	lsls	r3, r3, #1
10001a04:	429a      	cmp	r2, r3
10001a06:	d835      	bhi.n	10001a74 <pll_init+0xa0>
10001a08:	1e6b      	subs	r3, r5, #1
10001a0a:	2b06      	cmp	r3, #6
10001a0c:	d838      	bhi.n	10001a80 <pll_init+0xac>
10001a0e:	9b06      	ldr	r3, [sp, #24]
10001a10:	3b01      	subs	r3, #1
10001a12:	2b06      	cmp	r3, #6
10001a14:	d834      	bhi.n	10001a80 <pll_init+0xac>
10001a16:	093f      	lsrs	r7, r7, #4
10001a18:	4547      	cmp	r7, r8
10001a1a:	d337      	bcc.n	10001a8c <pll_init+0xb8>
10001a1c:	042d      	lsls	r5, r5, #16
10001a1e:	9b06      	ldr	r3, [sp, #24]
10001a20:	031b      	lsls	r3, r3, #12
10001a22:	431d      	orrs	r5, r3
10001a24:	6823      	ldr	r3, [r4, #0]
10001a26:	2b00      	cmp	r3, #0
10001a28:	db36      	blt.n	10001a98 <pll_init+0xc4>
10001a2a:	4b28      	ldr	r3, [pc, #160]	@ (10001acc <pll_init+0xf8>)
10001a2c:	429c      	cmp	r4, r3
10001a2e:	d044      	beq.n	10001aba <pll_init+0xe6>
10001a30:	220c      	movs	r2, #12
10001a32:	2301      	movs	r3, #1
10001a34:	4093      	lsls	r3, r2
10001a36:	4a26      	ldr	r2, [pc, #152]	@ (10001ad0 <pll_init+0xfc>)
10001a38:	6013      	str	r3, [r2, #0]
10001a3a:	4a26      	ldr	r2, [pc, #152]	@ (10001ad4 <pll_init+0x100>)
10001a3c:	6013      	str	r3, [r2, #0]
10001a3e:	4a26      	ldr	r2, [pc, #152]	@ (10001ad8 <pll_init+0x104>)
10001a40:	6812      	ldr	r2, [r2, #0]
10001a42:	0019      	movs	r1, r3
10001a44:	4391      	bics	r1, r2
10001a46:	1e0a      	subs	r2, r1, #0
10001a48:	d1f9      	bne.n	10001a3e <pll_init+0x6a>
10001a4a:	6026      	str	r6, [r4, #0]
10001a4c:	60a0      	str	r0, [r4, #8]
10001a4e:	4b23      	ldr	r3, [pc, #140]	@ (10001adc <pll_init+0x108>)
10001a50:	18e3      	adds	r3, r4, r3
10001a52:	3221      	adds	r2, #33	@ 0x21
10001a54:	601a      	str	r2, [r3, #0]
10001a56:	6822      	ldr	r2, [r4, #0]
10001a58:	2a00      	cmp	r2, #0
10001a5a:	dafc      	bge.n	10001a56 <pll_init+0x82>
10001a5c:	60e5      	str	r5, [r4, #12]
10001a5e:	2208      	movs	r2, #8
10001a60:	601a      	str	r2, [r3, #0]
10001a62:	bc80      	pop	{r7}
10001a64:	46b8      	mov	r8, r7
10001a66:	bdf0      	pop	{r4, r5, r6, r7, pc}
10001a68:	4b1d      	ldr	r3, [pc, #116]	@ (10001ae0 <pll_init+0x10c>)
10001a6a:	4a1e      	ldr	r2, [pc, #120]	@ (10001ae4 <pll_init+0x110>)
10001a6c:	481e      	ldr	r0, [pc, #120]	@ (10001ae8 <pll_init+0x114>)
10001a6e:	2111      	movs	r1, #17
10001a70:	f001 fee4 	bl	1000383c <__assert_func>
10001a74:	4b1d      	ldr	r3, [pc, #116]	@ (10001aec <pll_init+0x118>)
10001a76:	4a1b      	ldr	r2, [pc, #108]	@ (10001ae4 <pll_init+0x110>)
10001a78:	481b      	ldr	r0, [pc, #108]	@ (10001ae8 <pll_init+0x114>)
10001a7a:	2119      	movs	r1, #25
10001a7c:	f001 fede 	bl	1000383c <__assert_func>
10001a80:	4b1b      	ldr	r3, [pc, #108]	@ (10001af0 <pll_init+0x11c>)
10001a82:	4a18      	ldr	r2, [pc, #96]	@ (10001ae4 <pll_init+0x110>)
10001a84:	4818      	ldr	r0, [pc, #96]	@ (10001ae8 <pll_init+0x114>)
10001a86:	211c      	movs	r1, #28
10001a88:	f001 fed8 	bl	1000383c <__assert_func>
10001a8c:	4b19      	ldr	r3, [pc, #100]	@ (10001af4 <pll_init+0x120>)
10001a8e:	4a15      	ldr	r2, [pc, #84]	@ (10001ae4 <pll_init+0x110>)
10001a90:	4815      	ldr	r0, [pc, #84]	@ (10001ae8 <pll_init+0x114>)
10001a92:	2123      	movs	r1, #35	@ 0x23
10001a94:	f001 fed2 	bl	1000383c <__assert_func>
10001a98:	6822      	ldr	r2, [r4, #0]
10001a9a:	233f      	movs	r3, #63	@ 0x3f
10001a9c:	4013      	ands	r3, r2
10001a9e:	42b3      	cmp	r3, r6
10001aa0:	d1c3      	bne.n	10001a2a <pll_init+0x56>
10001aa2:	68a3      	ldr	r3, [r4, #8]
10001aa4:	051b      	lsls	r3, r3, #20
10001aa6:	0d1b      	lsrs	r3, r3, #20
10001aa8:	4283      	cmp	r3, r0
10001aaa:	d1be      	bne.n	10001a2a <pll_init+0x56>
10001aac:	68e3      	ldr	r3, [r4, #12]
10001aae:	22ee      	movs	r2, #238	@ 0xee
10001ab0:	02d2      	lsls	r2, r2, #11
10001ab2:	4013      	ands	r3, r2
10001ab4:	42ab      	cmp	r3, r5
10001ab6:	d1b8      	bne.n	10001a2a <pll_init+0x56>
10001ab8:	e7d3      	b.n	10001a62 <pll_init+0x8e>
10001aba:	220d      	movs	r2, #13
10001abc:	e7b9      	b.n	10001a32 <pll_init+0x5e>
10001abe:	46c0      	nop			@ (mov r8, r8)
10001ac0:	00b71b00 	.word	0x00b71b00
10001ac4:	d34be880 	.word	0xd34be880
10001ac8:	32a9f880 	.word	0x32a9f880
10001acc:	4002c000 	.word	0x4002c000
10001ad0:	4000e000 	.word	0x4000e000
10001ad4:	4000f000 	.word	0x4000f000
10001ad8:	4000c008 	.word	0x4000c008
10001adc:	00003004 	.word	0x00003004
10001ae0:	10007fac 	.word	0x10007fac
10001ae4:	10008920 	.word	0x10008920
10001ae8:	10007ffc 	.word	0x10007ffc
10001aec:	1000804c 	.word	0x1000804c
10001af0:	10008068 	.word	0x10008068
10001af4:	100080b4 	.word	0x100080b4

10001af8 <watchdog_update>:
10001af8:	4b02      	ldr	r3, [pc, #8]	@ (10001b04 <watchdog_update+0xc>)
10001afa:	681a      	ldr	r2, [r3, #0]
10001afc:	4b02      	ldr	r3, [pc, #8]	@ (10001b08 <watchdog_update+0x10>)
10001afe:	605a      	str	r2, [r3, #4]
10001b00:	4770      	bx	lr
10001b02:	46c0      	nop			@ (mov r8, r8)
10001b04:	20016860 	.word	0x20016860
10001b08:	40058000 	.word	0x40058000

10001b0c <_watchdog_enable>:
10001b0c:	b510      	push	{r4, lr}
10001b0e:	4b16      	ldr	r3, [pc, #88]	@ (10001b68 <_watchdog_enable+0x5c>)
10001b10:	2280      	movs	r2, #128	@ 0x80
10001b12:	05d2      	lsls	r2, r2, #23
10001b14:	601a      	str	r2, [r3, #0]
10001b16:	4b15      	ldr	r3, [pc, #84]	@ (10001b6c <_watchdog_enable+0x60>)
10001b18:	4a15      	ldr	r2, [pc, #84]	@ (10001b70 <_watchdog_enable+0x64>)
10001b1a:	601a      	str	r2, [r3, #0]
10001b1c:	2900      	cmp	r1, #0
10001b1e:	d00a      	beq.n	10001b36 <_watchdog_enable+0x2a>
10001b20:	4b14      	ldr	r3, [pc, #80]	@ (10001b74 <_watchdog_enable+0x68>)
10001b22:	22e0      	movs	r2, #224	@ 0xe0
10001b24:	04d2      	lsls	r2, r2, #19
10001b26:	601a      	str	r2, [r3, #0]
10001b28:	2800      	cmp	r0, #0
10001b2a:	d109      	bne.n	10001b40 <_watchdog_enable+0x34>
10001b2c:	4b11      	ldr	r3, [pc, #68]	@ (10001b74 <_watchdog_enable+0x68>)
10001b2e:	2280      	movs	r2, #128	@ 0x80
10001b30:	0612      	lsls	r2, r2, #24
10001b32:	601a      	str	r2, [r3, #0]
10001b34:	bd10      	pop	{r4, pc}
10001b36:	4b0c      	ldr	r3, [pc, #48]	@ (10001b68 <_watchdog_enable+0x5c>)
10001b38:	22e0      	movs	r2, #224	@ 0xe0
10001b3a:	04d2      	lsls	r2, r2, #19
10001b3c:	601a      	str	r2, [r3, #0]
10001b3e:	e7f3      	b.n	10001b28 <_watchdog_enable+0x1c>
10001b40:	0143      	lsls	r3, r0, #5
10001b42:	1a1b      	subs	r3, r3, r0
10001b44:	009b      	lsls	r3, r3, #2
10001b46:	1818      	adds	r0, r3, r0
10001b48:	0100      	lsls	r0, r0, #4
10001b4a:	4b0b      	ldr	r3, [pc, #44]	@ (10001b78 <_watchdog_enable+0x6c>)
10001b4c:	6018      	str	r0, [r3, #0]
10001b4e:	4b0b      	ldr	r3, [pc, #44]	@ (10001b7c <_watchdog_enable+0x70>)
10001b50:	4298      	cmp	r0, r3
10001b52:	d902      	bls.n	10001b5a <_watchdog_enable+0x4e>
10001b54:	4b08      	ldr	r3, [pc, #32]	@ (10001b78 <_watchdog_enable+0x6c>)
10001b56:	4a09      	ldr	r2, [pc, #36]	@ (10001b7c <_watchdog_enable+0x70>)
10001b58:	601a      	str	r2, [r3, #0]
10001b5a:	f7ff ffcd 	bl	10001af8 <watchdog_update>
10001b5e:	4b05      	ldr	r3, [pc, #20]	@ (10001b74 <_watchdog_enable+0x68>)
10001b60:	2280      	movs	r2, #128	@ 0x80
10001b62:	05d2      	lsls	r2, r2, #23
10001b64:	601a      	str	r2, [r3, #0]
10001b66:	e7e5      	b.n	10001b34 <_watchdog_enable+0x28>
10001b68:	4005b000 	.word	0x4005b000
10001b6c:	40012008 	.word	0x40012008
10001b70:	0001fffc 	.word	0x0001fffc
10001b74:	4005a000 	.word	0x4005a000
10001b78:	20016860 	.word	0x20016860
10001b7c:	00ffffff 	.word	0x00ffffff

10001b80 <watchdog_reboot>:
10001b80:	b510      	push	{r4, lr}
10001b82:	0003      	movs	r3, r0
10001b84:	000c      	movs	r4, r1
10001b86:	0010      	movs	r0, r2
10001b88:	4a0b      	ldr	r2, [pc, #44]	@ (10001bb8 <watchdog_reboot+0x38>)
10001b8a:	2180      	movs	r1, #128	@ 0x80
10001b8c:	05c9      	lsls	r1, r1, #23
10001b8e:	6011      	str	r1, [r2, #0]
10001b90:	2b00      	cmp	r3, #0
10001b92:	d00d      	beq.n	10001bb0 <watchdog_reboot+0x30>
10001b94:	2201      	movs	r2, #1
10001b96:	4313      	orrs	r3, r2
10001b98:	4a08      	ldr	r2, [pc, #32]	@ (10001bbc <watchdog_reboot+0x3c>)
10001b9a:	4909      	ldr	r1, [pc, #36]	@ (10001bc0 <watchdog_reboot+0x40>)
10001b9c:	61d1      	str	r1, [r2, #28]
10001b9e:	4909      	ldr	r1, [pc, #36]	@ (10001bc4 <watchdog_reboot+0x44>)
10001ba0:	4059      	eors	r1, r3
10001ba2:	6211      	str	r1, [r2, #32]
10001ba4:	6254      	str	r4, [r2, #36]	@ 0x24
10001ba6:	6293      	str	r3, [r2, #40]	@ 0x28
10001ba8:	2100      	movs	r1, #0
10001baa:	f7ff ffaf 	bl	10001b0c <_watchdog_enable>
10001bae:	bd10      	pop	{r4, pc}
10001bb0:	4b02      	ldr	r3, [pc, #8]	@ (10001bbc <watchdog_reboot+0x3c>)
10001bb2:	2200      	movs	r2, #0
10001bb4:	61da      	str	r2, [r3, #28]
10001bb6:	e7f7      	b.n	10001ba8 <watchdog_reboot+0x28>
10001bb8:	4005b000 	.word	0x4005b000
10001bbc:	40058000 	.word	0x40058000
10001bc0:	b007c0d3 	.word	0xb007c0d3
10001bc4:	4ff83f2d 	.word	0x4ff83f2d

10001bc8 <tick_start>:
10001bc8:	2380      	movs	r3, #128	@ 0x80
10001bca:	009b      	lsls	r3, r3, #2
10001bcc:	430b      	orrs	r3, r1
10001bce:	4a01      	ldr	r2, [pc, #4]	@ (10001bd4 <tick_start+0xc>)
10001bd0:	62d3      	str	r3, [r2, #44]	@ 0x2c
10001bd2:	4770      	bx	lr
10001bd4:	40058000 	.word	0x40058000

10001bd8 <rom_func_lookup>:
10001bd8:	b510      	push	{r4, lr}
10001bda:	0001      	movs	r1, r0
10001bdc:	2318      	movs	r3, #24
10001bde:	881b      	ldrh	r3, [r3, #0]
10001be0:	2214      	movs	r2, #20
10001be2:	8810      	ldrh	r0, [r2, #0]
10001be4:	4798      	blx	r3
10001be6:	bd10      	pop	{r4, pc}

10001be8 <rom_data_lookup>:
10001be8:	b510      	push	{r4, lr}
10001bea:	0001      	movs	r1, r0
10001bec:	2318      	movs	r3, #24
10001bee:	881b      	ldrh	r3, [r3, #0]
10001bf0:	2216      	movs	r2, #22
10001bf2:	8810      	ldrh	r0, [r2, #0]
10001bf4:	4798      	blx	r3
10001bf6:	bd10      	pop	{r4, pc}

10001bf8 <rom_funcs_lookup>:
10001bf8:	b5f0      	push	{r4, r5, r6, r7, lr}
10001bfa:	46c6      	mov	lr, r8
10001bfc:	b500      	push	{lr}
10001bfe:	0007      	movs	r7, r0
10001c00:	000e      	movs	r6, r1
10001c02:	2500      	movs	r5, #0
10001c04:	2301      	movs	r3, #1
10001c06:	4698      	mov	r8, r3
10001c08:	e000      	b.n	10001c0c <rom_funcs_lookup+0x14>
10001c0a:	3501      	adds	r5, #1
10001c0c:	42b5      	cmp	r5, r6
10001c0e:	d20a      	bcs.n	10001c26 <rom_funcs_lookup+0x2e>
10001c10:	00ac      	lsls	r4, r5, #2
10001c12:	193c      	adds	r4, r7, r4
10001c14:	6820      	ldr	r0, [r4, #0]
10001c16:	f7ff ffdf 	bl	10001bd8 <rom_func_lookup>
10001c1a:	6020      	str	r0, [r4, #0]
10001c1c:	2800      	cmp	r0, #0
10001c1e:	d1f4      	bne.n	10001c0a <rom_funcs_lookup+0x12>
10001c20:	2300      	movs	r3, #0
10001c22:	4698      	mov	r8, r3
10001c24:	e7f1      	b.n	10001c0a <rom_funcs_lookup+0x12>
10001c26:	4640      	mov	r0, r8
10001c28:	bc80      	pop	{r7}
10001c2a:	46b8      	mov	r8, r7
10001c2c:	bdf0      	pop	{r4, r5, r6, r7, pc}
	...

10001c30 <rom_reset_usb_boot_extra>:
10001c30:	b570      	push	{r4, r5, r6, lr}
10001c32:	0004      	movs	r4, r0
10001c34:	000d      	movs	r5, r1
10001c36:	4806      	ldr	r0, [pc, #24]	@ (10001c50 <rom_reset_usb_boot_extra+0x20>)
10001c38:	f7ff ffce 	bl	10001bd8 <rom_func_lookup>
10001c3c:	0003      	movs	r3, r0
10001c3e:	2c00      	cmp	r4, #0
10001c40:	db03      	blt.n	10001c4a <rom_reset_usb_boot_extra+0x1a>
10001c42:	2001      	movs	r0, #1
10001c44:	40a0      	lsls	r0, r4
10001c46:	0029      	movs	r1, r5
10001c48:	4798      	blx	r3
10001c4a:	2000      	movs	r0, #0
10001c4c:	e7fb      	b.n	10001c46 <rom_reset_usb_boot_extra+0x16>
10001c4e:	46c0      	nop			@ (mov r8, r8)
10001c50:	00004255 	.word	0x00004255

10001c54 <xosc_init>:
10001c54:	4b07      	ldr	r3, [pc, #28]	@ (10001c74 <xosc_init+0x20>)
10001c56:	22aa      	movs	r2, #170	@ 0xaa
10001c58:	0112      	lsls	r2, r2, #4
10001c5a:	601a      	str	r2, [r3, #0]
10001c5c:	228d      	movs	r2, #141	@ 0x8d
10001c5e:	0052      	lsls	r2, r2, #1
10001c60:	60da      	str	r2, [r3, #12]
10001c62:	4b05      	ldr	r3, [pc, #20]	@ (10001c78 <xosc_init+0x24>)
10001c64:	4a05      	ldr	r2, [pc, #20]	@ (10001c7c <xosc_init+0x28>)
10001c66:	601a      	str	r2, [r3, #0]
10001c68:	4b02      	ldr	r3, [pc, #8]	@ (10001c74 <xosc_init+0x20>)
10001c6a:	685b      	ldr	r3, [r3, #4]
10001c6c:	2b00      	cmp	r3, #0
10001c6e:	dafb      	bge.n	10001c68 <xosc_init+0x14>
10001c70:	4770      	bx	lr
10001c72:	46c0      	nop			@ (mov r8, r8)
10001c74:	40024000 	.word	0x40024000
10001c78:	40026000 	.word	0x40026000
10001c7c:	00fab000 	.word	0x00fab000

10001c80 <runtime_run_initializers_from>:
10001c80:	b510      	push	{r4, lr}
10001c82:	0004      	movs	r4, r0
10001c84:	e001      	b.n	10001c8a <runtime_run_initializers_from+0xa>
10001c86:	cc08      	ldmia	r4!, {r3}
10001c88:	4798      	blx	r3
10001c8a:	4b02      	ldr	r3, [pc, #8]	@ (10001c94 <runtime_run_initializers_from+0x14>)
10001c8c:	429c      	cmp	r4, r3
10001c8e:	d3fa      	bcc.n	10001c86 <runtime_run_initializers_from+0x6>
10001c90:	bd10      	pop	{r4, pc}
10001c92:	46c0      	nop			@ (mov r8, r8)
10001c94:	10007808 	.word	0x10007808

10001c98 <first_per_core_initializer>:
10001c98:	4770      	bx	lr
	...

10001c9c <runtime_run_initializers>:
10001c9c:	b510      	push	{r4, lr}
10001c9e:	4802      	ldr	r0, [pc, #8]	@ (10001ca8 <runtime_run_initializers+0xc>)
10001ca0:	f7ff ffee 	bl	10001c80 <runtime_run_initializers_from>
10001ca4:	bd10      	pop	{r4, pc}
10001ca6:	46c0      	nop			@ (mov r8, r8)
10001ca8:	100077d0 	.word	0x100077d0

10001cac <runtime_init_early_resets>:
10001cac:	4b05      	ldr	r3, [pc, #20]	@ (10001cc4 <runtime_init_early_resets+0x18>)
10001cae:	4a06      	ldr	r2, [pc, #24]	@ (10001cc8 <runtime_init_early_resets+0x1c>)
10001cb0:	601a      	str	r2, [r3, #0]
10001cb2:	4b06      	ldr	r3, [pc, #24]	@ (10001ccc <runtime_init_early_resets+0x20>)
10001cb4:	4a06      	ldr	r2, [pc, #24]	@ (10001cd0 <runtime_init_early_resets+0x24>)
10001cb6:	601a      	str	r2, [r3, #0]
10001cb8:	4b06      	ldr	r3, [pc, #24]	@ (10001cd4 <runtime_init_early_resets+0x28>)
10001cba:	681a      	ldr	r2, [r3, #0]
10001cbc:	4b04      	ldr	r3, [pc, #16]	@ (10001cd0 <runtime_init_early_resets+0x24>)
10001cbe:	4393      	bics	r3, r2
10001cc0:	d1fa      	bne.n	10001cb8 <runtime_init_early_resets+0xc>
10001cc2:	4770      	bx	lr
10001cc4:	4000e000 	.word	0x4000e000
10001cc8:	fefbcdbf 	.word	0xfefbcdbf
10001ccc:	4000f000 	.word	0x4000f000
10001cd0:	003c7ffe 	.word	0x003c7ffe
10001cd4:	4000c008 	.word	0x4000c008

10001cd8 <runtime_init_usb_power_down>:
10001cd8:	4b04      	ldr	r3, [pc, #16]	@ (10001cec <runtime_init_usb_power_down+0x14>)
10001cda:	6cdb      	ldr	r3, [r3, #76]	@ 0x4c
10001cdc:	2b00      	cmp	r3, #0
10001cde:	d103      	bne.n	10001ce8 <runtime_init_usb_power_down+0x10>
10001ce0:	4b03      	ldr	r3, [pc, #12]	@ (10001cf0 <runtime_init_usb_power_down+0x18>)
10001ce2:	2280      	movs	r2, #128	@ 0x80
10001ce4:	02d2      	lsls	r2, r2, #11
10001ce6:	601a      	str	r2, [r3, #0]
10001ce8:	4770      	bx	lr
10001cea:	46c0      	nop			@ (mov r8, r8)
10001cec:	50110000 	.word	0x50110000
10001cf0:	5011204c 	.word	0x5011204c

10001cf4 <runtime_init_post_clock_resets>:
10001cf4:	4b04      	ldr	r3, [pc, #16]	@ (10001d08 <runtime_init_post_clock_resets+0x14>)
10001cf6:	4a05      	ldr	r2, [pc, #20]	@ (10001d0c <runtime_init_post_clock_resets+0x18>)
10001cf8:	601a      	str	r2, [r3, #0]
10001cfa:	4b05      	ldr	r3, [pc, #20]	@ (10001d10 <runtime_init_post_clock_resets+0x1c>)
10001cfc:	681b      	ldr	r3, [r3, #0]
10001cfe:	43db      	mvns	r3, r3
10001d00:	01db      	lsls	r3, r3, #7
10001d02:	d1fa      	bne.n	10001cfa <runtime_init_post_clock_resets+0x6>
10001d04:	4770      	bx	lr
10001d06:	46c0      	nop			@ (mov r8, r8)
10001d08:	4000f000 	.word	0x4000f000
10001d0c:	01ffffff 	.word	0x01ffffff
10001d10:	4000c008 	.word	0x4000c008

10001d14 <runtime_init_rp2040_gpio_ie_disable>:
10001d14:	4b03      	ldr	r3, [pc, #12]	@ (10001d24 <runtime_init_rp2040_gpio_ie_disable+0x10>)
10001d16:	2240      	movs	r2, #64	@ 0x40
10001d18:	679a      	str	r2, [r3, #120]	@ 0x78
10001d1a:	675a      	str	r2, [r3, #116]	@ 0x74
10001d1c:	671a      	str	r2, [r3, #112]	@ 0x70
10001d1e:	66da      	str	r2, [r3, #108]	@ 0x6c
10001d20:	4770      	bx	lr
10001d22:	46c0      	nop			@ (mov r8, r8)
10001d24:	4001f000 	.word	0x4001f000

10001d28 <runtime_init_spin_locks_reset>:
10001d28:	b510      	push	{r4, lr}
10001d2a:	f7fe fcef 	bl	1000070c <spin_locks_reset>
10001d2e:	bd10      	pop	{r4, pc}

10001d30 <runtime_init_install_ram_vector_table>:
10001d30:	b510      	push	{r4, lr}
10001d32:	4c0c      	ldr	r4, [pc, #48]	@ (10001d64 <runtime_init_install_ram_vector_table+0x34>)
10001d34:	4b0c      	ldr	r3, [pc, #48]	@ (10001d68 <runtime_init_install_ram_vector_table+0x38>)
10001d36:	1ae4      	subs	r4, r4, r3
10001d38:	08a4      	lsrs	r4, r4, #2
10001d3a:	0022      	movs	r2, r4
10001d3c:	2c30      	cmp	r4, #48	@ 0x30
10001d3e:	d900      	bls.n	10001d42 <runtime_init_install_ram_vector_table+0x12>
10001d40:	2230      	movs	r2, #48	@ 0x30
10001d42:	0092      	lsls	r2, r2, #2
10001d44:	4809      	ldr	r0, [pc, #36]	@ (10001d6c <runtime_init_install_ram_vector_table+0x3c>)
10001d46:	4908      	ldr	r1, [pc, #32]	@ (10001d68 <runtime_init_install_ram_vector_table+0x38>)
10001d48:	f000 fc7e 	bl	10002648 <__wrap___aeabi_memcpy>
10001d4c:	e004      	b.n	10001d58 <runtime_init_install_ram_vector_table+0x28>
10001d4e:	4a08      	ldr	r2, [pc, #32]	@ (10001d70 <runtime_init_install_ram_vector_table+0x40>)
10001d50:	4b06      	ldr	r3, [pc, #24]	@ (10001d6c <runtime_init_install_ram_vector_table+0x3c>)
10001d52:	00a1      	lsls	r1, r4, #2
10001d54:	50ca      	str	r2, [r1, r3]
10001d56:	3401      	adds	r4, #1
10001d58:	2c2f      	cmp	r4, #47	@ 0x2f
10001d5a:	d9f8      	bls.n	10001d4e <runtime_init_install_ram_vector_table+0x1e>
10001d5c:	4b03      	ldr	r3, [pc, #12]	@ (10001d6c <runtime_init_install_ram_vector_table+0x3c>)
10001d5e:	4a05      	ldr	r2, [pc, #20]	@ (10001d74 <runtime_init_install_ram_vector_table+0x44>)
10001d60:	6093      	str	r3, [r2, #8]
10001d62:	bd10      	pop	{r4, pc}
10001d64:	100001c0 	.word	0x100001c0
10001d68:	10000100 	.word	0x10000100
10001d6c:	20000000 	.word	0x20000000
10001d70:	100001c1 	.word	0x100001c1
10001d74:	e000ed00 	.word	0xe000ed00

10001d78 <start_all_ticks>:
10001d78:	b570      	push	{r4, r5, r6, lr}
10001d7a:	2004      	movs	r0, #4
10001d7c:	f7ff fe24 	bl	100019c8 <clock_get_hz>
10001d80:	4906      	ldr	r1, [pc, #24]	@ (10001d9c <start_all_ticks+0x24>)
10001d82:	f000 f8a3 	bl	10001ecc <__wrap___aeabi_uidiv>
10001d86:	0005      	movs	r5, r0
10001d88:	2400      	movs	r4, #0
10001d8a:	2c00      	cmp	r4, #0
10001d8c:	dd00      	ble.n	10001d90 <start_all_ticks+0x18>
10001d8e:	bd70      	pop	{r4, r5, r6, pc}
10001d90:	b2e0      	uxtb	r0, r4
10001d92:	0029      	movs	r1, r5
10001d94:	f7ff ff18 	bl	10001bc8 <tick_start>
10001d98:	3401      	adds	r4, #1
10001d9a:	e7f6      	b.n	10001d8a <start_all_ticks+0x12>
10001d9c:	000f4240 	.word	0x000f4240

10001da0 <runtime_init_clocks>:
10001da0:	b530      	push	{r4, r5, lr}
10001da2:	b083      	sub	sp, #12
10001da4:	4b27      	ldr	r3, [pc, #156]	@ (10001e44 <runtime_init_clocks+0xa4>)
10001da6:	2200      	movs	r2, #0
10001da8:	679a      	str	r2, [r3, #120]	@ 0x78
10001daa:	f7ff ff53 	bl	10001c54 <xosc_init>
10001dae:	4b26      	ldr	r3, [pc, #152]	@ (10001e48 <runtime_init_clocks+0xa8>)
10001db0:	2201      	movs	r2, #1
10001db2:	601a      	str	r2, [r3, #0]
10001db4:	4b23      	ldr	r3, [pc, #140]	@ (10001e44 <runtime_init_clocks+0xa4>)
10001db6:	6c5b      	ldr	r3, [r3, #68]	@ 0x44
10001db8:	2b01      	cmp	r3, #1
10001dba:	d1fb      	bne.n	10001db4 <runtime_init_clocks+0x14>
10001dbc:	4b23      	ldr	r3, [pc, #140]	@ (10001e4c <runtime_init_clocks+0xac>)
10001dbe:	2203      	movs	r2, #3
10001dc0:	601a      	str	r2, [r3, #0]
10001dc2:	4b20      	ldr	r3, [pc, #128]	@ (10001e44 <runtime_init_clocks+0xa4>)
10001dc4:	6b9b      	ldr	r3, [r3, #56]	@ 0x38
10001dc6:	2b01      	cmp	r3, #1
10001dc8:	d1fb      	bne.n	10001dc2 <runtime_init_clocks+0x22>
10001dca:	3301      	adds	r3, #1
10001dcc:	9300      	str	r3, [sp, #0]
10001dce:	3304      	adds	r3, #4
10001dd0:	4a1f      	ldr	r2, [pc, #124]	@ (10001e50 <runtime_init_clocks+0xb0>)
10001dd2:	2101      	movs	r1, #1
10001dd4:	481f      	ldr	r0, [pc, #124]	@ (10001e54 <runtime_init_clocks+0xb4>)
10001dd6:	f7ff fdfd 	bl	100019d4 <pll_init>
10001dda:	2305      	movs	r3, #5
10001ddc:	9300      	str	r3, [sp, #0]
10001dde:	4a1e      	ldr	r2, [pc, #120]	@ (10001e58 <runtime_init_clocks+0xb8>)
10001de0:	2101      	movs	r1, #1
10001de2:	481e      	ldr	r0, [pc, #120]	@ (10001e5c <runtime_init_clocks+0xbc>)
10001de4:	f7ff fdf6 	bl	100019d4 <pll_init>
10001de8:	4b1d      	ldr	r3, [pc, #116]	@ (10001e60 <runtime_init_clocks+0xc0>)
10001dea:	2200      	movs	r2, #0
10001dec:	2102      	movs	r1, #2
10001dee:	2004      	movs	r0, #4
10001df0:	f7ff fde0 	bl	100019b4 <clock_configure_undivided>
10001df4:	4d1b      	ldr	r5, [pc, #108]	@ (10001e64 <runtime_init_clocks+0xc4>)
10001df6:	002b      	movs	r3, r5
10001df8:	2200      	movs	r2, #0
10001dfa:	2101      	movs	r1, #1
10001dfc:	2005      	movs	r0, #5
10001dfe:	f7ff fdd9 	bl	100019b4 <clock_configure_undivided>
10001e02:	4c19      	ldr	r4, [pc, #100]	@ (10001e68 <runtime_init_clocks+0xc8>)
10001e04:	0023      	movs	r3, r4
10001e06:	2200      	movs	r2, #0
10001e08:	2100      	movs	r1, #0
10001e0a:	2007      	movs	r0, #7
10001e0c:	f7ff fdd2 	bl	100019b4 <clock_configure_undivided>
10001e10:	0023      	movs	r3, r4
10001e12:	2200      	movs	r2, #0
10001e14:	2100      	movs	r1, #0
10001e16:	2008      	movs	r0, #8
10001e18:	f7ff fdcc 	bl	100019b4 <clock_configure_undivided>
10001e1c:	2380      	movs	r3, #128	@ 0x80
10001e1e:	00db      	lsls	r3, r3, #3
10001e20:	9300      	str	r3, [sp, #0]
10001e22:	0023      	movs	r3, r4
10001e24:	2200      	movs	r2, #0
10001e26:	2100      	movs	r1, #0
10001e28:	2009      	movs	r0, #9
10001e2a:	f7ff fdaf 	bl	1000198c <clock_configure_int_divider>
10001e2e:	002b      	movs	r3, r5
10001e30:	2200      	movs	r2, #0
10001e32:	2100      	movs	r1, #0
10001e34:	2006      	movs	r0, #6
10001e36:	f7ff fdbd 	bl	100019b4 <clock_configure_undivided>
10001e3a:	f7ff ff9d 	bl	10001d78 <start_all_ticks>
10001e3e:	b003      	add	sp, #12
10001e40:	bd30      	pop	{r4, r5, pc}
10001e42:	46c0      	nop			@ (mov r8, r8)
10001e44:	40008000 	.word	0x40008000
10001e48:	4000b03c 	.word	0x4000b03c
10001e4c:	4000b030 	.word	0x4000b030
10001e50:	59682f00 	.word	0x59682f00
10001e54:	40028000 	.word	0x40028000
10001e58:	47868c00 	.word	0x47868c00
10001e5c:	4002c000 	.word	0x4002c000
10001e60:	00b71b00 	.word	0x00b71b00
10001e64:	07735940 	.word	0x07735940
10001e68:	02dc6c00 	.word	0x02dc6c00

10001e6c <__aeabi_bits_init>:
10001e6c:	4801      	ldr	r0, [pc, #4]	@ (10001e74 <__aeabi_bits_init+0x8>)
10001e6e:	2104      	movs	r1, #4
10001e70:	4b01      	ldr	r3, [pc, #4]	@ (10001e78 <__aeabi_bits_init+0xc>)
10001e72:	4718      	bx	r3
10001e74:	20000c80 	.word	0x20000c80
10001e78:	10001bf9 	.word	0x10001bf9

10001e7c <__wrap___aeabi_idiv>:
10001e7c:	4a12      	ldr	r2, [pc, #72]	@ (10001ec8 <divmod_s32s32_savestate+0x18>)
10001e7e:	6f93      	ldr	r3, [r2, #120]	@ 0x78
10001e80:	089b      	lsrs	r3, r3, #2
10001e82:	d215      	bcs.n	10001eb0 <divmod_s32s32_savestate>

10001e84 <divmod_s32s32_core>:
10001e84:	6690      	str	r0, [r2, #104]	@ 0x68
10001e86:	66d1      	str	r1, [r2, #108]	@ 0x6c
10001e88:	2900      	cmp	r1, #0
10001e8a:	d005      	beq.n	10001e98 <divmod_s32s32_core+0x14>
10001e8c:	e7ff      	b.n	10001e8e <divmod_s32s32_core+0xa>
10001e8e:	e7ff      	b.n	10001e90 <divmod_s32s32_core+0xc>
10001e90:	e7ff      	b.n	10001e92 <divmod_s32s32_core+0xe>
10001e92:	6f51      	ldr	r1, [r2, #116]	@ 0x74
10001e94:	6f10      	ldr	r0, [r2, #112]	@ 0x70
10001e96:	4770      	bx	lr
10001e98:	b504      	push	{r2, lr}
10001e9a:	2180      	movs	r1, #128	@ 0x80
10001e9c:	0609      	lsls	r1, r1, #24
10001e9e:	17c2      	asrs	r2, r0, #31
10001ea0:	4051      	eors	r1, r2
10001ea2:	2800      	cmp	r0, #0
10001ea4:	d000      	beq.n	10001ea8 <divmod_s32s32_core+0x24>
10001ea6:	43c8      	mvns	r0, r1
10001ea8:	f005 fc5a 	bl	10007760 <____aeabi_idiv0_veneer>
10001eac:	2100      	movs	r1, #0
10001eae:	bd04      	pop	{r2, pc}

10001eb0 <divmod_s32s32_savestate>:
10001eb0:	b5f0      	push	{r4, r5, r6, r7, lr}
10001eb2:	6e14      	ldr	r4, [r2, #96]	@ 0x60
10001eb4:	6e55      	ldr	r5, [r2, #100]	@ 0x64
10001eb6:	6f57      	ldr	r7, [r2, #116]	@ 0x74
10001eb8:	6f16      	ldr	r6, [r2, #112]	@ 0x70
10001eba:	f7ff ffe3 	bl	10001e84 <divmod_s32s32_core>
10001ebe:	6614      	str	r4, [r2, #96]	@ 0x60
10001ec0:	6655      	str	r5, [r2, #100]	@ 0x64
10001ec2:	6757      	str	r7, [r2, #116]	@ 0x74
10001ec4:	6716      	str	r6, [r2, #112]	@ 0x70
10001ec6:	bdf0      	pop	{r4, r5, r6, r7, pc}
10001ec8:	d0000000 	.word	0xd0000000

10001ecc <__wrap___aeabi_uidiv>:
10001ecc:	4a11      	ldr	r2, [pc, #68]	@ (10001f14 <divmod_u32u32_savestate+0x18>)
10001ece:	6f93      	ldr	r3, [r2, #120]	@ 0x78
10001ed0:	089b      	lsrs	r3, r3, #2
10001ed2:	d213      	bcs.n	10001efc <divmod_u32u32_savestate>

10001ed4 <divmod_u32u32_core>:
10001ed4:	6610      	str	r0, [r2, #96]	@ 0x60
10001ed6:	6651      	str	r1, [r2, #100]	@ 0x64
10001ed8:	2900      	cmp	r1, #0
10001eda:	d005      	beq.n	10001ee8 <divmod_u32u32_core+0x14>
10001edc:	e7ff      	b.n	10001ede <divmod_u32u32_core+0xa>
10001ede:	e7ff      	b.n	10001ee0 <divmod_u32u32_core+0xc>
10001ee0:	e7ff      	b.n	10001ee2 <divmod_u32u32_core+0xe>
10001ee2:	6f51      	ldr	r1, [r2, #116]	@ 0x74
10001ee4:	6f10      	ldr	r0, [r2, #112]	@ 0x70
10001ee6:	4770      	bx	lr
10001ee8:	b504      	push	{r2, lr}
10001eea:	2800      	cmp	r0, #0
10001eec:	d001      	beq.n	10001ef2 <divmod_u32u32_core+0x1e>
10001eee:	2000      	movs	r0, #0
10001ef0:	43c0      	mvns	r0, r0
10001ef2:	f005 fc35 	bl	10007760 <____aeabi_idiv0_veneer>
10001ef6:	2100      	movs	r1, #0
10001ef8:	bd04      	pop	{r2, pc}
10001efa:	46c0      	nop			@ (mov r8, r8)

10001efc <divmod_u32u32_savestate>:
10001efc:	b5f0      	push	{r4, r5, r6, r7, lr}
10001efe:	6e14      	ldr	r4, [r2, #96]	@ 0x60
10001f00:	6e55      	ldr	r5, [r2, #100]	@ 0x64
10001f02:	6f57      	ldr	r7, [r2, #116]	@ 0x74
10001f04:	6f16      	ldr	r6, [r2, #112]	@ 0x70
10001f06:	f7ff ffe5 	bl	10001ed4 <divmod_u32u32_core>
10001f0a:	6614      	str	r4, [r2, #96]	@ 0x60
10001f0c:	6655      	str	r5, [r2, #100]	@ 0x64
10001f0e:	6757      	str	r7, [r2, #116]	@ 0x74
10001f10:	6716      	str	r6, [r2, #112]	@ 0x70
10001f12:	bdf0      	pop	{r4, r5, r6, r7, pc}
10001f14:	d0000000 	.word	0xd0000000

10001f18 <__wrap___aeabi_ldivmod>:
10001f18:	4694      	mov	ip, r2
10001f1a:	4a4a      	ldr	r2, [pc, #296]	@ (10002044 <udiv0+0x1a>)
10001f1c:	6f92      	ldr	r2, [r2, #120]	@ 0x78
10001f1e:	0892      	lsrs	r2, r2, #2
10001f20:	4662      	mov	r2, ip
10001f22:	d201      	bcs.n	10001f28 <divmod_s64s64_savestate>
10001f24:	e028      	b.n	10001f78 <divmod_s64s64_unsafe>
10001f26:	46c0      	nop			@ (mov r8, r8)

10001f28 <divmod_s64s64_savestate>:
10001f28:	b5f0      	push	{r4, r5, r6, r7, lr}
10001f2a:	4e46      	ldr	r6, [pc, #280]	@ (10002044 <udiv0+0x1a>)
10001f2c:	6e34      	ldr	r4, [r6, #96]	@ 0x60
10001f2e:	6e75      	ldr	r5, [r6, #100]	@ 0x64
10001f30:	6f77      	ldr	r7, [r6, #116]	@ 0x74
10001f32:	6f36      	ldr	r6, [r6, #112]	@ 0x70
10001f34:	f000 f820 	bl	10001f78 <divmod_s64s64_unsafe>
10001f38:	4694      	mov	ip, r2
10001f3a:	4a42      	ldr	r2, [pc, #264]	@ (10002044 <udiv0+0x1a>)
10001f3c:	6614      	str	r4, [r2, #96]	@ 0x60
10001f3e:	6655      	str	r5, [r2, #100]	@ 0x64
10001f40:	6757      	str	r7, [r2, #116]	@ 0x74
10001f42:	6716      	str	r6, [r2, #112]	@ 0x70
10001f44:	4662      	mov	r2, ip
10001f46:	bdf0      	pop	{r4, r5, r6, r7, pc}

10001f48 <__wrap___aeabi_uldivmod>:
10001f48:	4694      	mov	ip, r2
10001f4a:	4a3e      	ldr	r2, [pc, #248]	@ (10002044 <udiv0+0x1a>)
10001f4c:	6f92      	ldr	r2, [r2, #120]	@ 0x78
10001f4e:	0892      	lsrs	r2, r2, #2
10001f50:	4662      	mov	r2, ip
10001f52:	d201      	bcs.n	10001f58 <divmod_u64u64_savestate>
10001f54:	e054      	b.n	10002000 <divmod_u64u64_unsafe>
10001f56:	46c0      	nop			@ (mov r8, r8)

10001f58 <divmod_u64u64_savestate>:
10001f58:	b5f0      	push	{r4, r5, r6, r7, lr}
10001f5a:	4e3a      	ldr	r6, [pc, #232]	@ (10002044 <udiv0+0x1a>)
10001f5c:	6e34      	ldr	r4, [r6, #96]	@ 0x60
10001f5e:	6e75      	ldr	r5, [r6, #100]	@ 0x64
10001f60:	6f77      	ldr	r7, [r6, #116]	@ 0x74
10001f62:	6f36      	ldr	r6, [r6, #112]	@ 0x70
10001f64:	f000 f84c 	bl	10002000 <divmod_u64u64_unsafe>
10001f68:	4694      	mov	ip, r2
10001f6a:	4a36      	ldr	r2, [pc, #216]	@ (10002044 <udiv0+0x1a>)
10001f6c:	6614      	str	r4, [r2, #96]	@ 0x60
10001f6e:	6655      	str	r5, [r2, #100]	@ 0x64
10001f70:	6757      	str	r7, [r2, #116]	@ 0x74
10001f72:	6716      	str	r6, [r2, #112]	@ 0x70
10001f74:	4662      	mov	r2, ip
10001f76:	bdf0      	pop	{r4, r5, r6, r7, pc}

10001f78 <divmod_s64s64_unsafe>:
10001f78:	2b00      	cmp	r3, #0
10001f7a:	db24      	blt.n	10001fc6 <l46_1+0x26>
10001f7c:	d011      	beq.n	10001fa2 <l46_1+0x2>
10001f7e:	2900      	cmp	r1, #0
10001f80:	da3e      	bge.n	10002000 <divmod_u64u64_unsafe>
10001f82:	b500      	push	{lr}
10001f84:	43c9      	mvns	r1, r1
10001f86:	4240      	negs	r0, r0
10001f88:	d100      	bne.n	10001f8c <l44_1>
10001f8a:	3101      	adds	r1, #1

10001f8c <l44_1>:
10001f8c:	f000 f838 	bl	10002000 <divmod_u64u64_unsafe>
10001f90:	43c9      	mvns	r1, r1
10001f92:	4240      	negs	r0, r0
10001f94:	d100      	bne.n	10001f98 <l45_1>
10001f96:	3101      	adds	r1, #1

10001f98 <l45_1>:
10001f98:	43db      	mvns	r3, r3
10001f9a:	4252      	negs	r2, r2
10001f9c:	d100      	bne.n	10001fa0 <l46_1>
10001f9e:	3301      	adds	r3, #1

10001fa0 <l46_1>:
10001fa0:	bd00      	pop	{pc}
10001fa2:	2a00      	cmp	r2, #0
10001fa4:	d1eb      	bne.n	10001f7e <divmod_s64s64_unsafe+0x6>
10001fa6:	2800      	cmp	r0, #0
10001fa8:	d101      	bne.n	10001fae <l46_1+0xe>
10001faa:	2900      	cmp	r1, #0
10001fac:	d005      	beq.n	10001fba <l46_1+0x1a>
10001fae:	2000      	movs	r0, #0
10001fb0:	0fc9      	lsrs	r1, r1, #31
10001fb2:	07c9      	lsls	r1, r1, #31
10001fb4:	d101      	bne.n	10001fba <l46_1+0x1a>
10001fb6:	43c0      	mvns	r0, r0
10001fb8:	0841      	lsrs	r1, r0, #1
10001fba:	b500      	push	{lr}
10001fbc:	f005 fbc0 	bl	10007740 <____aeabi_ldiv0_veneer>
10001fc0:	2200      	movs	r2, #0
10001fc2:	2300      	movs	r3, #0
10001fc4:	bd00      	pop	{pc}
10001fc6:	b500      	push	{lr}
10001fc8:	2900      	cmp	r1, #0
10001fca:	db0a      	blt.n	10001fe2 <l48_1+0x2>
10001fcc:	43db      	mvns	r3, r3
10001fce:	4252      	negs	r2, r2
10001fd0:	d100      	bne.n	10001fd4 <l47_1>
10001fd2:	3301      	adds	r3, #1

10001fd4 <l47_1>:
10001fd4:	f000 f814 	bl	10002000 <divmod_u64u64_unsafe>
10001fd8:	43c9      	mvns	r1, r1
10001fda:	4240      	negs	r0, r0
10001fdc:	d100      	bne.n	10001fe0 <l48_1>
10001fde:	3101      	adds	r1, #1

10001fe0 <l48_1>:
10001fe0:	bd00      	pop	{pc}
10001fe2:	43c9      	mvns	r1, r1
10001fe4:	4240      	negs	r0, r0
10001fe6:	d100      	bne.n	10001fea <l49_1>
10001fe8:	3101      	adds	r1, #1

10001fea <l49_1>:
10001fea:	43db      	mvns	r3, r3
10001fec:	4252      	negs	r2, r2
10001fee:	d100      	bne.n	10001ff2 <l50_1>
10001ff0:	3301      	adds	r3, #1

10001ff2 <l50_1>:
10001ff2:	f000 f805 	bl	10002000 <divmod_u64u64_unsafe>
10001ff6:	43db      	mvns	r3, r3
10001ff8:	4252      	negs	r2, r2
10001ffa:	d100      	bne.n	10001ffe <l51_1>
10001ffc:	3301      	adds	r3, #1

10001ffe <l51_1>:
10001ffe:	bd00      	pop	{pc}

10002000 <divmod_u64u64_unsafe>:
10002000:	2900      	cmp	r1, #0
10002002:	d123      	bne.n	1000204c <y64>
10002004:	2b00      	cmp	r3, #0
10002006:	d118      	bne.n	1000203a <udiv0+0x10>
10002008:	2a00      	cmp	r2, #0
1000200a:	d00c      	beq.n	10002026 <divmod_u64u64_unsafe+0x26>
1000200c:	46bc      	mov	ip, r7
1000200e:	4f0d      	ldr	r7, [pc, #52]	@ (10002044 <udiv0+0x1a>)
10002010:	6638      	str	r0, [r7, #96]	@ 0x60
10002012:	667a      	str	r2, [r7, #100]	@ 0x64
10002014:	2100      	movs	r1, #0
10002016:	2300      	movs	r3, #0
10002018:	e7ff      	b.n	1000201a <divmod_u64u64_unsafe+0x1a>
1000201a:	e7ff      	b.n	1000201c <divmod_u64u64_unsafe+0x1c>
1000201c:	e7ff      	b.n	1000201e <divmod_u64u64_unsafe+0x1e>
1000201e:	6f7a      	ldr	r2, [r7, #116]	@ 0x74
10002020:	6f38      	ldr	r0, [r7, #112]	@ 0x70
10002022:	4667      	mov	r7, ip
10002024:	4770      	bx	lr
10002026:	2800      	cmp	r0, #0
10002028:	d001      	beq.n	1000202e <udiv0+0x4>

1000202a <udiv0>:
1000202a:	4807      	ldr	r0, [pc, #28]	@ (10002048 <udiv0+0x1e>)
1000202c:	0001      	movs	r1, r0
1000202e:	b500      	push	{lr}
10002030:	f005 fb86 	bl	10007740 <____aeabi_ldiv0_veneer>
10002034:	2200      	movs	r2, #0
10002036:	2300      	movs	r3, #0
10002038:	bd00      	pop	{pc}
1000203a:	0002      	movs	r2, r0
1000203c:	000b      	movs	r3, r1
1000203e:	2000      	movs	r0, #0
10002040:	2100      	movs	r1, #0
10002042:	4770      	bx	lr
10002044:	d0000000 	.word	0xd0000000
10002048:	ffffffff 	.word	0xffffffff

1000204c <y64>:
1000204c:	2b00      	cmp	r3, #0
1000204e:	d000      	beq.n	10002052 <y64+0x6>
10002050:	e0bf      	b.n	100021d2 <y64_x48>
10002052:	0c13      	lsrs	r3, r2, #16
10002054:	d128      	bne.n	100020a8 <y64_x32>
10002056:	2a00      	cmp	r2, #0
10002058:	d0e7      	beq.n	1000202a <udiv0>
1000205a:	b480      	push	{r7}
1000205c:	4f11      	ldr	r7, [pc, #68]	@ (100020a4 <y64+0x58>)
1000205e:	6639      	str	r1, [r7, #96]	@ 0x60
10002060:	667a      	str	r2, [r7, #100]	@ 0x64
10002062:	e7ff      	b.n	10002064 <y64+0x18>
10002064:	e7ff      	b.n	10002066 <y64+0x1a>
10002066:	b430      	push	{r4, r5}
10002068:	0c04      	lsrs	r4, r0, #16
1000206a:	6f7b      	ldr	r3, [r7, #116]	@ 0x74
1000206c:	6f39      	ldr	r1, [r7, #112]	@ 0x70
1000206e:	041b      	lsls	r3, r3, #16
10002070:	4323      	orrs	r3, r4
10002072:	663b      	str	r3, [r7, #96]	@ 0x60
10002074:	667a      	str	r2, [r7, #100]	@ 0x64
10002076:	e7ff      	b.n	10002078 <y64+0x2c>
10002078:	e7ff      	b.n	1000207a <y64+0x2e>
1000207a:	e7ff      	b.n	1000207c <y64+0x30>
1000207c:	46c0      	nop			@ (mov r8, r8)
1000207e:	b284      	uxth	r4, r0
10002080:	6f7b      	ldr	r3, [r7, #116]	@ 0x74
10002082:	6f3d      	ldr	r5, [r7, #112]	@ 0x70
10002084:	041b      	lsls	r3, r3, #16
10002086:	4323      	orrs	r3, r4
10002088:	663b      	str	r3, [r7, #96]	@ 0x60
1000208a:	667a      	str	r2, [r7, #100]	@ 0x64
1000208c:	e7ff      	b.n	1000208e <y64+0x42>
1000208e:	e7ff      	b.n	10002090 <y64+0x44>
10002090:	46c0      	nop			@ (mov r8, r8)
10002092:	2300      	movs	r3, #0
10002094:	042c      	lsls	r4, r5, #16
10002096:	0c2d      	lsrs	r5, r5, #16
10002098:	6f7a      	ldr	r2, [r7, #116]	@ 0x74
1000209a:	6f38      	ldr	r0, [r7, #112]	@ 0x70
1000209c:	1900      	adds	r0, r0, r4
1000209e:	4169      	adcs	r1, r5
100020a0:	bcb0      	pop	{r4, r5, r7}
100020a2:	4770      	bx	lr
100020a4:	d0000000 	.word	0xd0000000

100020a8 <y64_x32>:
100020a8:	b5f0      	push	{r4, r5, r6, r7, lr}
100020aa:	4694      	mov	ip, r2
100020ac:	2500      	movs	r5, #0
100020ae:	0e14      	lsrs	r4, r2, #24
100020b0:	d101      	bne.n	100020b6 <y64_x32+0xe>
100020b2:	0212      	lsls	r2, r2, #8
100020b4:	3508      	adds	r5, #8
100020b6:	0f14      	lsrs	r4, r2, #28
100020b8:	d101      	bne.n	100020be <y64_x32+0x16>
100020ba:	0112      	lsls	r2, r2, #4
100020bc:	3504      	adds	r5, #4
100020be:	0f94      	lsrs	r4, r2, #30
100020c0:	d101      	bne.n	100020c6 <y64_x32+0x1e>
100020c2:	0092      	lsls	r2, r2, #2
100020c4:	3502      	adds	r5, #2
100020c6:	0fd4      	lsrs	r4, r2, #31
100020c8:	d101      	bne.n	100020ce <y64_x32+0x26>
100020ca:	0052      	lsls	r2, r2, #1
100020cc:	3501      	adds	r5, #1
100020ce:	0bd4      	lsrs	r4, r2, #15
100020d0:	3401      	adds	r4, #1
100020d2:	4f25      	ldr	r7, [pc, #148]	@ (10002168 <y64_x32+0xc0>)
100020d4:	667c      	str	r4, [r7, #100]	@ 0x64
100020d6:	4c25      	ldr	r4, [pc, #148]	@ (1000216c <y64_x32+0xc4>)
100020d8:	663c      	str	r4, [r7, #96]	@ 0x60
100020da:	0c0e      	lsrs	r6, r1, #16
100020dc:	b293      	uxth	r3, r2
100020de:	e7ff      	b.n	100020e0 <y64_x32+0x38>
100020e0:	e7ff      	b.n	100020e2 <y64_x32+0x3a>
100020e2:	e7ff      	b.n	100020e4 <y64_x32+0x3c>
100020e4:	6f3c      	ldr	r4, [r7, #112]	@ 0x70
100020e6:	4366      	muls	r6, r4
100020e8:	0c36      	lsrs	r6, r6, #16
100020ea:	0377      	lsls	r7, r6, #13
100020ec:	46be      	mov	lr, r7
100020ee:	4373      	muls	r3, r6
100020f0:	0bdf      	lsrs	r7, r3, #15
100020f2:	045b      	lsls	r3, r3, #17
100020f4:	1ac0      	subs	r0, r0, r3
100020f6:	41b9      	sbcs	r1, r7
100020f8:	0c13      	lsrs	r3, r2, #16
100020fa:	4373      	muls	r3, r6
100020fc:	18db      	adds	r3, r3, r3
100020fe:	1ac9      	subs	r1, r1, r3
10002100:	08ce      	lsrs	r6, r1, #3
10002102:	4366      	muls	r6, r4
10002104:	0c36      	lsrs	r6, r6, #16
10002106:	44b6      	add	lr, r6
10002108:	b293      	uxth	r3, r2
1000210a:	4373      	muls	r3, r6
1000210c:	0f1f      	lsrs	r7, r3, #28
1000210e:	011b      	lsls	r3, r3, #4
10002110:	1ac0      	subs	r0, r0, r3
10002112:	41b9      	sbcs	r1, r7
10002114:	0c13      	lsrs	r3, r2, #16
10002116:	4373      	muls	r3, r6
10002118:	0b1f      	lsrs	r7, r3, #12
1000211a:	051b      	lsls	r3, r3, #20
1000211c:	1ac0      	subs	r0, r0, r3
1000211e:	41b9      	sbcs	r1, r7
10002120:	0d86      	lsrs	r6, r0, #22
10002122:	028f      	lsls	r7, r1, #10
10002124:	433e      	orrs	r6, r7
10002126:	4366      	muls	r6, r4
10002128:	0c36      	lsrs	r6, r6, #16
1000212a:	2d09      	cmp	r5, #9
1000212c:	db24      	blt.n	10002178 <last0>
1000212e:	0a52      	lsrs	r2, r2, #9
10002130:	4372      	muls	r2, r6
10002132:	1a80      	subs	r0, r0, r2
10002134:	0377      	lsls	r7, r6, #13
10002136:	0a46      	lsrs	r6, r0, #9
10002138:	4366      	muls	r6, r4
1000213a:	0c36      	lsrs	r6, r6, #16
1000213c:	2316      	movs	r3, #22
1000213e:	1b5b      	subs	r3, r3, r5
10002140:	40de      	lsrs	r6, r3
10002142:	40df      	lsrs	r7, r3
10002144:	19bf      	adds	r7, r7, r6
10002146:	4664      	mov	r4, ip
10002148:	4366      	muls	r6, r4
1000214a:	1b82      	subs	r2, r0, r6
1000214c:	4670      	mov	r0, lr
1000214e:	3504      	adds	r5, #4
10002150:	3306      	adds	r3, #6
10002152:	0001      	movs	r1, r0
10002154:	40d9      	lsrs	r1, r3
10002156:	40a8      	lsls	r0, r5
10002158:	19c0      	adds	r0, r0, r7
1000215a:	d300      	bcc.n	1000215e <y64_x32+0xb6>
1000215c:	3101      	adds	r1, #1
1000215e:	42a2      	cmp	r2, r4
10002160:	d206      	bcs.n	10002170 <y64_x32+0xc8>
10002162:	2300      	movs	r3, #0
10002164:	bdf0      	pop	{r4, r5, r6, r7, pc}
10002166:	0000      	.short	0x0000
10002168:	d0000000 	.word	0xd0000000
1000216c:	ffffffff 	.word	0xffffffff
10002170:	1b12      	subs	r2, r2, r4
10002172:	3001      	adds	r0, #1
10002174:	d3f3      	bcc.n	1000215e <y64_x32+0xb6>
10002176:	e7f1      	b.n	1000215c <y64_x32+0xb4>

10002178 <last0>:
10002178:	2709      	movs	r7, #9
1000217a:	1b7f      	subs	r7, r7, r5
1000217c:	40fe      	lsrs	r6, r7
1000217e:	4664      	mov	r4, ip
10002180:	b2a2      	uxth	r2, r4
10002182:	4372      	muls	r2, r6
10002184:	1a80      	subs	r0, r0, r2
10002186:	d200      	bcs.n	1000218a <last0+0x12>
10002188:	3901      	subs	r1, #1
1000218a:	0c22      	lsrs	r2, r4, #16
1000218c:	4372      	muls	r2, r6
1000218e:	0c13      	lsrs	r3, r2, #16
10002190:	0412      	lsls	r2, r2, #16
10002192:	1a82      	subs	r2, r0, r2
10002194:	4199      	sbcs	r1, r3
10002196:	000b      	movs	r3, r1
10002198:	4670      	mov	r0, lr
1000219a:	3504      	adds	r5, #4
1000219c:	3713      	adds	r7, #19
1000219e:	0001      	movs	r1, r0
100021a0:	40f9      	lsrs	r1, r7
100021a2:	40a8      	lsls	r0, r5
100021a4:	1980      	adds	r0, r0, r6
100021a6:	d300      	bcc.n	100021aa <last0+0x32>
100021a8:	3101      	adds	r1, #1
100021aa:	2b00      	cmp	r3, #0
100021ac:	d102      	bne.n	100021b4 <last0+0x3c>
100021ae:	42a2      	cmp	r2, r4
100021b0:	d20a      	bcs.n	100021c8 <last0+0x50>
100021b2:	bdf0      	pop	{r4, r5, r6, r7, pc}
100021b4:	3001      	adds	r0, #1
100021b6:	d300      	bcc.n	100021ba <last0+0x42>
100021b8:	3101      	adds	r1, #1
100021ba:	1b12      	subs	r2, r2, r4
100021bc:	d2fa      	bcs.n	100021b4 <last0+0x3c>
100021be:	3b01      	subs	r3, #1
100021c0:	d1f8      	bne.n	100021b4 <last0+0x3c>
100021c2:	42a2      	cmp	r2, r4
100021c4:	d200      	bcs.n	100021c8 <last0+0x50>
100021c6:	bdf0      	pop	{r4, r5, r6, r7, pc}
100021c8:	3001      	adds	r0, #1
100021ca:	d300      	bcc.n	100021ce <last0+0x56>
100021cc:	3101      	adds	r1, #1
100021ce:	1b12      	subs	r2, r2, r4
100021d0:	e7f7      	b.n	100021c2 <last0+0x4a>

100021d2 <y64_x48>:
100021d2:	b5f0      	push	{r4, r5, r6, r7, lr}
100021d4:	0c1c      	lsrs	r4, r3, #16
100021d6:	d000      	beq.n	100021da <y64_x48+0x8>
100021d8:	e080      	b.n	100022dc <y64_x64>
100021da:	b40c      	push	{r2, r3}
100021dc:	2500      	movs	r5, #0
100021de:	0a1c      	lsrs	r4, r3, #8
100021e0:	d104      	bne.n	100021ec <y64_x48+0x1a>
100021e2:	021b      	lsls	r3, r3, #8
100021e4:	0e16      	lsrs	r6, r2, #24
100021e6:	4333      	orrs	r3, r6
100021e8:	0212      	lsls	r2, r2, #8
100021ea:	3508      	adds	r5, #8
100021ec:	0b1c      	lsrs	r4, r3, #12
100021ee:	d104      	bne.n	100021fa <y64_x48+0x28>
100021f0:	011b      	lsls	r3, r3, #4
100021f2:	0f16      	lsrs	r6, r2, #28
100021f4:	4333      	orrs	r3, r6
100021f6:	0112      	lsls	r2, r2, #4
100021f8:	3504      	adds	r5, #4
100021fa:	0b9c      	lsrs	r4, r3, #14
100021fc:	d104      	bne.n	10002208 <y64_x48+0x36>
100021fe:	009b      	lsls	r3, r3, #2
10002200:	0f96      	lsrs	r6, r2, #30
10002202:	4333      	orrs	r3, r6
10002204:	0092      	lsls	r2, r2, #2
10002206:	3502      	adds	r5, #2
10002208:	0bdc      	lsrs	r4, r3, #15
1000220a:	d102      	bne.n	10002212 <y64_x48+0x40>
1000220c:	1892      	adds	r2, r2, r2
1000220e:	415b      	adcs	r3, r3
10002210:	3501      	adds	r5, #1
10002212:	001c      	movs	r4, r3
10002214:	1897      	adds	r7, r2, r2
10002216:	4164      	adcs	r4, r4
10002218:	3401      	adds	r4, #1
1000221a:	4f46      	ldr	r7, [pc, #280]	@ (10002334 <y64_x64+0x58>)
1000221c:	667c      	str	r4, [r7, #100]	@ 0x64
1000221e:	4c46      	ldr	r4, [pc, #280]	@ (10002338 <y64_x64+0x5c>)
10002220:	663c      	str	r4, [r7, #96]	@ 0x60
10002222:	0c0e      	lsrs	r6, r1, #16
10002224:	e7ff      	b.n	10002226 <y64_x48+0x54>
10002226:	e7ff      	b.n	10002228 <y64_x48+0x56>
10002228:	e7ff      	b.n	1000222a <y64_x48+0x58>
1000222a:	46c0      	nop			@ (mov r8, r8)
1000222c:	6f3c      	ldr	r4, [r7, #112]	@ 0x70
1000222e:	4366      	muls	r6, r4
10002230:	0c36      	lsrs	r6, r6, #16
10002232:	0377      	lsls	r7, r6, #13
10002234:	46be      	mov	lr, r7
10002236:	b297      	uxth	r7, r2
10002238:	4377      	muls	r7, r6
1000223a:	1bc0      	subs	r0, r0, r7
1000223c:	d200      	bcs.n	10002240 <y64_x48+0x6e>
1000223e:	3901      	subs	r1, #1
10002240:	1bc0      	subs	r0, r0, r7
10002242:	d200      	bcs.n	10002246 <y64_x48+0x74>
10002244:	3901      	subs	r1, #1
10002246:	b29f      	uxth	r7, r3
10002248:	4377      	muls	r7, r6
1000224a:	1bc9      	subs	r1, r1, r7
1000224c:	1bc9      	subs	r1, r1, r7
1000224e:	0c17      	lsrs	r7, r2, #16
10002250:	4377      	muls	r7, r6
10002252:	047e      	lsls	r6, r7, #17
10002254:	0bff      	lsrs	r7, r7, #15
10002256:	1b80      	subs	r0, r0, r6
10002258:	41b9      	sbcs	r1, r7
1000225a:	08ce      	lsrs	r6, r1, #3
1000225c:	4366      	muls	r6, r4
1000225e:	0c36      	lsrs	r6, r6, #16
10002260:	2d0c      	cmp	r5, #12
10002262:	db33      	blt.n	100022cc <last1>
10002264:	44b6      	add	lr, r6
10002266:	0b12      	lsrs	r2, r2, #12
10002268:	051f      	lsls	r7, r3, #20
1000226a:	433a      	orrs	r2, r7
1000226c:	0b1b      	lsrs	r3, r3, #12
1000226e:	b297      	uxth	r7, r2
10002270:	4377      	muls	r7, r6
10002272:	1bc0      	subs	r0, r0, r7
10002274:	d200      	bcs.n	10002278 <y64_x48+0xa6>
10002276:	3901      	subs	r1, #1
10002278:	b29f      	uxth	r7, r3
1000227a:	4377      	muls	r7, r6
1000227c:	1bc9      	subs	r1, r1, r7
1000227e:	0c17      	lsrs	r7, r2, #16
10002280:	4377      	muls	r7, r6
10002282:	043e      	lsls	r6, r7, #16
10002284:	0c3f      	lsrs	r7, r7, #16
10002286:	1b80      	subs	r0, r0, r6
10002288:	41b9      	sbcs	r1, r7
1000228a:	0d86      	lsrs	r6, r0, #22
1000228c:	028f      	lsls	r7, r1, #10
1000228e:	433e      	orrs	r6, r7
10002290:	4366      	muls	r6, r4
10002292:	2729      	movs	r7, #41	@ 0x29
10002294:	1b7f      	subs	r7, r7, r5
10002296:	40fe      	lsrs	r6, r7
10002298:	3d0c      	subs	r5, #12
1000229a:	4677      	mov	r7, lr
1000229c:	40af      	lsls	r7, r5
1000229e:	19bf      	adds	r7, r7, r6
100022a0:	bc30      	pop	{r4, r5}
100022a2:	b2a2      	uxth	r2, r4
100022a4:	b2ab      	uxth	r3, r5
100022a6:	4372      	muls	r2, r6
100022a8:	4373      	muls	r3, r6
100022aa:	1a80      	subs	r0, r0, r2
100022ac:	4199      	sbcs	r1, r3
100022ae:	0c22      	lsrs	r2, r4, #16
100022b0:	4372      	muls	r2, r6
100022b2:	0c13      	lsrs	r3, r2, #16
100022b4:	0412      	lsls	r2, r2, #16
100022b6:	1a80      	subs	r0, r0, r2
100022b8:	4199      	sbcs	r1, r3
100022ba:	0002      	movs	r2, r0
100022bc:	000b      	movs	r3, r1
100022be:	3701      	adds	r7, #1
100022c0:	1b00      	subs	r0, r0, r4
100022c2:	41a9      	sbcs	r1, r5
100022c4:	d2f9      	bcs.n	100022ba <y64_x48+0xe8>
100022c6:	1e78      	subs	r0, r7, #1
100022c8:	2100      	movs	r1, #0
100022ca:	bdf0      	pop	{r4, r5, r6, r7, pc}

100022cc <last1>:
100022cc:	270c      	movs	r7, #12
100022ce:	1b7f      	subs	r7, r7, r5
100022d0:	40fe      	lsrs	r6, r7
100022d2:	4677      	mov	r7, lr
100022d4:	0b7f      	lsrs	r7, r7, #13
100022d6:	40af      	lsls	r7, r5
100022d8:	19ff      	adds	r7, r7, r7
100022da:	e7e0      	b.n	1000229e <y64_x48+0xcc>

100022dc <y64_x64>:
100022dc:	2400      	movs	r4, #0
100022de:	1c5d      	adds	r5, r3, #1
100022e0:	d007      	beq.n	100022f2 <y64_x64+0x16>
100022e2:	4f14      	ldr	r7, [pc, #80]	@ (10002334 <y64_x64+0x58>)
100022e4:	667d      	str	r5, [r7, #100]	@ 0x64
100022e6:	6639      	str	r1, [r7, #96]	@ 0x60
100022e8:	e7ff      	b.n	100022ea <y64_x64+0xe>
100022ea:	e7ff      	b.n	100022ec <y64_x64+0x10>
100022ec:	e7ff      	b.n	100022ee <y64_x64+0x12>
100022ee:	e7ff      	b.n	100022f0 <y64_x64+0x14>
100022f0:	6f3c      	ldr	r4, [r7, #112]	@ 0x70
100022f2:	b295      	uxth	r5, r2
100022f4:	b29e      	uxth	r6, r3
100022f6:	4365      	muls	r5, r4
100022f8:	4366      	muls	r6, r4
100022fa:	1b40      	subs	r0, r0, r5
100022fc:	41b1      	sbcs	r1, r6
100022fe:	0c15      	lsrs	r5, r2, #16
10002300:	0c1e      	lsrs	r6, r3, #16
10002302:	4365      	muls	r5, r4
10002304:	4366      	muls	r6, r4
10002306:	0436      	lsls	r6, r6, #16
10002308:	0c2f      	lsrs	r7, r5, #16
1000230a:	433e      	orrs	r6, r7
1000230c:	042d      	lsls	r5, r5, #16
1000230e:	1b40      	subs	r0, r0, r5
10002310:	41b1      	sbcs	r1, r6
10002312:	4299      	cmp	r1, r3
10002314:	d204      	bcs.n	10002320 <y64_x64+0x44>
10002316:	0002      	movs	r2, r0
10002318:	000b      	movs	r3, r1
1000231a:	0020      	movs	r0, r4
1000231c:	2100      	movs	r1, #0
1000231e:	bdf0      	pop	{r4, r5, r6, r7, pc}
10002320:	d101      	bne.n	10002326 <y64_x64+0x4a>
10002322:	4290      	cmp	r0, r2
10002324:	d3f7      	bcc.n	10002316 <y64_x64+0x3a>
10002326:	1a80      	subs	r0, r0, r2
10002328:	4199      	sbcs	r1, r3
1000232a:	3401      	adds	r4, #1
1000232c:	4299      	cmp	r1, r3
1000232e:	d3f2      	bcc.n	10002316 <y64_x64+0x3a>
10002330:	e7f6      	b.n	10002320 <y64_x64+0x44>
10002332:	0000      	.short	0x0000
10002334:	d0000000 	.word	0xd0000000
10002338:	ffffffff 	.word	0xffffffff

1000233c <__wrap___aeabi_drsub>:
1000233c:	4048      	eors	r0, r1
1000233e:	4041      	eors	r1, r0
10002340:	4048      	eors	r0, r1

10002342 <__wrap___aeabi_dsub>:
10002342:	b418      	push	{r3, r4}
10002344:	4b13      	ldr	r3, [pc, #76]	@ (10002394 <__wrap___aeabi_dmul+0xa>)
10002346:	685b      	ldr	r3, [r3, #4]
10002348:	9301      	str	r3, [sp, #4]
1000234a:	bd08      	pop	{r3, pc}

1000234c <__wrap___aeabi_dadd>:
1000234c:	b418      	push	{r3, r4}
1000234e:	4b11      	ldr	r3, [pc, #68]	@ (10002394 <__wrap___aeabi_dmul+0xa>)
10002350:	681b      	ldr	r3, [r3, #0]
10002352:	9301      	str	r3, [sp, #4]
10002354:	bd08      	pop	{r3, pc}

10002356 <__wrap___aeabi_ddiv>:
10002356:	4694      	mov	ip, r2
10002358:	4a0f      	ldr	r2, [pc, #60]	@ (10002398 <__wrap___aeabi_dmul+0xe>)
1000235a:	6f92      	ldr	r2, [r2, #120]	@ 0x78
1000235c:	0892      	lsrs	r2, r2, #2
1000235e:	d205      	bcs.n	1000236c <ddiv_save_state>
10002360:	4662      	mov	r2, ip

10002362 <ddiv_shim_call>:
10002362:	b418      	push	{r3, r4}
10002364:	4b0b      	ldr	r3, [pc, #44]	@ (10002394 <__wrap___aeabi_dmul+0xa>)
10002366:	68db      	ldr	r3, [r3, #12]
10002368:	9301      	str	r3, [sp, #4]
1000236a:	bd08      	pop	{r3, pc}

1000236c <ddiv_save_state>:
1000236c:	4a0a      	ldr	r2, [pc, #40]	@ (10002398 <__wrap___aeabi_dmul+0xe>)
1000236e:	b5f0      	push	{r4, r5, r6, r7, lr}
10002370:	6e14      	ldr	r4, [r2, #96]	@ 0x60
10002372:	6e55      	ldr	r5, [r2, #100]	@ 0x64
10002374:	6f57      	ldr	r7, [r2, #116]	@ 0x74
10002376:	6f16      	ldr	r6, [r2, #112]	@ 0x70
10002378:	4662      	mov	r2, ip
1000237a:	f7ff fff2 	bl	10002362 <ddiv_shim_call>
1000237e:	4a06      	ldr	r2, [pc, #24]	@ (10002398 <__wrap___aeabi_dmul+0xe>)
10002380:	6614      	str	r4, [r2, #96]	@ 0x60
10002382:	6655      	str	r5, [r2, #100]	@ 0x64
10002384:	6757      	str	r7, [r2, #116]	@ 0x74
10002386:	6716      	str	r6, [r2, #112]	@ 0x70
10002388:	bdf0      	pop	{r4, r5, r6, r7, pc}

1000238a <__wrap___aeabi_dmul>:
1000238a:	b418      	push	{r3, r4}
1000238c:	4b01      	ldr	r3, [pc, #4]	@ (10002394 <__wrap___aeabi_dmul+0xa>)
1000238e:	689b      	ldr	r3, [r3, #8]
10002390:	9301      	str	r3, [sp, #4]
10002392:	bd08      	pop	{r3, pc}
10002394:	20016888 	.word	0x20016888
10002398:	d0000000 	.word	0xd0000000

1000239c <__wrap___aeabi_cdrcmple>:
1000239c:	b5ff      	push	{r0, r1, r2, r3, r4, r5, r6, r7, lr}
1000239e:	4050      	eors	r0, r2
100023a0:	4042      	eors	r2, r0
100023a2:	4050      	eors	r0, r2
100023a4:	4059      	eors	r1, r3
100023a6:	404b      	eors	r3, r1
100023a8:	4059      	eors	r1, r3
100023aa:	e000      	b.n	100023ae <__aeabi_dfcmple_guts>

100023ac <__wrap___aeabi_cdcmpeq>:
100023ac:	b5ff      	push	{r0, r1, r2, r3, r4, r5, r6, r7, lr}

100023ae <__aeabi_dfcmple_guts>:
100023ae:	4f15      	ldr	r7, [pc, #84]	@ (10002404 <__aeabi_dfcmple_guts+0x56>)
100023b0:	004c      	lsls	r4, r1, #1
100023b2:	0d64      	lsrs	r4, r4, #21
100023b4:	d003      	beq.n	100023be <__aeabi_dfcmple_guts+0x10>
100023b6:	42bc      	cmp	r4, r7
100023b8:	d104      	bne.n	100023c4 <__aeabi_dfcmple_guts+0x16>
100023ba:	030c      	lsls	r4, r1, #12
100023bc:	d814      	bhi.n	100023e8 <__aeabi_dfcmple_guts+0x3a>
100023be:	2000      	movs	r0, #0
100023c0:	0d09      	lsrs	r1, r1, #20
100023c2:	0509      	lsls	r1, r1, #20
100023c4:	005c      	lsls	r4, r3, #1
100023c6:	0d64      	lsrs	r4, r4, #21
100023c8:	d003      	beq.n	100023d2 <__aeabi_dfcmple_guts+0x24>
100023ca:	42bc      	cmp	r4, r7
100023cc:	d104      	bne.n	100023d8 <__aeabi_dfcmple_guts+0x2a>
100023ce:	031c      	lsls	r4, r3, #12
100023d0:	d80a      	bhi.n	100023e8 <__aeabi_dfcmple_guts+0x3a>
100023d2:	2200      	movs	r2, #0
100023d4:	0d1b      	lsrs	r3, r3, #20
100023d6:	051b      	lsls	r3, r3, #20
100023d8:	2601      	movs	r6, #1
100023da:	404b      	eors	r3, r1
100023dc:	d409      	bmi.n	100023f2 <__aeabi_dfcmple_guts+0x44>
100023de:	404b      	eors	r3, r1
100023e0:	d503      	bpl.n	100023ea <__aeabi_dfcmple_guts+0x3c>
100023e2:	428b      	cmp	r3, r1
100023e4:	d100      	bne.n	100023e8 <__aeabi_dfcmple_guts+0x3a>
100023e6:	4282      	cmp	r2, r0
100023e8:	bdff      	pop	{r0, r1, r2, r3, r4, r5, r6, r7, pc}
100023ea:	4299      	cmp	r1, r3
100023ec:	d1fc      	bne.n	100023e8 <__aeabi_dfcmple_guts+0x3a>
100023ee:	4290      	cmp	r0, r2
100023f0:	bdff      	pop	{r0, r1, r2, r3, r4, r5, r6, r7, pc}
100023f2:	430b      	orrs	r3, r1
100023f4:	18db      	adds	r3, r3, r3
100023f6:	4303      	orrs	r3, r0
100023f8:	4313      	orrs	r3, r2
100023fa:	d0f5      	beq.n	100023e8 <__aeabi_dfcmple_guts+0x3a>
100023fc:	43c9      	mvns	r1, r1
100023fe:	1849      	adds	r1, r1, r1
10002400:	bdff      	pop	{r0, r1, r2, r3, r4, r5, r6, r7, pc}
10002402:	0000      	.short	0x0000
10002404:	000007ff 	.word	0x000007ff

10002408 <__wrap___aeabi_dcmplt>:
10002408:	b500      	push	{lr}
1000240a:	f7ff ffcf 	bl	100023ac <__wrap___aeabi_cdcmpeq>
1000240e:	4180      	sbcs	r0, r0
10002410:	bd00      	pop	{pc}
10002412:	46c0      	nop			@ (mov r8, r8)

10002414 <__wrap___aeabi_dcmple>:
10002414:	b500      	push	{lr}
10002416:	f7ff ffc9 	bl	100023ac <__wrap___aeabi_cdcmpeq>
1000241a:	d901      	bls.n	10002420 <__wrap___aeabi_dcmple+0xc>
1000241c:	2000      	movs	r0, #0
1000241e:	bd00      	pop	{pc}
10002420:	2001      	movs	r0, #1
10002422:	bd00      	pop	{pc}

10002424 <__wrap___aeabi_dcmpge>:
10002424:	b500      	push	{lr}
10002426:	f7ff ffb9 	bl	1000239c <__wrap___aeabi_cdrcmple>
1000242a:	d901      	bls.n	10002430 <__wrap___aeabi_dcmpge+0xc>
1000242c:	2000      	movs	r0, #0
1000242e:	bd00      	pop	{pc}
10002430:	2001      	movs	r0, #1
10002432:	bd00      	pop	{pc}

10002434 <__wrap___aeabi_dcmpgt>:
10002434:	b500      	push	{lr}
10002436:	f7ff ffb1 	bl	1000239c <__wrap___aeabi_cdrcmple>
1000243a:	4180      	sbcs	r0, r0
1000243c:	bd00      	pop	{pc}

1000243e <__wrap___aeabi_dcmpun>:
1000243e:	2001      	movs	r0, #1
10002440:	0540      	lsls	r0, r0, #21
10002442:	004a      	lsls	r2, r1, #1
10002444:	1812      	adds	r2, r2, r0
10002446:	d804      	bhi.n	10002452 <__wrap___aeabi_dcmpun+0x14>
10002448:	005a      	lsls	r2, r3, #1
1000244a:	1812      	adds	r2, r2, r0
1000244c:	d801      	bhi.n	10002452 <__wrap___aeabi_dcmpun+0x14>
1000244e:	2000      	movs	r0, #0
10002450:	4770      	bx	lr
10002452:	2001      	movs	r0, #1
10002454:	4770      	bx	lr
	...

10002458 <__wrap___aeabi_ui2d>:
10002458:	2100      	movs	r1, #0
1000245a:	2800      	cmp	r0, #0
1000245c:	d105      	bne.n	1000246a <__wrap___aeabi_i2d+0xa>
1000245e:	4770      	bx	lr

10002460 <__wrap___aeabi_i2d>:
10002460:	17c1      	asrs	r1, r0, #31
10002462:	4048      	eors	r0, r1
10002464:	1a40      	subs	r0, r0, r1
10002466:	d0fa      	beq.n	1000245e <__wrap___aeabi_ui2d+0x6>
10002468:	07c9      	lsls	r1, r1, #31
1000246a:	b513      	push	{r0, r1, r4, lr}
1000246c:	4b06      	ldr	r3, [pc, #24]	@ (10002488 <__wrap___aeabi_i2d+0x28>)
1000246e:	681b      	ldr	r3, [r3, #0]
10002470:	4798      	blx	r3
10002472:	bc0c      	pop	{r2, r3}
10002474:	1c44      	adds	r4, r0, #1
10002476:	40a2      	lsls	r2, r4
10002478:	0510      	lsls	r0, r2, #20
1000247a:	0b12      	lsrs	r2, r2, #12
1000247c:	4903      	ldr	r1, [pc, #12]	@ (1000248c <__wrap___aeabi_i2d+0x2c>)
1000247e:	1b09      	subs	r1, r1, r4
10002480:	0509      	lsls	r1, r1, #20
10002482:	4319      	orrs	r1, r3
10002484:	4311      	orrs	r1, r2
10002486:	bd10      	pop	{r4, pc}
10002488:	20016988 	.word	0x20016988
1000248c:	0000041f 	.word	0x0000041f

10002490 <__wrap___aeabi_d2iz>:
10002490:	b510      	push	{r4, lr}
10002492:	004c      	lsls	r4, r1, #1
10002494:	0d62      	lsrs	r2, r4, #21
10002496:	2380      	movs	r3, #128	@ 0x80
10002498:	18d2      	adds	r2, r2, r3
1000249a:	00db      	lsls	r3, r3, #3
1000249c:	1ad2      	subs	r2, r2, r3
1000249e:	055b      	lsls	r3, r3, #21
100024a0:	2a7e      	cmp	r2, #126	@ 0x7e
100024a2:	dd10      	ble.n	100024c6 <__wrap___aeabi_d2iz+0x36>
100024a4:	3a9e      	subs	r2, #158	@ 0x9e
100024a6:	da13      	bge.n	100024d0 <__wrap___aeabi_d2iz+0x40>
100024a8:	17cc      	asrs	r4, r1, #31
100024aa:	0309      	lsls	r1, r1, #12
100024ac:	0849      	lsrs	r1, r1, #1
100024ae:	4319      	orrs	r1, r3
100024b0:	4252      	negs	r2, r2
100024b2:	40d1      	lsrs	r1, r2
100024b4:	0064      	lsls	r4, r4, #1
100024b6:	3401      	adds	r4, #1
100024b8:	3215      	adds	r2, #21
100024ba:	2a20      	cmp	r2, #32
100024bc:	da05      	bge.n	100024ca <__wrap___aeabi_d2iz+0x3a>
100024be:	40d0      	lsrs	r0, r2
100024c0:	4308      	orrs	r0, r1
100024c2:	4360      	muls	r0, r4
100024c4:	bd10      	pop	{r4, pc}
100024c6:	2000      	movs	r0, #0
100024c8:	bd10      	pop	{r4, pc}
100024ca:	4608      	mov	r0, r1
100024cc:	4360      	muls	r0, r4
100024ce:	bd10      	pop	{r4, pc}
100024d0:	0fc8      	lsrs	r0, r1, #31
100024d2:	18c0      	adds	r0, r0, r3
100024d4:	3801      	subs	r0, #1
100024d6:	bd10      	pop	{r4, pc}

100024d8 <__wrap___aeabi_d2uiz>:
100024d8:	b418      	push	{r3, r4}
100024da:	4b02      	ldr	r3, [pc, #8]	@ (100024e4 <__wrap___aeabi_d2uiz+0xc>)
100024dc:	6a5b      	ldr	r3, [r3, #36]	@ 0x24
100024de:	9301      	str	r3, [sp, #4]
100024e0:	bd08      	pop	{r3, pc}
100024e2:	0000      	.short	0x0000
100024e4:	20016888 	.word	0x20016888

100024e8 <missing_double_func_shim>:
100024e8:	b510      	push	{r4, lr}
100024ea:	4801      	ldr	r0, [pc, #4]	@ (100024f0 <missing_double_func_shim+0x8>)
100024ec:	f7fe f87e 	bl	100005ec <panic>
100024f0:	100080d0 	.word	0x100080d0

100024f4 <__aeabi_double_init>:
100024f4:	b570      	push	{r4, r5, r6, lr}
100024f6:	2313      	movs	r3, #19
100024f8:	781c      	ldrb	r4, [r3, #0]
100024fa:	2c01      	cmp	r4, #1
100024fc:	d012      	beq.n	10002524 <__aeabi_double_init+0x30>
100024fe:	2c01      	cmp	r4, #1
10002500:	dc12      	bgt.n	10002528 <__aeabi_double_init+0x34>
10002502:	4b21      	ldr	r3, [pc, #132]	@ (10002588 <__aeabi_double_init+0x94>)
10002504:	4a21      	ldr	r2, [pc, #132]	@ (1000258c <__aeabi_double_init+0x98>)
10002506:	6493      	str	r3, [r2, #72]	@ 0x48
10002508:	4821      	ldr	r0, [pc, #132]	@ (10002590 <__aeabi_double_init+0x9c>)
1000250a:	f7ff fb65 	bl	10001bd8 <rom_func_lookup>
1000250e:	4b21      	ldr	r3, [pc, #132]	@ (10002594 <__aeabi_double_init+0xa0>)
10002510:	6018      	str	r0, [r3, #0]
10002512:	bd70      	pop	{r4, r5, r6, pc}
10002514:	4920      	ldr	r1, [pc, #128]	@ (10002598 <__aeabi_double_init+0xa4>)
10002516:	4a1d      	ldr	r2, [pc, #116]	@ (1000258c <__aeabi_double_init+0x98>)
10002518:	0098      	lsls	r0, r3, #2
1000251a:	5081      	str	r1, [r0, r2]
1000251c:	3301      	adds	r3, #1
1000251e:	2b1f      	cmp	r3, #31
10002520:	d9f8      	bls.n	10002514 <__aeabi_double_init+0x20>
10002522:	e7ec      	b.n	100024fe <__aeabi_double_init+0xa>
10002524:	2300      	movs	r3, #0
10002526:	e7fa      	b.n	1000251e <__aeabi_double_init+0x2a>
10002528:	481c      	ldr	r0, [pc, #112]	@ (1000259c <__aeabi_double_init+0xa8>)
1000252a:	f7ff fb5d 	bl	10001be8 <rom_data_lookup>
1000252e:	0005      	movs	r5, r0
10002530:	481b      	ldr	r0, [pc, #108]	@ (100025a0 <__aeabi_double_init+0xac>)
10002532:	f7ff fb59 	bl	10001be8 <rom_data_lookup>
10002536:	3802      	subs	r0, #2
10002538:	7803      	ldrb	r3, [r0, #0]
1000253a:	009b      	lsls	r3, r3, #2
1000253c:	2b7f      	cmp	r3, #127	@ 0x7f
1000253e:	dd09      	ble.n	10002554 <__aeabi_double_init+0x60>
10002540:	4812      	ldr	r0, [pc, #72]	@ (1000258c <__aeabi_double_init+0x98>)
10002542:	2280      	movs	r2, #128	@ 0x80
10002544:	0029      	movs	r1, r5
10002546:	f000 f87f 	bl	10002648 <__wrap___aeabi_memcpy>
1000254a:	2c02      	cmp	r4, #2
1000254c:	d008      	beq.n	10002560 <__aeabi_double_init+0x6c>
1000254e:	2c02      	cmp	r4, #2
10002550:	dcda      	bgt.n	10002508 <__aeabi_double_init+0x14>
10002552:	e7d6      	b.n	10002502 <__aeabi_double_init+0xe>
10002554:	4b13      	ldr	r3, [pc, #76]	@ (100025a4 <__aeabi_double_init+0xb0>)
10002556:	4a14      	ldr	r2, [pc, #80]	@ (100025a8 <__aeabi_double_init+0xb4>)
10002558:	4814      	ldr	r0, [pc, #80]	@ (100025ac <__aeabi_double_init+0xb8>)
1000255a:	2134      	movs	r1, #52	@ 0x34
1000255c:	f001 f96e 	bl	1000383c <__assert_func>
10002560:	4b13      	ldr	r3, [pc, #76]	@ (100025b0 <__aeabi_double_init+0xbc>)
10002562:	881a      	ldrh	r2, [r3, #0]
10002564:	23b5      	movs	r3, #181	@ 0xb5
10002566:	021b      	lsls	r3, r3, #8
10002568:	429a      	cmp	r2, r3
1000256a:	d109      	bne.n	10002580 <__aeabi_double_init+0x8c>
1000256c:	4b11      	ldr	r3, [pc, #68]	@ (100025b4 <__aeabi_double_init+0xc0>)
1000256e:	881a      	ldrh	r2, [r3, #0]
10002570:	4b11      	ldr	r3, [pc, #68]	@ (100025b8 <__aeabi_double_init+0xc4>)
10002572:	429a      	cmp	r2, r3
10002574:	d104      	bne.n	10002580 <__aeabi_double_init+0x8c>
10002576:	4b11      	ldr	r3, [pc, #68]	@ (100025bc <__aeabi_double_init+0xc8>)
10002578:	881a      	ldrh	r2, [r3, #0]
1000257a:	4b11      	ldr	r3, [pc, #68]	@ (100025c0 <__aeabi_double_init+0xcc>)
1000257c:	429a      	cmp	r2, r3
1000257e:	d0e6      	beq.n	1000254e <__aeabi_double_init+0x5a>
10002580:	2000      	movs	r0, #0
10002582:	f7fe f833 	bl	100005ec <panic>
10002586:	46c0      	nop			@ (mov r8, r8)
10002588:	100025c5 	.word	0x100025c5
1000258c:	20016888 	.word	0x20016888
10002590:	0000334c 	.word	0x0000334c
10002594:	20016988 	.word	0x20016988
10002598:	100024e9 	.word	0x100024e9
1000259c:	00004453 	.word	0x00004453
100025a0:	00004653 	.word	0x00004653
100025a4:	100080e8 	.word	0x100080e8
100025a8:	1000892c 	.word	0x1000892c
100025ac:	1000812c 	.word	0x1000812c
100025b0:	00003854 	.word	0x00003854
100025b4:	000038d8 	.word	0x000038d8
100025b8:	00004649 	.word	0x00004649
100025bc:	0000389c 	.word	0x0000389c
100025c0:	00004659 	.word	0x00004659

100025c4 <double_table_shim_on_use_helper>:
100025c4:	b507      	push	{r0, r1, r2, lr}
100025c6:	4660      	mov	r0, ip
100025c8:	2800      	cmp	r0, #0
100025ca:	d100      	bne.n	100025ce <double_table_shim_on_use_helper+0xa>
100025cc:	be00      	bkpt	0x0000
100025ce:	8801      	ldrh	r1, [r0, #0]
100025d0:	0a0a      	lsrs	r2, r1, #8
100025d2:	3002      	adds	r0, #2
100025d4:	2adf      	cmp	r2, #223	@ 0xdf
100025d6:	d1fa      	bne.n	100025ce <double_table_shim_on_use_helper+0xa>
100025d8:	b2c9      	uxtb	r1, r1
100025da:	0882      	lsrs	r2, r0, #2
100025dc:	d304      	bcc.n	100025e8 <double_table_shim_on_use_helper+0x24>
100025de:	8802      	ldrh	r2, [r0, #0]
100025e0:	8840      	ldrh	r0, [r0, #2]
100025e2:	0400      	lsls	r0, r0, #16
100025e4:	4310      	orrs	r0, r2
100025e6:	e000      	b.n	100025ea <double_table_shim_on_use_helper+0x26>
100025e8:	6800      	ldr	r0, [r0, #0]
100025ea:	4a02      	ldr	r2, [pc, #8]	@ (100025f4 <double_table_shim_on_use_helper+0x30>)
100025ec:	5050      	str	r0, [r2, r1]
100025ee:	9003      	str	r0, [sp, #12]
100025f0:	bd07      	pop	{r0, r1, r2, pc}
100025f2:	0000      	.short	0x0000
100025f4:	20016888 	.word	0x20016888

100025f8 <__wrap___aeabi_lmul>:
100025f8:	4351      	muls	r1, r2
100025fa:	4343      	muls	r3, r0
100025fc:	18c9      	adds	r1, r1, r3
100025fe:	468c      	mov	ip, r1
10002600:	0c11      	lsrs	r1, r2, #16
10002602:	b283      	uxth	r3, r0
10002604:	434b      	muls	r3, r1
10002606:	b410      	push	{r4}
10002608:	0c04      	lsrs	r4, r0, #16
1000260a:	4361      	muls	r1, r4
1000260c:	b292      	uxth	r2, r2
1000260e:	b280      	uxth	r0, r0
10002610:	4350      	muls	r0, r2
10002612:	4362      	muls	r2, r4
10002614:	041c      	lsls	r4, r3, #16
10002616:	0c1b      	lsrs	r3, r3, #16
10002618:	1900      	adds	r0, r0, r4
1000261a:	bc10      	pop	{r4}
1000261c:	4159      	adcs	r1, r3
1000261e:	0413      	lsls	r3, r2, #16
10002620:	0c12      	lsrs	r2, r2, #16
10002622:	18c0      	adds	r0, r0, r3
10002624:	4151      	adcs	r1, r2
10002626:	4461      	add	r1, ip
10002628:	4770      	bx	lr
	...

1000262c <__aeabi_mem_init>:
1000262c:	4801      	ldr	r0, [pc, #4]	@ (10002634 <__aeabi_mem_init+0x8>)
1000262e:	2104      	movs	r1, #4
10002630:	4b01      	ldr	r3, [pc, #4]	@ (10002638 <__aeabi_mem_init+0xc>)
10002632:	4718      	bx	r3
10002634:	20000c90 	.word	0x20000c90
10002638:	10001bf9 	.word	0x10001bf9

1000263c <__wrap_memset>:
1000263c:	4b01      	ldr	r3, [pc, #4]	@ (10002644 <__wrap_memset+0x8>)
1000263e:	681b      	ldr	r3, [r3, #0]
10002640:	4718      	bx	r3
10002642:	0000      	.short	0x0000
10002644:	20000c90 	.word	0x20000c90

10002648 <__wrap___aeabi_memcpy>:
10002648:	4b01      	ldr	r3, [pc, #4]	@ (10002650 <__wrap___aeabi_memcpy+0x8>)
1000264a:	685b      	ldr	r3, [r3, #4]
1000264c:	4718      	bx	r3
1000264e:	0000      	.short	0x0000
10002650:	20000c90 	.word	0x20000c90

10002654 <_out_null>:
10002654:	4770      	bx	lr

10002656 <_out_fct>:
10002656:	b510      	push	{r4, lr}
10002658:	2800      	cmp	r0, #0
1000265a:	d002      	beq.n	10002662 <_out_fct+0xc>
1000265c:	680b      	ldr	r3, [r1, #0]
1000265e:	6849      	ldr	r1, [r1, #4]
10002660:	4798      	blx	r3
10002662:	bd10      	pop	{r4, pc}

10002664 <_atoi>:
10002664:	0001      	movs	r1, r0
10002666:	2000      	movs	r0, #0
10002668:	e007      	b.n	1000267a <_atoi+0x16>
1000266a:	0083      	lsls	r3, r0, #2
1000266c:	181b      	adds	r3, r3, r0
1000266e:	005b      	lsls	r3, r3, #1
10002670:	1c50      	adds	r0, r2, #1
10002672:	6008      	str	r0, [r1, #0]
10002674:	7810      	ldrb	r0, [r2, #0]
10002676:	18c0      	adds	r0, r0, r3
10002678:	3830      	subs	r0, #48	@ 0x30
1000267a:	680a      	ldr	r2, [r1, #0]
1000267c:	7813      	ldrb	r3, [r2, #0]
1000267e:	3b30      	subs	r3, #48	@ 0x30
10002680:	b2db      	uxtb	r3, r3
10002682:	2b09      	cmp	r3, #9
10002684:	d9f1      	bls.n	1000266a <_atoi+0x6>
10002686:	4770      	bx	lr

10002688 <_out_rev>:
10002688:	b5f0      	push	{r4, r5, r6, r7, lr}
1000268a:	46d6      	mov	lr, sl
1000268c:	464f      	mov	r7, r9
1000268e:	4646      	mov	r6, r8
10002690:	b5c0      	push	{r6, r7, lr}
10002692:	0005      	movs	r5, r0
10002694:	000e      	movs	r6, r1
10002696:	4691      	mov	r9, r2
10002698:	001f      	movs	r7, r3
1000269a:	9c09      	ldr	r4, [sp, #36]	@ 0x24
1000269c:	9b0b      	ldr	r3, [sp, #44]	@ 0x2c
1000269e:	2202      	movs	r2, #2
100026a0:	0011      	movs	r1, r2
100026a2:	4019      	ands	r1, r3
100026a4:	468a      	mov	sl, r1
100026a6:	421a      	tst	r2, r3
100026a8:	d101      	bne.n	100026ae <_out_rev+0x26>
100026aa:	07db      	lsls	r3, r3, #31
100026ac:	d516      	bpl.n	100026dc <_out_rev+0x54>
100026ae:	464a      	mov	r2, r9
100026b0:	46b8      	mov	r8, r7
100026b2:	0037      	movs	r7, r6
100026b4:	002e      	movs	r6, r5
100026b6:	e01f      	b.n	100026f8 <_out_rev+0x70>
100026b8:	1c55      	adds	r5, r2, #1
100026ba:	0033      	movs	r3, r6
100026bc:	4641      	mov	r1, r8
100026be:	2020      	movs	r0, #32
100026c0:	47b8      	blx	r7
100026c2:	3401      	adds	r4, #1
100026c4:	002a      	movs	r2, r5
100026c6:	9b0a      	ldr	r3, [sp, #40]	@ 0x28
100026c8:	429c      	cmp	r4, r3
100026ca:	d3f5      	bcc.n	100026b8 <_out_rev+0x30>
100026cc:	003d      	movs	r5, r7
100026ce:	0037      	movs	r7, r6
100026d0:	4646      	mov	r6, r8
100026d2:	9c09      	ldr	r4, [sp, #36]	@ 0x24
100026d4:	46b8      	mov	r8, r7
100026d6:	0037      	movs	r7, r6
100026d8:	002e      	movs	r6, r5
100026da:	e00d      	b.n	100026f8 <_out_rev+0x70>
100026dc:	464a      	mov	r2, r9
100026de:	46b0      	mov	r8, r6
100026e0:	003e      	movs	r6, r7
100026e2:	0007      	movs	r7, r0
100026e4:	9409      	str	r4, [sp, #36]	@ 0x24
100026e6:	e7ee      	b.n	100026c6 <_out_rev+0x3e>
100026e8:	3c01      	subs	r4, #1
100026ea:	1c55      	adds	r5, r2, #1
100026ec:	9b08      	ldr	r3, [sp, #32]
100026ee:	5d18      	ldrb	r0, [r3, r4]
100026f0:	4643      	mov	r3, r8
100026f2:	0039      	movs	r1, r7
100026f4:	47b0      	blx	r6
100026f6:	002a      	movs	r2, r5
100026f8:	2c00      	cmp	r4, #0
100026fa:	d1f5      	bne.n	100026e8 <_out_rev+0x60>
100026fc:	0035      	movs	r5, r6
100026fe:	003e      	movs	r6, r7
10002700:	4647      	mov	r7, r8
10002702:	4653      	mov	r3, sl
10002704:	2b00      	cmp	r3, #0
10002706:	d111      	bne.n	1000272c <_out_rev+0xa4>
10002708:	0010      	movs	r0, r2
1000270a:	bce0      	pop	{r5, r6, r7}
1000270c:	46ba      	mov	sl, r7
1000270e:	46b1      	mov	r9, r6
10002710:	46a8      	mov	r8, r5
10002712:	bdf0      	pop	{r4, r5, r6, r7, pc}
10002714:	1c54      	adds	r4, r2, #1
10002716:	0033      	movs	r3, r6
10002718:	0029      	movs	r1, r5
1000271a:	2020      	movs	r0, #32
1000271c:	47b8      	blx	r7
1000271e:	0022      	movs	r2, r4
10002720:	464b      	mov	r3, r9
10002722:	1ad3      	subs	r3, r2, r3
10002724:	990a      	ldr	r1, [sp, #40]	@ 0x28
10002726:	428b      	cmp	r3, r1
10002728:	d3f4      	bcc.n	10002714 <_out_rev+0x8c>
1000272a:	e7ed      	b.n	10002708 <_out_rev+0x80>
1000272c:	003b      	movs	r3, r7
1000272e:	002f      	movs	r7, r5
10002730:	0035      	movs	r5, r6
10002732:	001e      	movs	r6, r3
10002734:	e7f4      	b.n	10002720 <_out_rev+0x98>

10002736 <_ntoa_format>:
10002736:	b5f0      	push	{r4, r5, r6, r7, lr}
10002738:	46ce      	mov	lr, r9
1000273a:	4647      	mov	r7, r8
1000273c:	b580      	push	{r7, lr}
1000273e:	b085      	sub	sp, #20
10002740:	0006      	movs	r6, r0
10002742:	000f      	movs	r7, r1
10002744:	4690      	mov	r8, r2
10002746:	4699      	mov	r9, r3
10002748:	9a0c      	ldr	r2, [sp, #48]	@ 0x30
1000274a:	9b0d      	ldr	r3, [sp, #52]	@ 0x34
1000274c:	a90e      	add	r1, sp, #56	@ 0x38
1000274e:	7809      	ldrb	r1, [r1, #0]
10002750:	468c      	mov	ip, r1
10002752:	9d10      	ldr	r5, [sp, #64]	@ 0x40
10002754:	9c11      	ldr	r4, [sp, #68]	@ 0x44
10002756:	9912      	ldr	r1, [sp, #72]	@ 0x48
10002758:	0788      	lsls	r0, r1, #30
1000275a:	d41c      	bmi.n	10002796 <_ntoa_format+0x60>
1000275c:	2c00      	cmp	r4, #0
1000275e:	d00c      	beq.n	1000277a <_ntoa_format+0x44>
10002760:	07c8      	lsls	r0, r1, #31
10002762:	d50a      	bpl.n	1000277a <_ntoa_format+0x44>
10002764:	4660      	mov	r0, ip
10002766:	2800      	cmp	r0, #0
10002768:	d102      	bne.n	10002770 <_ntoa_format+0x3a>
1000276a:	300c      	adds	r0, #12
1000276c:	4208      	tst	r0, r1
1000276e:	d004      	beq.n	1000277a <_ntoa_format+0x44>
10002770:	3c01      	subs	r4, #1
10002772:	e002      	b.n	1000277a <_ntoa_format+0x44>
10002774:	2030      	movs	r0, #48	@ 0x30
10002776:	54d0      	strb	r0, [r2, r3]
10002778:	3301      	adds	r3, #1
1000277a:	42ab      	cmp	r3, r5
1000277c:	d201      	bcs.n	10002782 <_ntoa_format+0x4c>
1000277e:	2b1f      	cmp	r3, #31
10002780:	d9f8      	bls.n	10002774 <_ntoa_format+0x3e>
10002782:	07c8      	lsls	r0, r1, #31
10002784:	d507      	bpl.n	10002796 <_ntoa_format+0x60>
10002786:	42a3      	cmp	r3, r4
10002788:	d205      	bcs.n	10002796 <_ntoa_format+0x60>
1000278a:	2b1f      	cmp	r3, #31
1000278c:	d803      	bhi.n	10002796 <_ntoa_format+0x60>
1000278e:	2030      	movs	r0, #48	@ 0x30
10002790:	54d0      	strb	r0, [r2, r3]
10002792:	3301      	adds	r3, #1
10002794:	e7f5      	b.n	10002782 <_ntoa_format+0x4c>
10002796:	06c8      	lsls	r0, r1, #27
10002798:	d512      	bpl.n	100027c0 <_ntoa_format+0x8a>
1000279a:	0548      	lsls	r0, r1, #21
1000279c:	d405      	bmi.n	100027aa <_ntoa_format+0x74>
1000279e:	2b00      	cmp	r3, #0
100027a0:	d003      	beq.n	100027aa <_ntoa_format+0x74>
100027a2:	42ab      	cmp	r3, r5
100027a4:	d023      	beq.n	100027ee <_ntoa_format+0xb8>
100027a6:	42a3      	cmp	r3, r4
100027a8:	d021      	beq.n	100027ee <_ntoa_format+0xb8>
100027aa:	980f      	ldr	r0, [sp, #60]	@ 0x3c
100027ac:	2810      	cmp	r0, #16
100027ae:	d031      	beq.n	10002814 <_ntoa_format+0xde>
100027b0:	980f      	ldr	r0, [sp, #60]	@ 0x3c
100027b2:	2802      	cmp	r0, #2
100027b4:	d038      	beq.n	10002828 <_ntoa_format+0xf2>
100027b6:	2b1f      	cmp	r3, #31
100027b8:	d80a      	bhi.n	100027d0 <_ntoa_format+0x9a>
100027ba:	2030      	movs	r0, #48	@ 0x30
100027bc:	54d0      	strb	r0, [r2, r3]
100027be:	3301      	adds	r3, #1
100027c0:	2b1f      	cmp	r3, #31
100027c2:	d805      	bhi.n	100027d0 <_ntoa_format+0x9a>
100027c4:	4660      	mov	r0, ip
100027c6:	2800      	cmp	r0, #0
100027c8:	d034      	beq.n	10002834 <_ntoa_format+0xfe>
100027ca:	202d      	movs	r0, #45	@ 0x2d
100027cc:	54d0      	strb	r0, [r2, r3]
100027ce:	3301      	adds	r3, #1
100027d0:	9103      	str	r1, [sp, #12]
100027d2:	9402      	str	r4, [sp, #8]
100027d4:	9301      	str	r3, [sp, #4]
100027d6:	9200      	str	r2, [sp, #0]
100027d8:	464b      	mov	r3, r9
100027da:	4642      	mov	r2, r8
100027dc:	0039      	movs	r1, r7
100027de:	0030      	movs	r0, r6
100027e0:	f7ff ff52 	bl	10002688 <_out_rev>
100027e4:	b005      	add	sp, #20
100027e6:	bcc0      	pop	{r6, r7}
100027e8:	46b9      	mov	r9, r7
100027ea:	46b0      	mov	r8, r6
100027ec:	bdf0      	pop	{r4, r5, r6, r7, pc}
100027ee:	1e58      	subs	r0, r3, #1
100027f0:	2b01      	cmp	r3, #1
100027f2:	d017      	beq.n	10002824 <_ntoa_format+0xee>
100027f4:	9d0f      	ldr	r5, [sp, #60]	@ 0x3c
100027f6:	2d10      	cmp	r5, #16
100027f8:	d00b      	beq.n	10002812 <_ntoa_format+0xdc>
100027fa:	0003      	movs	r3, r0
100027fc:	980f      	ldr	r0, [sp, #60]	@ 0x3c
100027fe:	2810      	cmp	r0, #16
10002800:	d1d6      	bne.n	100027b0 <_ntoa_format+0x7a>
10002802:	0688      	lsls	r0, r1, #26
10002804:	d5d4      	bpl.n	100027b0 <_ntoa_format+0x7a>
10002806:	2b1f      	cmp	r3, #31
10002808:	d8d2      	bhi.n	100027b0 <_ntoa_format+0x7a>
1000280a:	2058      	movs	r0, #88	@ 0x58
1000280c:	54d0      	strb	r0, [r2, r3]
1000280e:	3301      	adds	r3, #1
10002810:	e7d1      	b.n	100027b6 <_ntoa_format+0x80>
10002812:	3b02      	subs	r3, #2
10002814:	0688      	lsls	r0, r1, #26
10002816:	d4f1      	bmi.n	100027fc <_ntoa_format+0xc6>
10002818:	2b1f      	cmp	r3, #31
1000281a:	d8ef      	bhi.n	100027fc <_ntoa_format+0xc6>
1000281c:	2078      	movs	r0, #120	@ 0x78
1000281e:	54d0      	strb	r0, [r2, r3]
10002820:	3301      	adds	r3, #1
10002822:	e7c8      	b.n	100027b6 <_ntoa_format+0x80>
10002824:	0003      	movs	r3, r0
10002826:	e7c0      	b.n	100027aa <_ntoa_format+0x74>
10002828:	2b1f      	cmp	r3, #31
1000282a:	d8d1      	bhi.n	100027d0 <_ntoa_format+0x9a>
1000282c:	3060      	adds	r0, #96	@ 0x60
1000282e:	54d0      	strb	r0, [r2, r3]
10002830:	3301      	adds	r3, #1
10002832:	e7c0      	b.n	100027b6 <_ntoa_format+0x80>
10002834:	0748      	lsls	r0, r1, #29
10002836:	d503      	bpl.n	10002840 <_ntoa_format+0x10a>
10002838:	202b      	movs	r0, #43	@ 0x2b
1000283a:	54d0      	strb	r0, [r2, r3]
1000283c:	3301      	adds	r3, #1
1000283e:	e7c7      	b.n	100027d0 <_ntoa_format+0x9a>
10002840:	0708      	lsls	r0, r1, #28
10002842:	d5c5      	bpl.n	100027d0 <_ntoa_format+0x9a>
10002844:	2020      	movs	r0, #32
10002846:	54d0      	strb	r0, [r2, r3]
10002848:	3301      	adds	r3, #1
1000284a:	e7c1      	b.n	100027d0 <_ntoa_format+0x9a>

1000284c <_ntoa_long>:
1000284c:	b5f0      	push	{r4, r5, r6, r7, lr}
1000284e:	46de      	mov	lr, fp
10002850:	4657      	mov	r7, sl
10002852:	464e      	mov	r6, r9
10002854:	4645      	mov	r5, r8
10002856:	b5e0      	push	{r5, r6, r7, lr}
10002858:	b093      	sub	sp, #76	@ 0x4c
1000285a:	4680      	mov	r8, r0
1000285c:	4689      	mov	r9, r1
1000285e:	4692      	mov	sl, r2
10002860:	469b      	mov	fp, r3
10002862:	ab1c      	add	r3, sp, #112	@ 0x70
10002864:	cb10      	ldmia	r3!, {r4}
10002866:	781b      	ldrb	r3, [r3, #0]
10002868:	9309      	str	r3, [sp, #36]	@ 0x24
1000286a:	9d1e      	ldr	r5, [sp, #120]	@ 0x78
1000286c:	2c00      	cmp	r4, #0
1000286e:	d103      	bne.n	10002878 <_ntoa_long+0x2c>
10002870:	2310      	movs	r3, #16
10002872:	9a21      	ldr	r2, [sp, #132]	@ 0x84
10002874:	439a      	bics	r2, r3
10002876:	9221      	str	r2, [sp, #132]	@ 0x84
10002878:	2380      	movs	r3, #128	@ 0x80
1000287a:	00db      	lsls	r3, r3, #3
1000287c:	9e21      	ldr	r6, [sp, #132]	@ 0x84
1000287e:	401e      	ands	r6, r3
10002880:	9a21      	ldr	r2, [sp, #132]	@ 0x84
10002882:	421a      	tst	r2, r3
10002884:	d018      	beq.n	100028b8 <_ntoa_long+0x6c>
10002886:	2c00      	cmp	r4, #0
10002888:	d022      	beq.n	100028d0 <_ntoa_long+0x84>
1000288a:	2600      	movs	r6, #0
1000288c:	e014      	b.n	100028b8 <_ntoa_long+0x6c>
1000288e:	9a21      	ldr	r2, [sp, #132]	@ 0x84
10002890:	0692      	lsls	r2, r2, #26
10002892:	d51b      	bpl.n	100028cc <_ntoa_long+0x80>
10002894:	2141      	movs	r1, #65	@ 0x41
10002896:	18c9      	adds	r1, r1, r3
10002898:	b2c9      	uxtb	r1, r1
1000289a:	390a      	subs	r1, #10
1000289c:	b2c9      	uxtb	r1, r1
1000289e:	1c77      	adds	r7, r6, #1
100028a0:	ab0a      	add	r3, sp, #40	@ 0x28
100028a2:	5599      	strb	r1, [r3, r6]
100028a4:	0029      	movs	r1, r5
100028a6:	0020      	movs	r0, r4
100028a8:	f7ff fb10 	bl	10001ecc <__wrap___aeabi_uidiv>
100028ac:	42ac      	cmp	r4, r5
100028ae:	d310      	bcc.n	100028d2 <_ntoa_long+0x86>
100028b0:	2f1f      	cmp	r7, #31
100028b2:	d80e      	bhi.n	100028d2 <_ntoa_long+0x86>
100028b4:	003e      	movs	r6, r7
100028b6:	0004      	movs	r4, r0
100028b8:	0029      	movs	r1, r5
100028ba:	0020      	movs	r0, r4
100028bc:	f7ff fb06 	bl	10001ecc <__wrap___aeabi_uidiv>
100028c0:	b2cb      	uxtb	r3, r1
100028c2:	2b09      	cmp	r3, #9
100028c4:	d8e3      	bhi.n	1000288e <_ntoa_long+0x42>
100028c6:	3330      	adds	r3, #48	@ 0x30
100028c8:	b2d9      	uxtb	r1, r3
100028ca:	e7e8      	b.n	1000289e <_ntoa_long+0x52>
100028cc:	2161      	movs	r1, #97	@ 0x61
100028ce:	e7e2      	b.n	10002896 <_ntoa_long+0x4a>
100028d0:	0027      	movs	r7, r4
100028d2:	9b21      	ldr	r3, [sp, #132]	@ 0x84
100028d4:	9306      	str	r3, [sp, #24]
100028d6:	9b20      	ldr	r3, [sp, #128]	@ 0x80
100028d8:	9305      	str	r3, [sp, #20]
100028da:	9b1f      	ldr	r3, [sp, #124]	@ 0x7c
100028dc:	9304      	str	r3, [sp, #16]
100028de:	9503      	str	r5, [sp, #12]
100028e0:	9b09      	ldr	r3, [sp, #36]	@ 0x24
100028e2:	9302      	str	r3, [sp, #8]
100028e4:	9701      	str	r7, [sp, #4]
100028e6:	ab0a      	add	r3, sp, #40	@ 0x28
100028e8:	9300      	str	r3, [sp, #0]
100028ea:	465b      	mov	r3, fp
100028ec:	4652      	mov	r2, sl
100028ee:	4649      	mov	r1, r9
100028f0:	4640      	mov	r0, r8
100028f2:	f7ff ff20 	bl	10002736 <_ntoa_format>
100028f6:	b013      	add	sp, #76	@ 0x4c
100028f8:	bcf0      	pop	{r4, r5, r6, r7}
100028fa:	46bb      	mov	fp, r7
100028fc:	46b2      	mov	sl, r6
100028fe:	46a9      	mov	r9, r5
10002900:	46a0      	mov	r8, r4
10002902:	bdf0      	pop	{r4, r5, r6, r7, pc}

10002904 <_ntoa_long_long>:
10002904:	b5f0      	push	{r4, r5, r6, r7, lr}
10002906:	46de      	mov	lr, fp
10002908:	4657      	mov	r7, sl
1000290a:	464e      	mov	r6, r9
1000290c:	4645      	mov	r5, r8
1000290e:	b5e0      	push	{r5, r6, r7, lr}
10002910:	b095      	sub	sp, #84	@ 0x54
10002912:	4683      	mov	fp, r0
10002914:	9108      	str	r1, [sp, #32]
10002916:	9209      	str	r2, [sp, #36]	@ 0x24
10002918:	930a      	str	r3, [sp, #40]	@ 0x28
1000291a:	9b1e      	ldr	r3, [sp, #120]	@ 0x78
1000291c:	4699      	mov	r9, r3
1000291e:	9f1f      	ldr	r7, [sp, #124]	@ 0x7c
10002920:	ab20      	add	r3, sp, #128	@ 0x80
10002922:	781b      	ldrb	r3, [r3, #0]
10002924:	930b      	str	r3, [sp, #44]	@ 0x2c
10002926:	9b22      	ldr	r3, [sp, #136]	@ 0x88
10002928:	4698      	mov	r8, r3
1000292a:	9c23      	ldr	r4, [sp, #140]	@ 0x8c
1000292c:	464b      	mov	r3, r9
1000292e:	433b      	orrs	r3, r7
10002930:	d103      	bne.n	1000293a <_ntoa_long_long+0x36>
10002932:	3310      	adds	r3, #16
10002934:	9a26      	ldr	r2, [sp, #152]	@ 0x98
10002936:	439a      	bics	r2, r3
10002938:	9226      	str	r2, [sp, #152]	@ 0x98
1000293a:	2380      	movs	r3, #128	@ 0x80
1000293c:	00db      	lsls	r3, r3, #3
1000293e:	9d26      	ldr	r5, [sp, #152]	@ 0x98
10002940:	401d      	ands	r5, r3
10002942:	9a26      	ldr	r2, [sp, #152]	@ 0x98
10002944:	421a      	tst	r2, r3
10002946:	d008      	beq.n	1000295a <_ntoa_long_long+0x56>
10002948:	464b      	mov	r3, r9
1000294a:	433b      	orrs	r3, r7
1000294c:	d039      	beq.n	100029c2 <_ntoa_long_long+0xbe>
1000294e:	2500      	movs	r5, #0
10002950:	464e      	mov	r6, r9
10002952:	0023      	movs	r3, r4
10002954:	002c      	movs	r4, r5
10002956:	001d      	movs	r5, r3
10002958:	e01f      	b.n	1000299a <_ntoa_long_long+0x96>
1000295a:	464e      	mov	r6, r9
1000295c:	0023      	movs	r3, r4
1000295e:	002c      	movs	r4, r5
10002960:	001d      	movs	r5, r3
10002962:	e01a      	b.n	1000299a <_ntoa_long_long+0x96>
10002964:	9a26      	ldr	r2, [sp, #152]	@ 0x98
10002966:	0692      	lsls	r2, r2, #26
10002968:	d523      	bpl.n	100029b2 <_ntoa_long_long+0xae>
1000296a:	2241      	movs	r2, #65	@ 0x41
1000296c:	18d2      	adds	r2, r2, r3
1000296e:	b2d2      	uxtb	r2, r2
10002970:	3a0a      	subs	r2, #10
10002972:	b2d2      	uxtb	r2, r2
10002974:	1c63      	adds	r3, r4, #1
10002976:	469a      	mov	sl, r3
10002978:	ab0c      	add	r3, sp, #48	@ 0x30
1000297a:	551a      	strb	r2, [r3, r4]
1000297c:	4642      	mov	r2, r8
1000297e:	002b      	movs	r3, r5
10002980:	0030      	movs	r0, r6
10002982:	0039      	movs	r1, r7
10002984:	f7ff fae0 	bl	10001f48 <__wrap___aeabi_uldivmod>
10002988:	42bd      	cmp	r5, r7
1000298a:	d81c      	bhi.n	100029c6 <_ntoa_long_long+0xc2>
1000298c:	d013      	beq.n	100029b6 <_ntoa_long_long+0xb2>
1000298e:	4653      	mov	r3, sl
10002990:	2b1f      	cmp	r3, #31
10002992:	d814      	bhi.n	100029be <_ntoa_long_long+0xba>
10002994:	4654      	mov	r4, sl
10002996:	0006      	movs	r6, r0
10002998:	000f      	movs	r7, r1
1000299a:	4642      	mov	r2, r8
1000299c:	002b      	movs	r3, r5
1000299e:	0030      	movs	r0, r6
100029a0:	0039      	movs	r1, r7
100029a2:	f7ff fad1 	bl	10001f48 <__wrap___aeabi_uldivmod>
100029a6:	b2d3      	uxtb	r3, r2
100029a8:	2b09      	cmp	r3, #9
100029aa:	d8db      	bhi.n	10002964 <_ntoa_long_long+0x60>
100029ac:	3330      	adds	r3, #48	@ 0x30
100029ae:	b2da      	uxtb	r2, r3
100029b0:	e7e0      	b.n	10002974 <_ntoa_long_long+0x70>
100029b2:	2261      	movs	r2, #97	@ 0x61
100029b4:	e7da      	b.n	1000296c <_ntoa_long_long+0x68>
100029b6:	45b0      	cmp	r8, r6
100029b8:	d9e9      	bls.n	1000298e <_ntoa_long_long+0x8a>
100029ba:	4656      	mov	r6, sl
100029bc:	e004      	b.n	100029c8 <_ntoa_long_long+0xc4>
100029be:	4656      	mov	r6, sl
100029c0:	e002      	b.n	100029c8 <_ntoa_long_long+0xc4>
100029c2:	2600      	movs	r6, #0
100029c4:	e000      	b.n	100029c8 <_ntoa_long_long+0xc4>
100029c6:	4656      	mov	r6, sl
100029c8:	9b26      	ldr	r3, [sp, #152]	@ 0x98
100029ca:	9306      	str	r3, [sp, #24]
100029cc:	9b25      	ldr	r3, [sp, #148]	@ 0x94
100029ce:	9305      	str	r3, [sp, #20]
100029d0:	9b24      	ldr	r3, [sp, #144]	@ 0x90
100029d2:	9304      	str	r3, [sp, #16]
100029d4:	4643      	mov	r3, r8
100029d6:	9303      	str	r3, [sp, #12]
100029d8:	9b0b      	ldr	r3, [sp, #44]	@ 0x2c
100029da:	9302      	str	r3, [sp, #8]
100029dc:	9601      	str	r6, [sp, #4]
100029de:	ab0c      	add	r3, sp, #48	@ 0x30
100029e0:	9300      	str	r3, [sp, #0]
100029e2:	9b0a      	ldr	r3, [sp, #40]	@ 0x28
100029e4:	9a09      	ldr	r2, [sp, #36]	@ 0x24
100029e6:	9908      	ldr	r1, [sp, #32]
100029e8:	4658      	mov	r0, fp
100029ea:	f7ff fea4 	bl	10002736 <_ntoa_format>
100029ee:	b015      	add	sp, #84	@ 0x54
100029f0:	bcf0      	pop	{r4, r5, r6, r7}
100029f2:	46bb      	mov	fp, r7
100029f4:	46b2      	mov	sl, r6
100029f6:	46a9      	mov	r9, r5
100029f8:	46a0      	mov	r8, r4
100029fa:	bdf0      	pop	{r4, r5, r6, r7, pc}

100029fc <_etoa>:
100029fc:	b5f0      	push	{r4, r5, r6, r7, lr}
100029fe:	46de      	mov	lr, fp
10002a00:	4657      	mov	r7, sl
10002a02:	464e      	mov	r6, r9
10002a04:	4645      	mov	r5, r8
10002a06:	b5e0      	push	{r5, r6, r7, lr}
10002a08:	b095      	sub	sp, #84	@ 0x54
10002a0a:	0004      	movs	r4, r0
10002a0c:	468a      	mov	sl, r1
10002a0e:	4693      	mov	fp, r2
10002a10:	4699      	mov	r9, r3
10002a12:	9e1e      	ldr	r6, [sp, #120]	@ 0x78
10002a14:	9f1f      	ldr	r7, [sp, #124]	@ 0x7c
10002a16:	0032      	movs	r2, r6
10002a18:	003b      	movs	r3, r7
10002a1a:	0030      	movs	r0, r6
10002a1c:	0039      	movs	r1, r7
10002a1e:	f7ff fd0e 	bl	1000243e <__wrap___aeabi_dcmpun>
10002a22:	2800      	cmp	r0, #0
10002a24:	d000      	beq.n	10002a28 <_etoa+0x2c>
10002a26:	e0fb      	b.n	10002c20 <_etoa+0x224>
10002a28:	2201      	movs	r2, #1
10002a2a:	4252      	negs	r2, r2
10002a2c:	4bd6      	ldr	r3, [pc, #856]	@ (10002d88 <_etoa+0x38c>)
10002a2e:	0030      	movs	r0, r6
10002a30:	0039      	movs	r1, r7
10002a32:	f7ff fcff 	bl	10002434 <__wrap___aeabi_dcmpgt>
10002a36:	2800      	cmp	r0, #0
10002a38:	d000      	beq.n	10002a3c <_etoa+0x40>
10002a3a:	e0f1      	b.n	10002c20 <_etoa+0x224>
10002a3c:	2201      	movs	r2, #1
10002a3e:	4252      	negs	r2, r2
10002a40:	4bd2      	ldr	r3, [pc, #840]	@ (10002d8c <_etoa+0x390>)
10002a42:	0030      	movs	r0, r6
10002a44:	0039      	movs	r1, r7
10002a46:	f7ff fcdf 	bl	10002408 <__wrap___aeabi_dcmplt>
10002a4a:	2800      	cmp	r0, #0
10002a4c:	d000      	beq.n	10002a50 <_etoa+0x54>
10002a4e:	e0e7      	b.n	10002c20 <_etoa+0x224>
10002a50:	2200      	movs	r2, #0
10002a52:	2300      	movs	r3, #0
10002a54:	0030      	movs	r0, r6
10002a56:	0039      	movs	r1, r7
10002a58:	f7ff fcd6 	bl	10002408 <__wrap___aeabi_dcmplt>
10002a5c:	2800      	cmp	r0, #0
10002a5e:	d000      	beq.n	10002a62 <_etoa+0x66>
10002a60:	e0f3      	b.n	10002c4a <_etoa+0x24e>
10002a62:	9606      	str	r6, [sp, #24]
10002a64:	9707      	str	r7, [sp, #28]
10002a66:	2380      	movs	r3, #128	@ 0x80
10002a68:	00db      	lsls	r3, r3, #3
10002a6a:	9a22      	ldr	r2, [sp, #136]	@ 0x88
10002a6c:	401a      	ands	r2, r3
10002a6e:	9211      	str	r2, [sp, #68]	@ 0x44
10002a70:	9a22      	ldr	r2, [sp, #136]	@ 0x88
10002a72:	421a      	tst	r2, r3
10002a74:	d101      	bne.n	10002a7a <_etoa+0x7e>
10002a76:	2306      	movs	r3, #6
10002a78:	9320      	str	r3, [sp, #128]	@ 0x80
10002a7a:	9806      	ldr	r0, [sp, #24]
10002a7c:	9907      	ldr	r1, [sp, #28]
10002a7e:	0002      	movs	r2, r0
10002a80:	000b      	movs	r3, r1
10002a82:	920a      	str	r2, [sp, #40]	@ 0x28
10002a84:	930b      	str	r3, [sp, #44]	@ 0x2c
10002a86:	0003      	movs	r3, r0
10002a88:	000a      	movs	r2, r1
10002a8a:	4302      	orrs	r2, r0
10002a8c:	d100      	bne.n	10002a90 <_etoa+0x94>
10002a8e:	e0e8      	b.n	10002c62 <_etoa+0x266>
10002a90:	0d08      	lsrs	r0, r1, #20
10002a92:	0540      	lsls	r0, r0, #21
10002a94:	0d40      	lsrs	r0, r0, #21
10002a96:	4dbe      	ldr	r5, [pc, #760]	@ (10002d90 <_etoa+0x394>)
10002a98:	46ac      	mov	ip, r5
10002a9a:	4460      	add	r0, ip
10002a9c:	0005      	movs	r5, r0
10002a9e:	9807      	ldr	r0, [sp, #28]
10002aa0:	0302      	lsls	r2, r0, #12
10002aa2:	0b12      	lsrs	r2, r2, #12
10002aa4:	2000      	movs	r0, #0
10002aa6:	2100      	movs	r1, #0
10002aa8:	9008      	str	r0, [sp, #32]
10002aaa:	9109      	str	r1, [sp, #36]	@ 0x24
10002aac:	9308      	str	r3, [sp, #32]
10002aae:	4bb9      	ldr	r3, [pc, #740]	@ (10002d94 <_etoa+0x398>)
10002ab0:	4313      	orrs	r3, r2
10002ab2:	9309      	str	r3, [sp, #36]	@ 0x24
10002ab4:	0028      	movs	r0, r5
10002ab6:	f7ff fcd3 	bl	10002460 <__wrap___aeabi_i2d>
10002aba:	4ab7      	ldr	r2, [pc, #732]	@ (10002d98 <_etoa+0x39c>)
10002abc:	4bb7      	ldr	r3, [pc, #732]	@ (10002d9c <_etoa+0x3a0>)
10002abe:	f7ff fc64 	bl	1000238a <__wrap___aeabi_dmul>
10002ac2:	4ab7      	ldr	r2, [pc, #732]	@ (10002da0 <_etoa+0x3a4>)
10002ac4:	4bb7      	ldr	r3, [pc, #732]	@ (10002da4 <_etoa+0x3a8>)
10002ac6:	f7ff fc41 	bl	1000234c <__wrap___aeabi_dadd>
10002aca:	900a      	str	r0, [sp, #40]	@ 0x28
10002acc:	910b      	str	r1, [sp, #44]	@ 0x2c
10002ace:	2200      	movs	r2, #0
10002ad0:	4bb5      	ldr	r3, [pc, #724]	@ (10002da8 <_etoa+0x3ac>)
10002ad2:	9808      	ldr	r0, [sp, #32]
10002ad4:	9909      	ldr	r1, [sp, #36]	@ 0x24
10002ad6:	f7ff fc34 	bl	10002342 <__wrap___aeabi_dsub>
10002ada:	4ab4      	ldr	r2, [pc, #720]	@ (10002dac <_etoa+0x3b0>)
10002adc:	4bb4      	ldr	r3, [pc, #720]	@ (10002db0 <_etoa+0x3b4>)
10002ade:	f7ff fc54 	bl	1000238a <__wrap___aeabi_dmul>
10002ae2:	0002      	movs	r2, r0
10002ae4:	000b      	movs	r3, r1
10002ae6:	980a      	ldr	r0, [sp, #40]	@ 0x28
10002ae8:	990b      	ldr	r1, [sp, #44]	@ 0x2c
10002aea:	f7ff fc2f 	bl	1000234c <__wrap___aeabi_dadd>
10002aee:	f7ff fccf 	bl	10002490 <__wrap___aeabi_d2iz>
10002af2:	4680      	mov	r8, r0
10002af4:	9008      	str	r0, [sp, #32]
10002af6:	f7ff fcb3 	bl	10002460 <__wrap___aeabi_i2d>
10002afa:	4aae      	ldr	r2, [pc, #696]	@ (10002db4 <_etoa+0x3b8>)
10002afc:	4bae      	ldr	r3, [pc, #696]	@ (10002db8 <_etoa+0x3bc>)
10002afe:	900a      	str	r0, [sp, #40]	@ 0x28
10002b00:	910b      	str	r1, [sp, #44]	@ 0x2c
10002b02:	f7ff fc42 	bl	1000238a <__wrap___aeabi_dmul>
10002b06:	2200      	movs	r2, #0
10002b08:	4bac      	ldr	r3, [pc, #688]	@ (10002dbc <_etoa+0x3c0>)
10002b0a:	f7ff fc1f 	bl	1000234c <__wrap___aeabi_dadd>
10002b0e:	f7ff fcbf 	bl	10002490 <__wrap___aeabi_d2iz>
10002b12:	0005      	movs	r5, r0
10002b14:	4aaa      	ldr	r2, [pc, #680]	@ (10002dc0 <_etoa+0x3c4>)
10002b16:	4bab      	ldr	r3, [pc, #684]	@ (10002dc4 <_etoa+0x3c8>)
10002b18:	980a      	ldr	r0, [sp, #40]	@ 0x28
10002b1a:	990b      	ldr	r1, [sp, #44]	@ 0x2c
10002b1c:	f7ff fc35 	bl	1000238a <__wrap___aeabi_dmul>
10002b20:	900a      	str	r0, [sp, #40]	@ 0x28
10002b22:	910b      	str	r1, [sp, #44]	@ 0x2c
10002b24:	0028      	movs	r0, r5
10002b26:	f7ff fc9b 	bl	10002460 <__wrap___aeabi_i2d>
10002b2a:	4aa7      	ldr	r2, [pc, #668]	@ (10002dc8 <_etoa+0x3cc>)
10002b2c:	4ba7      	ldr	r3, [pc, #668]	@ (10002dcc <_etoa+0x3d0>)
10002b2e:	f7ff fc2c 	bl	1000238a <__wrap___aeabi_dmul>
10002b32:	0002      	movs	r2, r0
10002b34:	000b      	movs	r3, r1
10002b36:	980a      	ldr	r0, [sp, #40]	@ 0x28
10002b38:	990b      	ldr	r1, [sp, #44]	@ 0x2c
10002b3a:	f7ff fc02 	bl	10002342 <__wrap___aeabi_dsub>
10002b3e:	0002      	movs	r2, r0
10002b40:	000b      	movs	r3, r1
10002b42:	900a      	str	r0, [sp, #40]	@ 0x28
10002b44:	910b      	str	r1, [sp, #44]	@ 0x2c
10002b46:	f7ff fc20 	bl	1000238a <__wrap___aeabi_dmul>
10002b4a:	900e      	str	r0, [sp, #56]	@ 0x38
10002b4c:	910f      	str	r1, [sp, #60]	@ 0x3c
10002b4e:	002b      	movs	r3, r5
10002b50:	4d9f      	ldr	r5, [pc, #636]	@ (10002dd0 <_etoa+0x3d4>)
10002b52:	46ac      	mov	ip, r5
10002b54:	4463      	add	r3, ip
10002b56:	2100      	movs	r1, #0
10002b58:	2200      	movs	r2, #0
10002b5a:	910c      	str	r1, [sp, #48]	@ 0x30
10002b5c:	920d      	str	r2, [sp, #52]	@ 0x34
10002b5e:	051b      	lsls	r3, r3, #20
10002b60:	930d      	str	r3, [sp, #52]	@ 0x34
10002b62:	2300      	movs	r3, #0
10002b64:	930c      	str	r3, [sp, #48]	@ 0x30
10002b66:	980a      	ldr	r0, [sp, #40]	@ 0x28
10002b68:	990b      	ldr	r1, [sp, #44]	@ 0x2c
10002b6a:	0002      	movs	r2, r0
10002b6c:	000b      	movs	r3, r1
10002b6e:	f7ff fbed 	bl	1000234c <__wrap___aeabi_dadd>
10002b72:	9012      	str	r0, [sp, #72]	@ 0x48
10002b74:	9113      	str	r1, [sp, #76]	@ 0x4c
10002b76:	9a0a      	ldr	r2, [sp, #40]	@ 0x28
10002b78:	9b0b      	ldr	r3, [sp, #44]	@ 0x2c
10002b7a:	2000      	movs	r0, #0
10002b7c:	2180      	movs	r1, #128	@ 0x80
10002b7e:	05c9      	lsls	r1, r1, #23
10002b80:	f7ff fbdf 	bl	10002342 <__wrap___aeabi_dsub>
10002b84:	900a      	str	r0, [sp, #40]	@ 0x28
10002b86:	910b      	str	r1, [sp, #44]	@ 0x2c
10002b88:	2200      	movs	r2, #0
10002b8a:	4b92      	ldr	r3, [pc, #584]	@ (10002dd4 <_etoa+0x3d8>)
10002b8c:	980e      	ldr	r0, [sp, #56]	@ 0x38
10002b8e:	990f      	ldr	r1, [sp, #60]	@ 0x3c
10002b90:	f7ff fbe1 	bl	10002356 <__wrap___aeabi_ddiv>
10002b94:	2200      	movs	r2, #0
10002b96:	4b90      	ldr	r3, [pc, #576]	@ (10002dd8 <_etoa+0x3dc>)
10002b98:	f7ff fbd8 	bl	1000234c <__wrap___aeabi_dadd>
10002b9c:	0002      	movs	r2, r0
10002b9e:	000b      	movs	r3, r1
10002ba0:	980e      	ldr	r0, [sp, #56]	@ 0x38
10002ba2:	990f      	ldr	r1, [sp, #60]	@ 0x3c
10002ba4:	f7ff fbd7 	bl	10002356 <__wrap___aeabi_ddiv>
10002ba8:	2200      	movs	r2, #0
10002baa:	4b8c      	ldr	r3, [pc, #560]	@ (10002ddc <_etoa+0x3e0>)
10002bac:	f7ff fbce 	bl	1000234c <__wrap___aeabi_dadd>
10002bb0:	0002      	movs	r2, r0
10002bb2:	000b      	movs	r3, r1
10002bb4:	980e      	ldr	r0, [sp, #56]	@ 0x38
10002bb6:	990f      	ldr	r1, [sp, #60]	@ 0x3c
10002bb8:	f7ff fbcd 	bl	10002356 <__wrap___aeabi_ddiv>
10002bbc:	0002      	movs	r2, r0
10002bbe:	000b      	movs	r3, r1
10002bc0:	980a      	ldr	r0, [sp, #40]	@ 0x28
10002bc2:	990b      	ldr	r1, [sp, #44]	@ 0x2c
10002bc4:	f7ff fbc2 	bl	1000234c <__wrap___aeabi_dadd>
10002bc8:	0002      	movs	r2, r0
10002bca:	000b      	movs	r3, r1
10002bcc:	9812      	ldr	r0, [sp, #72]	@ 0x48
10002bce:	9913      	ldr	r1, [sp, #76]	@ 0x4c
10002bd0:	f7ff fbc1 	bl	10002356 <__wrap___aeabi_ddiv>
10002bd4:	2200      	movs	r2, #0
10002bd6:	4b6f      	ldr	r3, [pc, #444]	@ (10002d94 <_etoa+0x398>)
10002bd8:	f7ff fbb8 	bl	1000234c <__wrap___aeabi_dadd>
10002bdc:	9a0c      	ldr	r2, [sp, #48]	@ 0x30
10002bde:	9b0d      	ldr	r3, [sp, #52]	@ 0x34
10002be0:	f7ff fbd3 	bl	1000238a <__wrap___aeabi_dmul>
10002be4:	0002      	movs	r2, r0
10002be6:	000b      	movs	r3, r1
10002be8:	920a      	str	r2, [sp, #40]	@ 0x28
10002bea:	930b      	str	r3, [sp, #44]	@ 0x2c
10002bec:	9a06      	ldr	r2, [sp, #24]
10002bee:	9b07      	ldr	r3, [sp, #28]
10002bf0:	900c      	str	r0, [sp, #48]	@ 0x30
10002bf2:	910d      	str	r1, [sp, #52]	@ 0x34
10002bf4:	f7ff fc1e 	bl	10002434 <__wrap___aeabi_dcmpgt>
10002bf8:	2800      	cmp	r0, #0
10002bfa:	d00a      	beq.n	10002c12 <_etoa+0x216>
10002bfc:	4643      	mov	r3, r8
10002bfe:	3b01      	subs	r3, #1
10002c00:	9308      	str	r3, [sp, #32]
10002c02:	2200      	movs	r2, #0
10002c04:	4b74      	ldr	r3, [pc, #464]	@ (10002dd8 <_etoa+0x3dc>)
10002c06:	980c      	ldr	r0, [sp, #48]	@ 0x30
10002c08:	990d      	ldr	r1, [sp, #52]	@ 0x34
10002c0a:	f7ff fba4 	bl	10002356 <__wrap___aeabi_ddiv>
10002c0e:	900a      	str	r0, [sp, #40]	@ 0x28
10002c10:	910b      	str	r1, [sp, #44]	@ 0x2c
10002c12:	9b08      	ldr	r3, [sp, #32]
10002c14:	3363      	adds	r3, #99	@ 0x63
10002c16:	2bc6      	cmp	r3, #198	@ 0xc6
10002c18:	d849      	bhi.n	10002cae <_etoa+0x2b2>
10002c1a:	2304      	movs	r3, #4
10002c1c:	001d      	movs	r5, r3
10002c1e:	e024      	b.n	10002c6a <_etoa+0x26e>
10002c20:	9b22      	ldr	r3, [sp, #136]	@ 0x88
10002c22:	9304      	str	r3, [sp, #16]
10002c24:	9b21      	ldr	r3, [sp, #132]	@ 0x84
10002c26:	9303      	str	r3, [sp, #12]
10002c28:	9b20      	ldr	r3, [sp, #128]	@ 0x80
10002c2a:	9302      	str	r3, [sp, #8]
10002c2c:	9600      	str	r6, [sp, #0]
10002c2e:	9701      	str	r7, [sp, #4]
10002c30:	464b      	mov	r3, r9
10002c32:	465a      	mov	r2, fp
10002c34:	4651      	mov	r1, sl
10002c36:	0020      	movs	r0, r4
10002c38:	f000 f904 	bl	10002e44 <_ftoa>
10002c3c:	b015      	add	sp, #84	@ 0x54
10002c3e:	bcf0      	pop	{r4, r5, r6, r7}
10002c40:	46bb      	mov	fp, r7
10002c42:	46b2      	mov	sl, r6
10002c44:	46a9      	mov	r9, r5
10002c46:	46a0      	mov	r8, r4
10002c48:	bdf0      	pop	{r4, r5, r6, r7, pc}
10002c4a:	2100      	movs	r1, #0
10002c4c:	2200      	movs	r2, #0
10002c4e:	9106      	str	r1, [sp, #24]
10002c50:	9207      	str	r2, [sp, #28]
10002c52:	9606      	str	r6, [sp, #24]
10002c54:	2380      	movs	r3, #128	@ 0x80
10002c56:	061b      	lsls	r3, r3, #24
10002c58:	469c      	mov	ip, r3
10002c5a:	44bc      	add	ip, r7
10002c5c:	4663      	mov	r3, ip
10002c5e:	9307      	str	r3, [sp, #28]
10002c60:	e701      	b.n	10002a66 <_etoa+0x6a>
10002c62:	2300      	movs	r3, #0
10002c64:	9308      	str	r3, [sp, #32]
10002c66:	3304      	adds	r3, #4
10002c68:	001d      	movs	r5, r3
10002c6a:	9b22      	ldr	r3, [sp, #136]	@ 0x88
10002c6c:	051b      	lsls	r3, r3, #20
10002c6e:	d52b      	bpl.n	10002cc8 <_etoa+0x2cc>
10002c70:	9a0a      	ldr	r2, [sp, #40]	@ 0x28
10002c72:	9b0b      	ldr	r3, [sp, #44]	@ 0x2c
10002c74:	0019      	movs	r1, r3
10002c76:	4311      	orrs	r1, r2
10002c78:	d011      	beq.n	10002c9e <_etoa+0x2a2>
10002c7a:	4a59      	ldr	r2, [pc, #356]	@ (10002de0 <_etoa+0x3e4>)
10002c7c:	4b59      	ldr	r3, [pc, #356]	@ (10002de4 <_etoa+0x3e8>)
10002c7e:	9806      	ldr	r0, [sp, #24]
10002c80:	9907      	ldr	r1, [sp, #28]
10002c82:	f7ff fbcf 	bl	10002424 <__wrap___aeabi_dcmpge>
10002c86:	2800      	cmp	r0, #0
10002c88:	d100      	bne.n	10002c8c <_etoa+0x290>
10002c8a:	e0b1      	b.n	10002df0 <_etoa+0x3f4>
10002c8c:	2200      	movs	r2, #0
10002c8e:	4b56      	ldr	r3, [pc, #344]	@ (10002de8 <_etoa+0x3ec>)
10002c90:	9806      	ldr	r0, [sp, #24]
10002c92:	9907      	ldr	r1, [sp, #28]
10002c94:	f7ff fbb8 	bl	10002408 <__wrap___aeabi_dcmplt>
10002c98:	2800      	cmp	r0, #0
10002c9a:	d100      	bne.n	10002c9e <_etoa+0x2a2>
10002c9c:	e0a8      	b.n	10002df0 <_etoa+0x3f4>
10002c9e:	9a20      	ldr	r2, [sp, #128]	@ 0x80
10002ca0:	9b08      	ldr	r3, [sp, #32]
10002ca2:	429a      	cmp	r2, r3
10002ca4:	dd06      	ble.n	10002cb4 <_etoa+0x2b8>
10002ca6:	1ad3      	subs	r3, r2, r3
10002ca8:	3b01      	subs	r3, #1
10002caa:	9320      	str	r3, [sp, #128]	@ 0x80
10002cac:	e004      	b.n	10002cb8 <_etoa+0x2bc>
10002cae:	2305      	movs	r3, #5
10002cb0:	001d      	movs	r5, r3
10002cb2:	e7da      	b.n	10002c6a <_etoa+0x26e>
10002cb4:	2300      	movs	r3, #0
10002cb6:	9320      	str	r3, [sp, #128]	@ 0x80
10002cb8:	2380      	movs	r3, #128	@ 0x80
10002cba:	00db      	lsls	r3, r3, #3
10002cbc:	9a22      	ldr	r2, [sp, #136]	@ 0x88
10002cbe:	431a      	orrs	r2, r3
10002cc0:	9222      	str	r2, [sp, #136]	@ 0x88
10002cc2:	2300      	movs	r3, #0
10002cc4:	001d      	movs	r5, r3
10002cc6:	9308      	str	r3, [sp, #32]
10002cc8:	9a21      	ldr	r2, [sp, #132]	@ 0x84
10002cca:	4295      	cmp	r5, r2
10002ccc:	d300      	bcc.n	10002cd0 <_etoa+0x2d4>
10002cce:	e09b      	b.n	10002e08 <_etoa+0x40c>
10002cd0:	1b53      	subs	r3, r2, r5
10002cd2:	4698      	mov	r8, r3
10002cd4:	2302      	movs	r3, #2
10002cd6:	9a22      	ldr	r2, [sp, #136]	@ 0x88
10002cd8:	401a      	ands	r2, r3
10002cda:	920c      	str	r2, [sp, #48]	@ 0x30
10002cdc:	9a22      	ldr	r2, [sp, #136]	@ 0x88
10002cde:	4213      	tst	r3, r2
10002ce0:	d003      	beq.n	10002cea <_etoa+0x2ee>
10002ce2:	2d00      	cmp	r5, #0
10002ce4:	d001      	beq.n	10002cea <_etoa+0x2ee>
10002ce6:	2300      	movs	r3, #0
10002ce8:	4698      	mov	r8, r3
10002cea:	9b08      	ldr	r3, [sp, #32]
10002cec:	2b00      	cmp	r3, #0
10002cee:	d007      	beq.n	10002d00 <_etoa+0x304>
10002cf0:	9a0a      	ldr	r2, [sp, #40]	@ 0x28
10002cf2:	9b0b      	ldr	r3, [sp, #44]	@ 0x2c
10002cf4:	9806      	ldr	r0, [sp, #24]
10002cf6:	9907      	ldr	r1, [sp, #28]
10002cf8:	f7ff fb2d 	bl	10002356 <__wrap___aeabi_ddiv>
10002cfc:	9006      	str	r0, [sp, #24]
10002cfe:	9107      	str	r1, [sp, #28]
10002d00:	2200      	movs	r2, #0
10002d02:	2300      	movs	r3, #0
10002d04:	0030      	movs	r0, r6
10002d06:	0039      	movs	r1, r7
10002d08:	f7ff fb7e 	bl	10002408 <__wrap___aeabi_dcmplt>
10002d0c:	2800      	cmp	r0, #0
10002d0e:	d000      	beq.n	10002d12 <_etoa+0x316>
10002d10:	e07d      	b.n	10002e0e <_etoa+0x412>
10002d12:	4b36      	ldr	r3, [pc, #216]	@ (10002dec <_etoa+0x3f0>)
10002d14:	9a22      	ldr	r2, [sp, #136]	@ 0x88
10002d16:	4013      	ands	r3, r2
10002d18:	9304      	str	r3, [sp, #16]
10002d1a:	4643      	mov	r3, r8
10002d1c:	9303      	str	r3, [sp, #12]
10002d1e:	9b20      	ldr	r3, [sp, #128]	@ 0x80
10002d20:	9302      	str	r3, [sp, #8]
10002d22:	9a06      	ldr	r2, [sp, #24]
10002d24:	9b07      	ldr	r3, [sp, #28]
10002d26:	9200      	str	r2, [sp, #0]
10002d28:	9301      	str	r3, [sp, #4]
10002d2a:	464b      	mov	r3, r9
10002d2c:	465a      	mov	r2, fp
10002d2e:	4651      	mov	r1, sl
10002d30:	0020      	movs	r0, r4
10002d32:	f000 f887 	bl	10002e44 <_ftoa>
10002d36:	2d00      	cmp	r5, #0
10002d38:	d100      	bne.n	10002d3c <_etoa+0x340>
10002d3a:	e77f      	b.n	10002c3c <_etoa+0x240>
10002d3c:	9b22      	ldr	r3, [sp, #136]	@ 0x88
10002d3e:	069b      	lsls	r3, r3, #26
10002d40:	d571      	bpl.n	10002e26 <_etoa+0x42a>
10002d42:	2745      	movs	r7, #69	@ 0x45
10002d44:	1c46      	adds	r6, r0, #1
10002d46:	464b      	mov	r3, r9
10002d48:	0002      	movs	r2, r0
10002d4a:	4651      	mov	r1, sl
10002d4c:	0038      	movs	r0, r7
10002d4e:	47a0      	blx	r4
10002d50:	9808      	ldr	r0, [sp, #32]
10002d52:	17c3      	asrs	r3, r0, #31
10002d54:	18c2      	adds	r2, r0, r3
10002d56:	405a      	eors	r2, r3
10002d58:	2305      	movs	r3, #5
10002d5a:	9305      	str	r3, [sp, #20]
10002d5c:	3d01      	subs	r5, #1
10002d5e:	9504      	str	r5, [sp, #16]
10002d60:	2300      	movs	r3, #0
10002d62:	9303      	str	r3, [sp, #12]
10002d64:	330a      	adds	r3, #10
10002d66:	9302      	str	r3, [sp, #8]
10002d68:	0fc3      	lsrs	r3, r0, #31
10002d6a:	9301      	str	r3, [sp, #4]
10002d6c:	9200      	str	r2, [sp, #0]
10002d6e:	464b      	mov	r3, r9
10002d70:	0032      	movs	r2, r6
10002d72:	4651      	mov	r1, sl
10002d74:	0020      	movs	r0, r4
10002d76:	f7ff fd69 	bl	1000284c <_ntoa_long>
10002d7a:	9b0c      	ldr	r3, [sp, #48]	@ 0x30
10002d7c:	2b00      	cmp	r3, #0
10002d7e:	d100      	bne.n	10002d82 <_etoa+0x386>
10002d80:	e75c      	b.n	10002c3c <_etoa+0x240>
10002d82:	0002      	movs	r2, r0
10002d84:	9f21      	ldr	r7, [sp, #132]	@ 0x84
10002d86:	e056      	b.n	10002e36 <_etoa+0x43a>
10002d88:	7fefffff 	.word	0x7fefffff
10002d8c:	ffefffff 	.word	0xffefffff
10002d90:	fffffc01 	.word	0xfffffc01
10002d94:	3ff00000 	.word	0x3ff00000
10002d98:	509f79fb 	.word	0x509f79fb
10002d9c:	3fd34413 	.word	0x3fd34413
10002da0:	8b60c8b3 	.word	0x8b60c8b3
10002da4:	3fc68a28 	.word	0x3fc68a28
10002da8:	3ff80000 	.word	0x3ff80000
10002dac:	636f4361 	.word	0x636f4361
10002db0:	3fd287a7 	.word	0x3fd287a7
10002db4:	0979a371 	.word	0x0979a371
10002db8:	400a934f 	.word	0x400a934f
10002dbc:	3fe00000 	.word	0x3fe00000
10002dc0:	bbb55516 	.word	0xbbb55516
10002dc4:	40026bb1 	.word	0x40026bb1
10002dc8:	fefa39ef 	.word	0xfefa39ef
10002dcc:	3fe62e42 	.word	0x3fe62e42
10002dd0:	000003ff 	.word	0x000003ff
10002dd4:	402c0000 	.word	0x402c0000
10002dd8:	40240000 	.word	0x40240000
10002ddc:	40180000 	.word	0x40180000
10002de0:	eb1c432d 	.word	0xeb1c432d
10002de4:	3f1a36e2 	.word	0x3f1a36e2
10002de8:	412e8480 	.word	0x412e8480
10002dec:	fffff7ff 	.word	0xfffff7ff
10002df0:	9b20      	ldr	r3, [sp, #128]	@ 0x80
10002df2:	2b00      	cmp	r3, #0
10002df4:	d100      	bne.n	10002df8 <_etoa+0x3fc>
10002df6:	e767      	b.n	10002cc8 <_etoa+0x2cc>
10002df8:	9b11      	ldr	r3, [sp, #68]	@ 0x44
10002dfa:	2b00      	cmp	r3, #0
10002dfc:	d100      	bne.n	10002e00 <_etoa+0x404>
10002dfe:	e763      	b.n	10002cc8 <_etoa+0x2cc>
10002e00:	9b20      	ldr	r3, [sp, #128]	@ 0x80
10002e02:	3b01      	subs	r3, #1
10002e04:	9320      	str	r3, [sp, #128]	@ 0x80
10002e06:	e75f      	b.n	10002cc8 <_etoa+0x2cc>
10002e08:	2300      	movs	r3, #0
10002e0a:	4698      	mov	r8, r3
10002e0c:	e762      	b.n	10002cd4 <_etoa+0x2d8>
10002e0e:	9e06      	ldr	r6, [sp, #24]
10002e10:	9f07      	ldr	r7, [sp, #28]
10002e12:	0032      	movs	r2, r6
10002e14:	0039      	movs	r1, r7
10002e16:	2080      	movs	r0, #128	@ 0x80
10002e18:	0600      	lsls	r0, r0, #24
10002e1a:	4684      	mov	ip, r0
10002e1c:	4461      	add	r1, ip
10002e1e:	000b      	movs	r3, r1
10002e20:	9206      	str	r2, [sp, #24]
10002e22:	9307      	str	r3, [sp, #28]
10002e24:	e775      	b.n	10002d12 <_etoa+0x316>
10002e26:	2765      	movs	r7, #101	@ 0x65
10002e28:	e78c      	b.n	10002d44 <_etoa+0x348>
10002e2a:	1c56      	adds	r6, r2, #1
10002e2c:	464b      	mov	r3, r9
10002e2e:	4651      	mov	r1, sl
10002e30:	2020      	movs	r0, #32
10002e32:	47a0      	blx	r4
10002e34:	0032      	movs	r2, r6
10002e36:	465b      	mov	r3, fp
10002e38:	1ad3      	subs	r3, r2, r3
10002e3a:	42bb      	cmp	r3, r7
10002e3c:	d3f5      	bcc.n	10002e2a <_etoa+0x42e>
10002e3e:	0010      	movs	r0, r2
10002e40:	e6fc      	b.n	10002c3c <_etoa+0x240>
10002e42:	46c0      	nop			@ (mov r8, r8)

10002e44 <_ftoa>:
10002e44:	b5f0      	push	{r4, r5, r6, r7, lr}
10002e46:	46de      	mov	lr, fp
10002e48:	4657      	mov	r7, sl
10002e4a:	464e      	mov	r6, r9
10002e4c:	4645      	mov	r5, r8
10002e4e:	b5e0      	push	{r5, r6, r7, lr}
10002e50:	b095      	sub	sp, #84	@ 0x54
10002e52:	4681      	mov	r9, r0
10002e54:	468a      	mov	sl, r1
10002e56:	4693      	mov	fp, r2
10002e58:	930a      	str	r3, [sp, #40]	@ 0x28
10002e5a:	9f20      	ldr	r7, [sp, #128]	@ 0x80
10002e5c:	9a1e      	ldr	r2, [sp, #120]	@ 0x78
10002e5e:	9b1f      	ldr	r3, [sp, #124]	@ 0x7c
10002e60:	0010      	movs	r0, r2
10002e62:	0019      	movs	r1, r3
10002e64:	f7ff faeb 	bl	1000243e <__wrap___aeabi_dcmpun>
10002e68:	2800      	cmp	r0, #0
10002e6a:	d131      	bne.n	10002ed0 <_ftoa+0x8c>
10002e6c:	2201      	movs	r2, #1
10002e6e:	4252      	negs	r2, r2
10002e70:	4bba      	ldr	r3, [pc, #744]	@ (1000315c <_ftoa+0x318>)
10002e72:	981e      	ldr	r0, [sp, #120]	@ 0x78
10002e74:	991f      	ldr	r1, [sp, #124]	@ 0x7c
10002e76:	f7ff fac7 	bl	10002408 <__wrap___aeabi_dcmplt>
10002e7a:	2800      	cmp	r0, #0
10002e7c:	d137      	bne.n	10002eee <_ftoa+0xaa>
10002e7e:	2201      	movs	r2, #1
10002e80:	4252      	negs	r2, r2
10002e82:	4bb7      	ldr	r3, [pc, #732]	@ (10003160 <_ftoa+0x31c>)
10002e84:	981e      	ldr	r0, [sp, #120]	@ 0x78
10002e86:	991f      	ldr	r1, [sp, #124]	@ 0x7c
10002e88:	f7ff fad4 	bl	10002434 <__wrap___aeabi_dcmpgt>
10002e8c:	2800      	cmp	r0, #0
10002e8e:	d13d      	bne.n	10002f0c <_ftoa+0xc8>
10002e90:	2200      	movs	r2, #0
10002e92:	4bb4      	ldr	r3, [pc, #720]	@ (10003164 <_ftoa+0x320>)
10002e94:	981e      	ldr	r0, [sp, #120]	@ 0x78
10002e96:	991f      	ldr	r1, [sp, #124]	@ 0x7c
10002e98:	f7ff facc 	bl	10002434 <__wrap___aeabi_dcmpgt>
10002e9c:	2800      	cmp	r0, #0
10002e9e:	d14a      	bne.n	10002f36 <_ftoa+0xf2>
10002ea0:	2200      	movs	r2, #0
10002ea2:	4bb1      	ldr	r3, [pc, #708]	@ (10003168 <_ftoa+0x324>)
10002ea4:	981e      	ldr	r0, [sp, #120]	@ 0x78
10002ea6:	991f      	ldr	r1, [sp, #124]	@ 0x7c
10002ea8:	f7ff faae 	bl	10002408 <__wrap___aeabi_dcmplt>
10002eac:	2800      	cmp	r0, #0
10002eae:	d142      	bne.n	10002f36 <_ftoa+0xf2>
10002eb0:	2200      	movs	r2, #0
10002eb2:	2300      	movs	r3, #0
10002eb4:	981e      	ldr	r0, [sp, #120]	@ 0x78
10002eb6:	991f      	ldr	r1, [sp, #124]	@ 0x7c
10002eb8:	f7ff faa6 	bl	10002408 <__wrap___aeabi_dcmplt>
10002ebc:	2800      	cmp	r0, #0
10002ebe:	d14a      	bne.n	10002f56 <_ftoa+0x112>
10002ec0:	2300      	movs	r3, #0
10002ec2:	930b      	str	r3, [sp, #44]	@ 0x2c
10002ec4:	9b22      	ldr	r3, [sp, #136]	@ 0x88
10002ec6:	055b      	lsls	r3, r3, #21
10002ec8:	d400      	bmi.n	10002ecc <_ftoa+0x88>
10002eca:	e0af      	b.n	1000302c <_ftoa+0x1e8>
10002ecc:	2400      	movs	r4, #0
10002ece:	e052      	b.n	10002f76 <_ftoa+0x132>
10002ed0:	9b22      	ldr	r3, [sp, #136]	@ 0x88
10002ed2:	9303      	str	r3, [sp, #12]
10002ed4:	9b21      	ldr	r3, [sp, #132]	@ 0x84
10002ed6:	9302      	str	r3, [sp, #8]
10002ed8:	2303      	movs	r3, #3
10002eda:	9301      	str	r3, [sp, #4]
10002edc:	4ba3      	ldr	r3, [pc, #652]	@ (1000316c <_ftoa+0x328>)
10002ede:	9300      	str	r3, [sp, #0]
10002ee0:	9b0a      	ldr	r3, [sp, #40]	@ 0x28
10002ee2:	465a      	mov	r2, fp
10002ee4:	4651      	mov	r1, sl
10002ee6:	4648      	mov	r0, r9
10002ee8:	f7ff fbce 	bl	10002688 <_out_rev>
10002eec:	e11f      	b.n	1000312e <_ftoa+0x2ea>
10002eee:	9b22      	ldr	r3, [sp, #136]	@ 0x88
10002ef0:	9303      	str	r3, [sp, #12]
10002ef2:	9b21      	ldr	r3, [sp, #132]	@ 0x84
10002ef4:	9302      	str	r3, [sp, #8]
10002ef6:	2304      	movs	r3, #4
10002ef8:	9301      	str	r3, [sp, #4]
10002efa:	4b9d      	ldr	r3, [pc, #628]	@ (10003170 <_ftoa+0x32c>)
10002efc:	9300      	str	r3, [sp, #0]
10002efe:	9b0a      	ldr	r3, [sp, #40]	@ 0x28
10002f00:	465a      	mov	r2, fp
10002f02:	4651      	mov	r1, sl
10002f04:	4648      	mov	r0, r9
10002f06:	f7ff fbbf 	bl	10002688 <_out_rev>
10002f0a:	e110      	b.n	1000312e <_ftoa+0x2ea>
10002f0c:	9b22      	ldr	r3, [sp, #136]	@ 0x88
10002f0e:	075b      	lsls	r3, r3, #29
10002f10:	d50e      	bpl.n	10002f30 <_ftoa+0xec>
10002f12:	4b98      	ldr	r3, [pc, #608]	@ (10003174 <_ftoa+0x330>)
10002f14:	2204      	movs	r2, #4
10002f16:	9922      	ldr	r1, [sp, #136]	@ 0x88
10002f18:	9103      	str	r1, [sp, #12]
10002f1a:	9921      	ldr	r1, [sp, #132]	@ 0x84
10002f1c:	9102      	str	r1, [sp, #8]
10002f1e:	9201      	str	r2, [sp, #4]
10002f20:	9300      	str	r3, [sp, #0]
10002f22:	9b0a      	ldr	r3, [sp, #40]	@ 0x28
10002f24:	465a      	mov	r2, fp
10002f26:	4651      	mov	r1, sl
10002f28:	4648      	mov	r0, r9
10002f2a:	f7ff fbad 	bl	10002688 <_out_rev>
10002f2e:	e0fe      	b.n	1000312e <_ftoa+0x2ea>
10002f30:	4b91      	ldr	r3, [pc, #580]	@ (10003178 <_ftoa+0x334>)
10002f32:	2203      	movs	r2, #3
10002f34:	e7ef      	b.n	10002f16 <_ftoa+0xd2>
10002f36:	9b22      	ldr	r3, [sp, #136]	@ 0x88
10002f38:	9304      	str	r3, [sp, #16]
10002f3a:	9b21      	ldr	r3, [sp, #132]	@ 0x84
10002f3c:	9303      	str	r3, [sp, #12]
10002f3e:	9702      	str	r7, [sp, #8]
10002f40:	9b1e      	ldr	r3, [sp, #120]	@ 0x78
10002f42:	9c1f      	ldr	r4, [sp, #124]	@ 0x7c
10002f44:	9300      	str	r3, [sp, #0]
10002f46:	9401      	str	r4, [sp, #4]
10002f48:	9b0a      	ldr	r3, [sp, #40]	@ 0x28
10002f4a:	465a      	mov	r2, fp
10002f4c:	4651      	mov	r1, sl
10002f4e:	4648      	mov	r0, r9
10002f50:	f7ff fd54 	bl	100029fc <_etoa>
10002f54:	e0eb      	b.n	1000312e <_ftoa+0x2ea>
10002f56:	9a1e      	ldr	r2, [sp, #120]	@ 0x78
10002f58:	9b1f      	ldr	r3, [sp, #124]	@ 0x7c
10002f5a:	2000      	movs	r0, #0
10002f5c:	2100      	movs	r1, #0
10002f5e:	f7ff f9f0 	bl	10002342 <__wrap___aeabi_dsub>
10002f62:	901e      	str	r0, [sp, #120]	@ 0x78
10002f64:	911f      	str	r1, [sp, #124]	@ 0x7c
10002f66:	2301      	movs	r3, #1
10002f68:	930b      	str	r3, [sp, #44]	@ 0x2c
10002f6a:	e7ab      	b.n	10002ec4 <_ftoa+0x80>
10002f6c:	ab0c      	add	r3, sp, #48	@ 0x30
10002f6e:	2230      	movs	r2, #48	@ 0x30
10002f70:	551a      	strb	r2, [r3, r4]
10002f72:	3f01      	subs	r7, #1
10002f74:	3401      	adds	r4, #1
10002f76:	2c1f      	cmp	r4, #31
10002f78:	d801      	bhi.n	10002f7e <_ftoa+0x13a>
10002f7a:	2f09      	cmp	r7, #9
10002f7c:	d8f6      	bhi.n	10002f6c <_ftoa+0x128>
10002f7e:	981e      	ldr	r0, [sp, #120]	@ 0x78
10002f80:	991f      	ldr	r1, [sp, #124]	@ 0x7c
10002f82:	f7ff fa85 	bl	10002490 <__wrap___aeabi_d2iz>
10002f86:	0005      	movs	r5, r0
10002f88:	f7ff fa6a 	bl	10002460 <__wrap___aeabi_i2d>
10002f8c:	0002      	movs	r2, r0
10002f8e:	000b      	movs	r3, r1
10002f90:	981e      	ldr	r0, [sp, #120]	@ 0x78
10002f92:	991f      	ldr	r1, [sp, #124]	@ 0x7c
10002f94:	f7ff f9d5 	bl	10002342 <__wrap___aeabi_dsub>
10002f98:	4b78      	ldr	r3, [pc, #480]	@ (1000317c <_ftoa+0x338>)
10002f9a:	00fa      	lsls	r2, r7, #3
10002f9c:	189b      	adds	r3, r3, r2
10002f9e:	cb0c      	ldmia	r3, {r2, r3}
10002fa0:	9208      	str	r2, [sp, #32]
10002fa2:	9309      	str	r3, [sp, #36]	@ 0x24
10002fa4:	f7ff f9f1 	bl	1000238a <__wrap___aeabi_dmul>
10002fa8:	9006      	str	r0, [sp, #24]
10002faa:	9107      	str	r1, [sp, #28]
10002fac:	f7ff fa94 	bl	100024d8 <__wrap___aeabi_d2uiz>
10002fb0:	0006      	movs	r6, r0
10002fb2:	f7ff fa51 	bl	10002458 <__wrap___aeabi_ui2d>
10002fb6:	0002      	movs	r2, r0
10002fb8:	000b      	movs	r3, r1
10002fba:	9806      	ldr	r0, [sp, #24]
10002fbc:	9907      	ldr	r1, [sp, #28]
10002fbe:	f7ff f9c0 	bl	10002342 <__wrap___aeabi_dsub>
10002fc2:	9006      	str	r0, [sp, #24]
10002fc4:	9107      	str	r1, [sp, #28]
10002fc6:	2200      	movs	r2, #0
10002fc8:	4b6d      	ldr	r3, [pc, #436]	@ (10003180 <_ftoa+0x33c>)
10002fca:	f7ff fa33 	bl	10002434 <__wrap___aeabi_dcmpgt>
10002fce:	2800      	cmp	r0, #0
10002fd0:	d02e      	beq.n	10003030 <_ftoa+0x1ec>
10002fd2:	3601      	adds	r6, #1
10002fd4:	0030      	movs	r0, r6
10002fd6:	f7ff fa3f 	bl	10002458 <__wrap___aeabi_ui2d>
10002fda:	0002      	movs	r2, r0
10002fdc:	000b      	movs	r3, r1
10002fde:	9808      	ldr	r0, [sp, #32]
10002fe0:	9909      	ldr	r1, [sp, #36]	@ 0x24
10002fe2:	f7ff fa17 	bl	10002414 <__wrap___aeabi_dcmple>
10002fe6:	2800      	cmp	r0, #0
10002fe8:	d001      	beq.n	10002fee <_ftoa+0x1aa>
10002fea:	3501      	adds	r5, #1
10002fec:	2600      	movs	r6, #0
10002fee:	2f00      	cmp	r7, #0
10002ff0:	d12c      	bne.n	1000304c <_ftoa+0x208>
10002ff2:	0028      	movs	r0, r5
10002ff4:	f7ff fa34 	bl	10002460 <__wrap___aeabi_i2d>
10002ff8:	0002      	movs	r2, r0
10002ffa:	000b      	movs	r3, r1
10002ffc:	981e      	ldr	r0, [sp, #120]	@ 0x78
10002ffe:	991f      	ldr	r1, [sp, #124]	@ 0x7c
10003000:	f7ff f99f 	bl	10002342 <__wrap___aeabi_dsub>
10003004:	0006      	movs	r6, r0
10003006:	000f      	movs	r7, r1
10003008:	2200      	movs	r2, #0
1000300a:	4b5d      	ldr	r3, [pc, #372]	@ (10003180 <_ftoa+0x33c>)
1000300c:	f7ff f9fc 	bl	10002408 <__wrap___aeabi_dcmplt>
10003010:	2800      	cmp	r0, #0
10003012:	d146      	bne.n	100030a2 <_ftoa+0x25e>
10003014:	2200      	movs	r2, #0
10003016:	4b5a      	ldr	r3, [pc, #360]	@ (10003180 <_ftoa+0x33c>)
10003018:	0030      	movs	r0, r6
1000301a:	0039      	movs	r1, r7
1000301c:	f7ff fa0a 	bl	10002434 <__wrap___aeabi_dcmpgt>
10003020:	2800      	cmp	r0, #0
10003022:	d13e      	bne.n	100030a2 <_ftoa+0x25e>
10003024:	07eb      	lsls	r3, r5, #31
10003026:	d53c      	bpl.n	100030a2 <_ftoa+0x25e>
10003028:	3501      	adds	r5, #1
1000302a:	e03a      	b.n	100030a2 <_ftoa+0x25e>
1000302c:	2706      	movs	r7, #6
1000302e:	e74d      	b.n	10002ecc <_ftoa+0x88>
10003030:	2200      	movs	r2, #0
10003032:	4b53      	ldr	r3, [pc, #332]	@ (10003180 <_ftoa+0x33c>)
10003034:	9806      	ldr	r0, [sp, #24]
10003036:	9907      	ldr	r1, [sp, #28]
10003038:	f7ff f9e6 	bl	10002408 <__wrap___aeabi_dcmplt>
1000303c:	2800      	cmp	r0, #0
1000303e:	d1d6      	bne.n	10002fee <_ftoa+0x1aa>
10003040:	2e00      	cmp	r6, #0
10003042:	d001      	beq.n	10003048 <_ftoa+0x204>
10003044:	07f3      	lsls	r3, r6, #31
10003046:	d5d2      	bpl.n	10002fee <_ftoa+0x1aa>
10003048:	3601      	adds	r6, #1
1000304a:	e7d0      	b.n	10002fee <_ftoa+0x1aa>
1000304c:	46a8      	mov	r8, r5
1000304e:	2c1f      	cmp	r4, #31
10003050:	d811      	bhi.n	10003076 <_ftoa+0x232>
10003052:	3f01      	subs	r7, #1
10003054:	210a      	movs	r1, #10
10003056:	0030      	movs	r0, r6
10003058:	f7fe ff38 	bl	10001ecc <__wrap___aeabi_uidiv>
1000305c:	1c65      	adds	r5, r4, #1
1000305e:	3130      	adds	r1, #48	@ 0x30
10003060:	ab0c      	add	r3, sp, #48	@ 0x30
10003062:	5519      	strb	r1, [r3, r4]
10003064:	210a      	movs	r1, #10
10003066:	0030      	movs	r0, r6
10003068:	f7fe ff30 	bl	10001ecc <__wrap___aeabi_uidiv>
1000306c:	2e09      	cmp	r6, #9
1000306e:	d90e      	bls.n	1000308e <_ftoa+0x24a>
10003070:	0006      	movs	r6, r0
10003072:	002c      	movs	r4, r5
10003074:	e7eb      	b.n	1000304e <_ftoa+0x20a>
10003076:	4645      	mov	r5, r8
10003078:	2c1f      	cmp	r4, #31
1000307a:	d80c      	bhi.n	10003096 <_ftoa+0x252>
1000307c:	1e7b      	subs	r3, r7, #1
1000307e:	2f00      	cmp	r7, #0
10003080:	d009      	beq.n	10003096 <_ftoa+0x252>
10003082:	aa0c      	add	r2, sp, #48	@ 0x30
10003084:	2130      	movs	r1, #48	@ 0x30
10003086:	5511      	strb	r1, [r2, r4]
10003088:	001f      	movs	r7, r3
1000308a:	3401      	adds	r4, #1
1000308c:	e7f4      	b.n	10003078 <_ftoa+0x234>
1000308e:	002b      	movs	r3, r5
10003090:	4645      	mov	r5, r8
10003092:	001c      	movs	r4, r3
10003094:	e7f0      	b.n	10003078 <_ftoa+0x234>
10003096:	2c1f      	cmp	r4, #31
10003098:	d803      	bhi.n	100030a2 <_ftoa+0x25e>
1000309a:	ab0c      	add	r3, sp, #48	@ 0x30
1000309c:	222e      	movs	r2, #46	@ 0x2e
1000309e:	551a      	strb	r2, [r3, r4]
100030a0:	3401      	adds	r4, #1
100030a2:	2c1f      	cmp	r4, #31
100030a4:	d810      	bhi.n	100030c8 <_ftoa+0x284>
100030a6:	210a      	movs	r1, #10
100030a8:	0028      	movs	r0, r5
100030aa:	f7fe fee7 	bl	10001e7c <__wrap___aeabi_idiv>
100030ae:	1c66      	adds	r6, r4, #1
100030b0:	3130      	adds	r1, #48	@ 0x30
100030b2:	ab0c      	add	r3, sp, #48	@ 0x30
100030b4:	5519      	strb	r1, [r3, r4]
100030b6:	210a      	movs	r1, #10
100030b8:	0028      	movs	r0, r5
100030ba:	f7fe fedf 	bl	10001e7c <__wrap___aeabi_idiv>
100030be:	1e05      	subs	r5, r0, #0
100030c0:	d001      	beq.n	100030c6 <_ftoa+0x282>
100030c2:	0034      	movs	r4, r6
100030c4:	e7ed      	b.n	100030a2 <_ftoa+0x25e>
100030c6:	0034      	movs	r4, r6
100030c8:	9b22      	ldr	r3, [sp, #136]	@ 0x88
100030ca:	079b      	lsls	r3, r3, #30
100030cc:	d419      	bmi.n	10003102 <_ftoa+0x2be>
100030ce:	9b22      	ldr	r3, [sp, #136]	@ 0x88
100030d0:	07db      	lsls	r3, r3, #31
100030d2:	d516      	bpl.n	10003102 <_ftoa+0x2be>
100030d4:	9b21      	ldr	r3, [sp, #132]	@ 0x84
100030d6:	2b00      	cmp	r3, #0
100030d8:	d00e      	beq.n	100030f8 <_ftoa+0x2b4>
100030da:	9b0b      	ldr	r3, [sp, #44]	@ 0x2c
100030dc:	2b00      	cmp	r3, #0
100030de:	d103      	bne.n	100030e8 <_ftoa+0x2a4>
100030e0:	330c      	adds	r3, #12
100030e2:	9a22      	ldr	r2, [sp, #136]	@ 0x88
100030e4:	4213      	tst	r3, r2
100030e6:	d007      	beq.n	100030f8 <_ftoa+0x2b4>
100030e8:	9b21      	ldr	r3, [sp, #132]	@ 0x84
100030ea:	3b01      	subs	r3, #1
100030ec:	9321      	str	r3, [sp, #132]	@ 0x84
100030ee:	e003      	b.n	100030f8 <_ftoa+0x2b4>
100030f0:	ab0c      	add	r3, sp, #48	@ 0x30
100030f2:	2230      	movs	r2, #48	@ 0x30
100030f4:	551a      	strb	r2, [r3, r4]
100030f6:	3401      	adds	r4, #1
100030f8:	9b21      	ldr	r3, [sp, #132]	@ 0x84
100030fa:	429c      	cmp	r4, r3
100030fc:	d201      	bcs.n	10003102 <_ftoa+0x2be>
100030fe:	2c1f      	cmp	r4, #31
10003100:	d9f6      	bls.n	100030f0 <_ftoa+0x2ac>
10003102:	2c1f      	cmp	r4, #31
10003104:	d806      	bhi.n	10003114 <_ftoa+0x2d0>
10003106:	9b0b      	ldr	r3, [sp, #44]	@ 0x2c
10003108:	2b00      	cmp	r3, #0
1000310a:	d017      	beq.n	1000313c <_ftoa+0x2f8>
1000310c:	ab0c      	add	r3, sp, #48	@ 0x30
1000310e:	222d      	movs	r2, #45	@ 0x2d
10003110:	551a      	strb	r2, [r3, r4]
10003112:	3401      	adds	r4, #1
10003114:	9b22      	ldr	r3, [sp, #136]	@ 0x88
10003116:	9303      	str	r3, [sp, #12]
10003118:	9b21      	ldr	r3, [sp, #132]	@ 0x84
1000311a:	9302      	str	r3, [sp, #8]
1000311c:	9401      	str	r4, [sp, #4]
1000311e:	ab0c      	add	r3, sp, #48	@ 0x30
10003120:	9300      	str	r3, [sp, #0]
10003122:	9b0a      	ldr	r3, [sp, #40]	@ 0x28
10003124:	465a      	mov	r2, fp
10003126:	4651      	mov	r1, sl
10003128:	4648      	mov	r0, r9
1000312a:	f7ff faad 	bl	10002688 <_out_rev>
1000312e:	b015      	add	sp, #84	@ 0x54
10003130:	bcf0      	pop	{r4, r5, r6, r7}
10003132:	46bb      	mov	fp, r7
10003134:	46b2      	mov	sl, r6
10003136:	46a9      	mov	r9, r5
10003138:	46a0      	mov	r8, r4
1000313a:	bdf0      	pop	{r4, r5, r6, r7, pc}
1000313c:	9b22      	ldr	r3, [sp, #136]	@ 0x88
1000313e:	075b      	lsls	r3, r3, #29
10003140:	d504      	bpl.n	1000314c <_ftoa+0x308>
10003142:	ab0c      	add	r3, sp, #48	@ 0x30
10003144:	222b      	movs	r2, #43	@ 0x2b
10003146:	551a      	strb	r2, [r3, r4]
10003148:	3401      	adds	r4, #1
1000314a:	e7e3      	b.n	10003114 <_ftoa+0x2d0>
1000314c:	9b22      	ldr	r3, [sp, #136]	@ 0x88
1000314e:	071b      	lsls	r3, r3, #28
10003150:	d5e0      	bpl.n	10003114 <_ftoa+0x2d0>
10003152:	ab0c      	add	r3, sp, #48	@ 0x30
10003154:	2220      	movs	r2, #32
10003156:	551a      	strb	r2, [r3, r4]
10003158:	3401      	adds	r4, #1
1000315a:	e7db      	b.n	10003114 <_ftoa+0x2d0>
1000315c:	ffefffff 	.word	0xffefffff
10003160:	7fefffff 	.word	0x7fefffff
10003164:	41cdcd65 	.word	0x41cdcd65
10003168:	c1cdcd65 	.word	0xc1cdcd65
1000316c:	100081ec 	.word	0x100081ec
10003170:	100081f0 	.word	0x100081f0
10003174:	100081e0 	.word	0x100081e0
10003178:	100081e8 	.word	0x100081e8
1000317c:	10008a28 	.word	0x10008a28
10003180:	3fe00000 	.word	0x3fe00000

10003184 <_vsnprintf>:
10003184:	b5f0      	push	{r4, r5, r6, r7, lr}
10003186:	46de      	mov	lr, fp
10003188:	4657      	mov	r7, sl
1000318a:	464e      	mov	r6, r9
1000318c:	4645      	mov	r5, r8
1000318e:	b5e0      	push	{r5, r6, r7, lr}
10003190:	b08f      	sub	sp, #60	@ 0x3c
10003192:	0007      	movs	r7, r0
10003194:	4689      	mov	r9, r1
10003196:	4690      	mov	r8, r2
10003198:	930d      	str	r3, [sp, #52]	@ 0x34
1000319a:	2900      	cmp	r1, #0
1000319c:	d100      	bne.n	100031a0 <_vsnprintf+0x1c>
1000319e:	e31d      	b.n	100037dc <_vsnprintf+0x658>
100031a0:	2500      	movs	r5, #0
100031a2:	e008      	b.n	100031b6 <_vsnprintf+0x32>
100031a4:	1c6c      	adds	r4, r5, #1
100031a6:	4643      	mov	r3, r8
100031a8:	002a      	movs	r2, r5
100031aa:	4649      	mov	r1, r9
100031ac:	47b8      	blx	r7
100031ae:	9b0d      	ldr	r3, [sp, #52]	@ 0x34
100031b0:	3301      	adds	r3, #1
100031b2:	930d      	str	r3, [sp, #52]	@ 0x34
100031b4:	0025      	movs	r5, r4
100031b6:	9b0d      	ldr	r3, [sp, #52]	@ 0x34
100031b8:	7818      	ldrb	r0, [r3, #0]
100031ba:	2800      	cmp	r0, #0
100031bc:	d100      	bne.n	100031c0 <_vsnprintf+0x3c>
100031be:	e30f      	b.n	100037e0 <_vsnprintf+0x65c>
100031c0:	2825      	cmp	r0, #37	@ 0x25
100031c2:	d1ef      	bne.n	100031a4 <_vsnprintf+0x20>
100031c4:	3301      	adds	r3, #1
100031c6:	930d      	str	r3, [sp, #52]	@ 0x34
100031c8:	2400      	movs	r4, #0
100031ca:	e020      	b.n	1000320e <_vsnprintf+0x8a>
100031cc:	2301      	movs	r3, #1
100031ce:	431c      	orrs	r4, r3
100031d0:	3201      	adds	r2, #1
100031d2:	920d      	str	r2, [sp, #52]	@ 0x34
100031d4:	2601      	movs	r6, #1
100031d6:	e018      	b.n	1000320a <_vsnprintf+0x86>
100031d8:	2302      	movs	r3, #2
100031da:	431c      	orrs	r4, r3
100031dc:	3201      	adds	r2, #1
100031de:	920d      	str	r2, [sp, #52]	@ 0x34
100031e0:	2601      	movs	r6, #1
100031e2:	e012      	b.n	1000320a <_vsnprintf+0x86>
100031e4:	2304      	movs	r3, #4
100031e6:	431c      	orrs	r4, r3
100031e8:	3201      	adds	r2, #1
100031ea:	920d      	str	r2, [sp, #52]	@ 0x34
100031ec:	2601      	movs	r6, #1
100031ee:	e00c      	b.n	1000320a <_vsnprintf+0x86>
100031f0:	2308      	movs	r3, #8
100031f2:	431c      	orrs	r4, r3
100031f4:	3201      	adds	r2, #1
100031f6:	920d      	str	r2, [sp, #52]	@ 0x34
100031f8:	2601      	movs	r6, #1
100031fa:	e006      	b.n	1000320a <_vsnprintf+0x86>
100031fc:	2310      	movs	r3, #16
100031fe:	431c      	orrs	r4, r3
10003200:	3201      	adds	r2, #1
10003202:	920d      	str	r2, [sp, #52]	@ 0x34
10003204:	2601      	movs	r6, #1
10003206:	e000      	b.n	1000320a <_vsnprintf+0x86>
10003208:	2600      	movs	r6, #0
1000320a:	2e00      	cmp	r6, #0
1000320c:	d009      	beq.n	10003222 <_vsnprintf+0x9e>
1000320e:	9a0d      	ldr	r2, [sp, #52]	@ 0x34
10003210:	7813      	ldrb	r3, [r2, #0]
10003212:	3b20      	subs	r3, #32
10003214:	b2d9      	uxtb	r1, r3
10003216:	2910      	cmp	r1, #16
10003218:	d8f6      	bhi.n	10003208 <_vsnprintf+0x84>
1000321a:	008b      	lsls	r3, r1, #2
1000321c:	49bd      	ldr	r1, [pc, #756]	@ (10003514 <_vsnprintf+0x390>)
1000321e:	58cb      	ldr	r3, [r1, r3]
10003220:	469f      	mov	pc, r3
10003222:	9b0d      	ldr	r3, [sp, #52]	@ 0x34
10003224:	781a      	ldrb	r2, [r3, #0]
10003226:	0013      	movs	r3, r2
10003228:	3b30      	subs	r3, #48	@ 0x30
1000322a:	b2db      	uxtb	r3, r3
1000322c:	2b09      	cmp	r3, #9
1000322e:	d910      	bls.n	10003252 <_vsnprintf+0xce>
10003230:	2a2a      	cmp	r2, #42	@ 0x2a
10003232:	d013      	beq.n	1000325c <_vsnprintf+0xd8>
10003234:	960b      	str	r6, [sp, #44]	@ 0x2c
10003236:	9b0d      	ldr	r3, [sp, #52]	@ 0x34
10003238:	781a      	ldrb	r2, [r3, #0]
1000323a:	2a2e      	cmp	r2, #46	@ 0x2e
1000323c:	d01e      	beq.n	1000327c <_vsnprintf+0xf8>
1000323e:	9a0d      	ldr	r2, [sp, #52]	@ 0x34
10003240:	7813      	ldrb	r3, [r2, #0]
10003242:	3b68      	subs	r3, #104	@ 0x68
10003244:	b2d9      	uxtb	r1, r3
10003246:	2912      	cmp	r1, #18
10003248:	d859      	bhi.n	100032fe <_vsnprintf+0x17a>
1000324a:	008b      	lsls	r3, r1, #2
1000324c:	49b2      	ldr	r1, [pc, #712]	@ (10003518 <_vsnprintf+0x394>)
1000324e:	58cb      	ldr	r3, [r1, r3]
10003250:	469f      	mov	pc, r3
10003252:	a80d      	add	r0, sp, #52	@ 0x34
10003254:	f7ff fa06 	bl	10002664 <_atoi>
10003258:	900b      	str	r0, [sp, #44]	@ 0x2c
1000325a:	e7ec      	b.n	10003236 <_vsnprintf+0xb2>
1000325c:	9b18      	ldr	r3, [sp, #96]	@ 0x60
1000325e:	1d1a      	adds	r2, r3, #4
10003260:	9218      	str	r2, [sp, #96]	@ 0x60
10003262:	681b      	ldr	r3, [r3, #0]
10003264:	2b00      	cmp	r3, #0
10003266:	db04      	blt.n	10003272 <_vsnprintf+0xee>
10003268:	930b      	str	r3, [sp, #44]	@ 0x2c
1000326a:	9b0d      	ldr	r3, [sp, #52]	@ 0x34
1000326c:	3301      	adds	r3, #1
1000326e:	930d      	str	r3, [sp, #52]	@ 0x34
10003270:	e7e1      	b.n	10003236 <_vsnprintf+0xb2>
10003272:	2202      	movs	r2, #2
10003274:	4314      	orrs	r4, r2
10003276:	425b      	negs	r3, r3
10003278:	930b      	str	r3, [sp, #44]	@ 0x2c
1000327a:	e7f6      	b.n	1000326a <_vsnprintf+0xe6>
1000327c:	2280      	movs	r2, #128	@ 0x80
1000327e:	00d2      	lsls	r2, r2, #3
10003280:	4314      	orrs	r4, r2
10003282:	1c5a      	adds	r2, r3, #1
10003284:	920d      	str	r2, [sp, #52]	@ 0x34
10003286:	785a      	ldrb	r2, [r3, #1]
10003288:	0013      	movs	r3, r2
1000328a:	3b30      	subs	r3, #48	@ 0x30
1000328c:	b2db      	uxtb	r3, r3
1000328e:	2b09      	cmp	r3, #9
10003290:	d90b      	bls.n	100032aa <_vsnprintf+0x126>
10003292:	2a2a      	cmp	r2, #42	@ 0x2a
10003294:	d1d3      	bne.n	1000323e <_vsnprintf+0xba>
10003296:	9b18      	ldr	r3, [sp, #96]	@ 0x60
10003298:	1d1a      	adds	r2, r3, #4
1000329a:	9218      	str	r2, [sp, #96]	@ 0x60
1000329c:	681e      	ldr	r6, [r3, #0]
1000329e:	2e00      	cmp	r6, #0
100032a0:	db08      	blt.n	100032b4 <_vsnprintf+0x130>
100032a2:	9b0d      	ldr	r3, [sp, #52]	@ 0x34
100032a4:	3301      	adds	r3, #1
100032a6:	930d      	str	r3, [sp, #52]	@ 0x34
100032a8:	e7c9      	b.n	1000323e <_vsnprintf+0xba>
100032aa:	a80d      	add	r0, sp, #52	@ 0x34
100032ac:	f7ff f9da 	bl	10002664 <_atoi>
100032b0:	0006      	movs	r6, r0
100032b2:	e7c4      	b.n	1000323e <_vsnprintf+0xba>
100032b4:	2600      	movs	r6, #0
100032b6:	e7f4      	b.n	100032a2 <_vsnprintf+0x11e>
100032b8:	2380      	movs	r3, #128	@ 0x80
100032ba:	005b      	lsls	r3, r3, #1
100032bc:	4323      	orrs	r3, r4
100032be:	1c51      	adds	r1, r2, #1
100032c0:	910d      	str	r1, [sp, #52]	@ 0x34
100032c2:	7851      	ldrb	r1, [r2, #1]
100032c4:	296c      	cmp	r1, #108	@ 0x6c
100032c6:	d001      	beq.n	100032cc <_vsnprintf+0x148>
100032c8:	001c      	movs	r4, r3
100032ca:	e018      	b.n	100032fe <_vsnprintf+0x17a>
100032cc:	23c0      	movs	r3, #192	@ 0xc0
100032ce:	009b      	lsls	r3, r3, #2
100032d0:	431c      	orrs	r4, r3
100032d2:	3202      	adds	r2, #2
100032d4:	920d      	str	r2, [sp, #52]	@ 0x34
100032d6:	e012      	b.n	100032fe <_vsnprintf+0x17a>
100032d8:	2380      	movs	r3, #128	@ 0x80
100032da:	4323      	orrs	r3, r4
100032dc:	1c51      	adds	r1, r2, #1
100032de:	910d      	str	r1, [sp, #52]	@ 0x34
100032e0:	7851      	ldrb	r1, [r2, #1]
100032e2:	2968      	cmp	r1, #104	@ 0x68
100032e4:	d001      	beq.n	100032ea <_vsnprintf+0x166>
100032e6:	001c      	movs	r4, r3
100032e8:	e009      	b.n	100032fe <_vsnprintf+0x17a>
100032ea:	23c0      	movs	r3, #192	@ 0xc0
100032ec:	431c      	orrs	r4, r3
100032ee:	3202      	adds	r2, #2
100032f0:	920d      	str	r2, [sp, #52]	@ 0x34
100032f2:	e004      	b.n	100032fe <_vsnprintf+0x17a>
100032f4:	2380      	movs	r3, #128	@ 0x80
100032f6:	005b      	lsls	r3, r3, #1
100032f8:	431c      	orrs	r4, r3
100032fa:	3201      	adds	r2, #1
100032fc:	920d      	str	r2, [sp, #52]	@ 0x34
100032fe:	9b0d      	ldr	r3, [sp, #52]	@ 0x34
10003300:	7818      	ldrb	r0, [r3, #0]
10003302:	2865      	cmp	r0, #101	@ 0x65
10003304:	d84a      	bhi.n	1000339c <_vsnprintf+0x218>
10003306:	2846      	cmp	r0, #70	@ 0x46
10003308:	d830      	bhi.n	1000336c <_vsnprintf+0x1e8>
1000330a:	2825      	cmp	r0, #37	@ 0x25
1000330c:	d100      	bne.n	10003310 <_vsnprintf+0x18c>
1000330e:	e25b      	b.n	100037c8 <_vsnprintf+0x644>
10003310:	2824      	cmp	r0, #36	@ 0x24
10003312:	d939      	bls.n	10003388 <_vsnprintf+0x204>
10003314:	2845      	cmp	r0, #69	@ 0x45
10003316:	d061      	beq.n	100033dc <_vsnprintf+0x258>
10003318:	2846      	cmp	r0, #70	@ 0x46
1000331a:	d135      	bne.n	10003388 <_vsnprintf+0x204>
1000331c:	2846      	cmp	r0, #70	@ 0x46
1000331e:	d100      	bne.n	10003322 <_vsnprintf+0x19e>
10003320:	e193      	b.n	1000364a <_vsnprintf+0x4c6>
10003322:	9b18      	ldr	r3, [sp, #96]	@ 0x60
10003324:	3307      	adds	r3, #7
10003326:	2207      	movs	r2, #7
10003328:	4393      	bics	r3, r2
1000332a:	001a      	movs	r2, r3
1000332c:	3208      	adds	r2, #8
1000332e:	9218      	str	r2, [sp, #96]	@ 0x60
10003330:	9404      	str	r4, [sp, #16]
10003332:	9a0b      	ldr	r2, [sp, #44]	@ 0x2c
10003334:	9203      	str	r2, [sp, #12]
10003336:	9602      	str	r6, [sp, #8]
10003338:	cb0c      	ldmia	r3, {r2, r3}
1000333a:	9200      	str	r2, [sp, #0]
1000333c:	9301      	str	r3, [sp, #4]
1000333e:	4643      	mov	r3, r8
10003340:	002a      	movs	r2, r5
10003342:	4649      	mov	r1, r9
10003344:	0038      	movs	r0, r7
10003346:	f7ff fd7d 	bl	10002e44 <_ftoa>
1000334a:	0005      	movs	r5, r0
1000334c:	9b0d      	ldr	r3, [sp, #52]	@ 0x34
1000334e:	3301      	adds	r3, #1
10003350:	930d      	str	r3, [sp, #52]	@ 0x34
10003352:	e730      	b.n	100031b6 <_vsnprintf+0x32>
10003354:	2380      	movs	r3, #128	@ 0x80
10003356:	009b      	lsls	r3, r3, #2
10003358:	431c      	orrs	r4, r3
1000335a:	3201      	adds	r2, #1
1000335c:	920d      	str	r2, [sp, #52]	@ 0x34
1000335e:	e7ce      	b.n	100032fe <_vsnprintf+0x17a>
10003360:	2380      	movs	r3, #128	@ 0x80
10003362:	005b      	lsls	r3, r3, #1
10003364:	431c      	orrs	r4, r3
10003366:	3201      	adds	r2, #1
10003368:	920d      	str	r2, [sp, #52]	@ 0x34
1000336a:	e7c8      	b.n	100032fe <_vsnprintf+0x17a>
1000336c:	0002      	movs	r2, r0
1000336e:	3a47      	subs	r2, #71	@ 0x47
10003370:	b2d2      	uxtb	r2, r2
10003372:	2301      	movs	r3, #1
10003374:	4093      	lsls	r3, r2
10003376:	4a69      	ldr	r2, [pc, #420]	@ (1000351c <_vsnprintf+0x398>)
10003378:	4213      	tst	r3, r2
1000337a:	d155      	bne.n	10003428 <_vsnprintf+0x2a4>
1000337c:	4a68      	ldr	r2, [pc, #416]	@ (10003520 <_vsnprintf+0x39c>)
1000337e:	4213      	tst	r3, r2
10003380:	d12c      	bne.n	100033dc <_vsnprintf+0x258>
10003382:	2863      	cmp	r0, #99	@ 0x63
10003384:	d100      	bne.n	10003388 <_vsnprintf+0x204>
10003386:	e163      	b.n	10003650 <_vsnprintf+0x4cc>
10003388:	1c6c      	adds	r4, r5, #1
1000338a:	4643      	mov	r3, r8
1000338c:	002a      	movs	r2, r5
1000338e:	4649      	mov	r1, r9
10003390:	47b8      	blx	r7
10003392:	9b0d      	ldr	r3, [sp, #52]	@ 0x34
10003394:	3301      	adds	r3, #1
10003396:	930d      	str	r3, [sp, #52]	@ 0x34
10003398:	0025      	movs	r5, r4
1000339a:	e70c      	b.n	100031b6 <_vsnprintf+0x32>
1000339c:	2878      	cmp	r0, #120	@ 0x78
1000339e:	d8f3      	bhi.n	10003388 <_vsnprintf+0x204>
100033a0:	2868      	cmp	r0, #104	@ 0x68
100033a2:	d917      	bls.n	100033d4 <_vsnprintf+0x250>
100033a4:	0002      	movs	r2, r0
100033a6:	3a69      	subs	r2, #105	@ 0x69
100033a8:	b2d2      	uxtb	r2, r2
100033aa:	2301      	movs	r3, #1
100033ac:	4093      	lsls	r3, r2
100033ae:	4a5d      	ldr	r2, [pc, #372]	@ (10003524 <_vsnprintf+0x3a0>)
100033b0:	4213      	tst	r3, r2
100033b2:	d139      	bne.n	10003428 <_vsnprintf+0x2a4>
100033b4:	2870      	cmp	r0, #112	@ 0x70
100033b6:	d100      	bne.n	100033ba <_vsnprintf+0x236>
100033b8:	e1ec      	b.n	10003794 <_vsnprintf+0x610>
100033ba:	2873      	cmp	r0, #115	@ 0x73
100033bc:	d1e4      	bne.n	10003388 <_vsnprintf+0x204>
100033be:	9b18      	ldr	r3, [sp, #96]	@ 0x60
100033c0:	1d1a      	adds	r2, r3, #4
100033c2:	9218      	str	r2, [sp, #96]	@ 0x60
100033c4:	681b      	ldr	r3, [r3, #0]
100033c6:	469b      	mov	fp, r3
100033c8:	2e00      	cmp	r6, #0
100033ca:	d100      	bne.n	100033ce <_vsnprintf+0x24a>
100033cc:	e17a      	b.n	100036c4 <_vsnprintf+0x540>
100033ce:	0032      	movs	r2, r6
100033d0:	465b      	mov	r3, fp
100033d2:	e17c      	b.n	100036ce <_vsnprintf+0x54a>
100033d4:	2866      	cmp	r0, #102	@ 0x66
100033d6:	d0a1      	beq.n	1000331c <_vsnprintf+0x198>
100033d8:	2867      	cmp	r0, #103	@ 0x67
100033da:	d1d5      	bne.n	10003388 <_vsnprintf+0x204>
100033dc:	2867      	cmp	r0, #103	@ 0x67
100033de:	d001      	beq.n	100033e4 <_vsnprintf+0x260>
100033e0:	2847      	cmp	r0, #71	@ 0x47
100033e2:	d102      	bne.n	100033ea <_vsnprintf+0x266>
100033e4:	2380      	movs	r3, #128	@ 0x80
100033e6:	011b      	lsls	r3, r3, #4
100033e8:	431c      	orrs	r4, r3
100033ea:	2845      	cmp	r0, #69	@ 0x45
100033ec:	d001      	beq.n	100033f2 <_vsnprintf+0x26e>
100033ee:	2847      	cmp	r0, #71	@ 0x47
100033f0:	d101      	bne.n	100033f6 <_vsnprintf+0x272>
100033f2:	2320      	movs	r3, #32
100033f4:	431c      	orrs	r4, r3
100033f6:	9b18      	ldr	r3, [sp, #96]	@ 0x60
100033f8:	3307      	adds	r3, #7
100033fa:	2207      	movs	r2, #7
100033fc:	4393      	bics	r3, r2
100033fe:	001a      	movs	r2, r3
10003400:	3208      	adds	r2, #8
10003402:	9218      	str	r2, [sp, #96]	@ 0x60
10003404:	9404      	str	r4, [sp, #16]
10003406:	9a0b      	ldr	r2, [sp, #44]	@ 0x2c
10003408:	9203      	str	r2, [sp, #12]
1000340a:	9602      	str	r6, [sp, #8]
1000340c:	cb0c      	ldmia	r3, {r2, r3}
1000340e:	9200      	str	r2, [sp, #0]
10003410:	9301      	str	r3, [sp, #4]
10003412:	4643      	mov	r3, r8
10003414:	002a      	movs	r2, r5
10003416:	4649      	mov	r1, r9
10003418:	0038      	movs	r0, r7
1000341a:	f7ff faef 	bl	100029fc <_etoa>
1000341e:	0005      	movs	r5, r0
10003420:	9b0d      	ldr	r3, [sp, #52]	@ 0x34
10003422:	3301      	adds	r3, #1
10003424:	930d      	str	r3, [sp, #52]	@ 0x34
10003426:	e6c6      	b.n	100031b6 <_vsnprintf+0x32>
10003428:	286f      	cmp	r0, #111	@ 0x6f
1000342a:	d00e      	beq.n	1000344a <_vsnprintf+0x2c6>
1000342c:	d806      	bhi.n	1000343c <_vsnprintf+0x2b8>
1000342e:	2858      	cmp	r0, #88	@ 0x58
10003430:	d03d      	beq.n	100034ae <_vsnprintf+0x32a>
10003432:	2862      	cmp	r0, #98	@ 0x62
10003434:	d104      	bne.n	10003440 <_vsnprintf+0x2bc>
10003436:	2302      	movs	r3, #2
10003438:	469a      	mov	sl, r3
1000343a:	e008      	b.n	1000344e <_vsnprintf+0x2ca>
1000343c:	2878      	cmp	r0, #120	@ 0x78
1000343e:	d039      	beq.n	100034b4 <_vsnprintf+0x330>
10003440:	2310      	movs	r3, #16
10003442:	439c      	bics	r4, r3
10003444:	3b06      	subs	r3, #6
10003446:	469a      	mov	sl, r3
10003448:	e001      	b.n	1000344e <_vsnprintf+0x2ca>
1000344a:	2308      	movs	r3, #8
1000344c:	469a      	mov	sl, r3
1000344e:	2858      	cmp	r0, #88	@ 0x58
10003450:	d033      	beq.n	100034ba <_vsnprintf+0x336>
10003452:	2869      	cmp	r0, #105	@ 0x69
10003454:	d003      	beq.n	1000345e <_vsnprintf+0x2da>
10003456:	2864      	cmp	r0, #100	@ 0x64
10003458:	d001      	beq.n	1000345e <_vsnprintf+0x2da>
1000345a:	230c      	movs	r3, #12
1000345c:	439c      	bics	r4, r3
1000345e:	0563      	lsls	r3, r4, #21
10003460:	d501      	bpl.n	10003466 <_vsnprintf+0x2e2>
10003462:	2301      	movs	r3, #1
10003464:	439c      	bics	r4, r3
10003466:	2869      	cmp	r0, #105	@ 0x69
10003468:	d02a      	beq.n	100034c0 <_vsnprintf+0x33c>
1000346a:	2864      	cmp	r0, #100	@ 0x64
1000346c:	d028      	beq.n	100034c0 <_vsnprintf+0x33c>
1000346e:	05a3      	lsls	r3, r4, #22
10003470:	d500      	bpl.n	10003474 <_vsnprintf+0x2f0>
10003472:	e0ac      	b.n	100035ce <_vsnprintf+0x44a>
10003474:	05e3      	lsls	r3, r4, #23
10003476:	d500      	bpl.n	1000347a <_vsnprintf+0x2f6>
10003478:	e0c4      	b.n	10003604 <_vsnprintf+0x480>
1000347a:	0663      	lsls	r3, r4, #25
1000347c:	d400      	bmi.n	10003480 <_vsnprintf+0x2fc>
1000347e:	e0d6      	b.n	1000362e <_vsnprintf+0x4aa>
10003480:	9b18      	ldr	r3, [sp, #96]	@ 0x60
10003482:	1d1a      	adds	r2, r3, #4
10003484:	9218      	str	r2, [sp, #96]	@ 0x60
10003486:	681a      	ldr	r2, [r3, #0]
10003488:	23ff      	movs	r3, #255	@ 0xff
1000348a:	4013      	ands	r3, r2
1000348c:	9405      	str	r4, [sp, #20]
1000348e:	9a0b      	ldr	r2, [sp, #44]	@ 0x2c
10003490:	9204      	str	r2, [sp, #16]
10003492:	9603      	str	r6, [sp, #12]
10003494:	4652      	mov	r2, sl
10003496:	9202      	str	r2, [sp, #8]
10003498:	2200      	movs	r2, #0
1000349a:	9201      	str	r2, [sp, #4]
1000349c:	9300      	str	r3, [sp, #0]
1000349e:	4643      	mov	r3, r8
100034a0:	002a      	movs	r2, r5
100034a2:	4649      	mov	r1, r9
100034a4:	0038      	movs	r0, r7
100034a6:	f7ff f9d1 	bl	1000284c <_ntoa_long>
100034aa:	0005      	movs	r5, r0
100034ac:	e02d      	b.n	1000350a <_vsnprintf+0x386>
100034ae:	2310      	movs	r3, #16
100034b0:	469a      	mov	sl, r3
100034b2:	e7cc      	b.n	1000344e <_vsnprintf+0x2ca>
100034b4:	2310      	movs	r3, #16
100034b6:	469a      	mov	sl, r3
100034b8:	e7c9      	b.n	1000344e <_vsnprintf+0x2ca>
100034ba:	2320      	movs	r3, #32
100034bc:	431c      	orrs	r4, r3
100034be:	e7c8      	b.n	10003452 <_vsnprintf+0x2ce>
100034c0:	05a3      	lsls	r3, r4, #22
100034c2:	d53d      	bpl.n	10003540 <_vsnprintf+0x3bc>
100034c4:	9b18      	ldr	r3, [sp, #96]	@ 0x60
100034c6:	3307      	adds	r3, #7
100034c8:	2207      	movs	r2, #7
100034ca:	4393      	bics	r3, r2
100034cc:	001a      	movs	r2, r3
100034ce:	3208      	adds	r2, #8
100034d0:	9218      	str	r2, [sp, #96]	@ 0x60
100034d2:	681a      	ldr	r2, [r3, #0]
100034d4:	4694      	mov	ip, r2
100034d6:	685b      	ldr	r3, [r3, #4]
100034d8:	469b      	mov	fp, r3
100034da:	2b00      	cmp	r3, #0
100034dc:	dd24      	ble.n	10003528 <_vsnprintf+0x3a4>
100034de:	4662      	mov	r2, ip
100034e0:	465b      	mov	r3, fp
100034e2:	9408      	str	r4, [sp, #32]
100034e4:	990b      	ldr	r1, [sp, #44]	@ 0x2c
100034e6:	9107      	str	r1, [sp, #28]
100034e8:	9606      	str	r6, [sp, #24]
100034ea:	4651      	mov	r1, sl
100034ec:	9104      	str	r1, [sp, #16]
100034ee:	2100      	movs	r1, #0
100034f0:	9105      	str	r1, [sp, #20]
100034f2:	4659      	mov	r1, fp
100034f4:	0fc9      	lsrs	r1, r1, #31
100034f6:	9102      	str	r1, [sp, #8]
100034f8:	9200      	str	r2, [sp, #0]
100034fa:	9301      	str	r3, [sp, #4]
100034fc:	4643      	mov	r3, r8
100034fe:	002a      	movs	r2, r5
10003500:	4649      	mov	r1, r9
10003502:	0038      	movs	r0, r7
10003504:	f7ff f9fe 	bl	10002904 <_ntoa_long_long>
10003508:	0005      	movs	r5, r0
1000350a:	9b0d      	ldr	r3, [sp, #52]	@ 0x34
1000350c:	3301      	adds	r3, #1
1000350e:	930d      	str	r3, [sp, #52]	@ 0x34
10003510:	e651      	b.n	100031b6 <_vsnprintf+0x32>
10003512:	46c0      	nop			@ (mov r8, r8)
10003514:	10008994 	.word	0x10008994
10003518:	100089d8 	.word	0x100089d8
1000351c:	28020000 	.word	0x28020000
10003520:	40000001 	.word	0x40000001
10003524:	00009041 	.word	0x00009041
10003528:	2b00      	cmp	r3, #0
1000352a:	d101      	bne.n	10003530 <_vsnprintf+0x3ac>
1000352c:	2a00      	cmp	r2, #0
1000352e:	d1d6      	bne.n	100034de <_vsnprintf+0x35a>
10003530:	4663      	mov	r3, ip
10003532:	465a      	mov	r2, fp
10003534:	0018      	movs	r0, r3
10003536:	0011      	movs	r1, r2
10003538:	2300      	movs	r3, #0
1000353a:	4242      	negs	r2, r0
1000353c:	418b      	sbcs	r3, r1
1000353e:	e7d0      	b.n	100034e2 <_vsnprintf+0x35e>
10003540:	05e3      	lsls	r3, r4, #23
10003542:	d519      	bpl.n	10003578 <_vsnprintf+0x3f4>
10003544:	9b18      	ldr	r3, [sp, #96]	@ 0x60
10003546:	1d1a      	adds	r2, r3, #4
10003548:	9218      	str	r2, [sp, #96]	@ 0x60
1000354a:	681b      	ldr	r3, [r3, #0]
1000354c:	2b00      	cmp	r3, #0
1000354e:	dd11      	ble.n	10003574 <_vsnprintf+0x3f0>
10003550:	001a      	movs	r2, r3
10003552:	9405      	str	r4, [sp, #20]
10003554:	990b      	ldr	r1, [sp, #44]	@ 0x2c
10003556:	9104      	str	r1, [sp, #16]
10003558:	9603      	str	r6, [sp, #12]
1000355a:	4651      	mov	r1, sl
1000355c:	9102      	str	r1, [sp, #8]
1000355e:	0fdb      	lsrs	r3, r3, #31
10003560:	9301      	str	r3, [sp, #4]
10003562:	9200      	str	r2, [sp, #0]
10003564:	4643      	mov	r3, r8
10003566:	002a      	movs	r2, r5
10003568:	4649      	mov	r1, r9
1000356a:	0038      	movs	r0, r7
1000356c:	f7ff f96e 	bl	1000284c <_ntoa_long>
10003570:	0005      	movs	r5, r0
10003572:	e7ca      	b.n	1000350a <_vsnprintf+0x386>
10003574:	425a      	negs	r2, r3
10003576:	e7ec      	b.n	10003552 <_vsnprintf+0x3ce>
10003578:	0663      	lsls	r3, r4, #25
1000357a:	d519      	bpl.n	100035b0 <_vsnprintf+0x42c>
1000357c:	9b18      	ldr	r3, [sp, #96]	@ 0x60
1000357e:	1d1a      	adds	r2, r3, #4
10003580:	9218      	str	r2, [sp, #96]	@ 0x60
10003582:	681a      	ldr	r2, [r3, #0]
10003584:	23ff      	movs	r3, #255	@ 0xff
10003586:	4013      	ands	r3, r2
10003588:	2b00      	cmp	r3, #0
1000358a:	dd1e      	ble.n	100035ca <_vsnprintf+0x446>
1000358c:	001a      	movs	r2, r3
1000358e:	9405      	str	r4, [sp, #20]
10003590:	990b      	ldr	r1, [sp, #44]	@ 0x2c
10003592:	9104      	str	r1, [sp, #16]
10003594:	9603      	str	r6, [sp, #12]
10003596:	4651      	mov	r1, sl
10003598:	9102      	str	r1, [sp, #8]
1000359a:	0fdb      	lsrs	r3, r3, #31
1000359c:	9301      	str	r3, [sp, #4]
1000359e:	9200      	str	r2, [sp, #0]
100035a0:	4643      	mov	r3, r8
100035a2:	002a      	movs	r2, r5
100035a4:	4649      	mov	r1, r9
100035a6:	0038      	movs	r0, r7
100035a8:	f7ff f950 	bl	1000284c <_ntoa_long>
100035ac:	0005      	movs	r5, r0
100035ae:	e7ac      	b.n	1000350a <_vsnprintf+0x386>
100035b0:	0623      	lsls	r3, r4, #24
100035b2:	d505      	bpl.n	100035c0 <_vsnprintf+0x43c>
100035b4:	9b18      	ldr	r3, [sp, #96]	@ 0x60
100035b6:	1d1a      	adds	r2, r3, #4
100035b8:	9218      	str	r2, [sp, #96]	@ 0x60
100035ba:	2200      	movs	r2, #0
100035bc:	5e9b      	ldrsh	r3, [r3, r2]
100035be:	e7e3      	b.n	10003588 <_vsnprintf+0x404>
100035c0:	9b18      	ldr	r3, [sp, #96]	@ 0x60
100035c2:	1d1a      	adds	r2, r3, #4
100035c4:	9218      	str	r2, [sp, #96]	@ 0x60
100035c6:	681b      	ldr	r3, [r3, #0]
100035c8:	e7de      	b.n	10003588 <_vsnprintf+0x404>
100035ca:	425a      	negs	r2, r3
100035cc:	e7df      	b.n	1000358e <_vsnprintf+0x40a>
100035ce:	9b18      	ldr	r3, [sp, #96]	@ 0x60
100035d0:	3307      	adds	r3, #7
100035d2:	2207      	movs	r2, #7
100035d4:	4393      	bics	r3, r2
100035d6:	001a      	movs	r2, r3
100035d8:	3208      	adds	r2, #8
100035da:	9218      	str	r2, [sp, #96]	@ 0x60
100035dc:	9408      	str	r4, [sp, #32]
100035de:	9a0b      	ldr	r2, [sp, #44]	@ 0x2c
100035e0:	9207      	str	r2, [sp, #28]
100035e2:	9606      	str	r6, [sp, #24]
100035e4:	4652      	mov	r2, sl
100035e6:	9204      	str	r2, [sp, #16]
100035e8:	2200      	movs	r2, #0
100035ea:	9205      	str	r2, [sp, #20]
100035ec:	9202      	str	r2, [sp, #8]
100035ee:	cb0c      	ldmia	r3, {r2, r3}
100035f0:	9200      	str	r2, [sp, #0]
100035f2:	9301      	str	r3, [sp, #4]
100035f4:	4643      	mov	r3, r8
100035f6:	002a      	movs	r2, r5
100035f8:	4649      	mov	r1, r9
100035fa:	0038      	movs	r0, r7
100035fc:	f7ff f982 	bl	10002904 <_ntoa_long_long>
10003600:	0005      	movs	r5, r0
10003602:	e782      	b.n	1000350a <_vsnprintf+0x386>
10003604:	9b18      	ldr	r3, [sp, #96]	@ 0x60
10003606:	1d1a      	adds	r2, r3, #4
10003608:	9218      	str	r2, [sp, #96]	@ 0x60
1000360a:	9405      	str	r4, [sp, #20]
1000360c:	9a0b      	ldr	r2, [sp, #44]	@ 0x2c
1000360e:	9204      	str	r2, [sp, #16]
10003610:	9603      	str	r6, [sp, #12]
10003612:	4652      	mov	r2, sl
10003614:	9202      	str	r2, [sp, #8]
10003616:	2200      	movs	r2, #0
10003618:	9201      	str	r2, [sp, #4]
1000361a:	681b      	ldr	r3, [r3, #0]
1000361c:	9300      	str	r3, [sp, #0]
1000361e:	4643      	mov	r3, r8
10003620:	002a      	movs	r2, r5
10003622:	4649      	mov	r1, r9
10003624:	0038      	movs	r0, r7
10003626:	f7ff f911 	bl	1000284c <_ntoa_long>
1000362a:	0005      	movs	r5, r0
1000362c:	e76d      	b.n	1000350a <_vsnprintf+0x386>
1000362e:	0623      	lsls	r3, r4, #24
10003630:	d506      	bpl.n	10003640 <_vsnprintf+0x4bc>
10003632:	9b18      	ldr	r3, [sp, #96]	@ 0x60
10003634:	1d1a      	adds	r2, r3, #4
10003636:	9218      	str	r2, [sp, #96]	@ 0x60
10003638:	681b      	ldr	r3, [r3, #0]
1000363a:	041b      	lsls	r3, r3, #16
1000363c:	0c1b      	lsrs	r3, r3, #16
1000363e:	e725      	b.n	1000348c <_vsnprintf+0x308>
10003640:	9b18      	ldr	r3, [sp, #96]	@ 0x60
10003642:	1d1a      	adds	r2, r3, #4
10003644:	9218      	str	r2, [sp, #96]	@ 0x60
10003646:	681b      	ldr	r3, [r3, #0]
10003648:	e720      	b.n	1000348c <_vsnprintf+0x308>
1000364a:	2320      	movs	r3, #32
1000364c:	431c      	orrs	r4, r3
1000364e:	e668      	b.n	10003322 <_vsnprintf+0x19e>
10003650:	2302      	movs	r3, #2
10003652:	001e      	movs	r6, r3
10003654:	4026      	ands	r6, r4
10003656:	4223      	tst	r3, r4
10003658:	d01e      	beq.n	10003698 <_vsnprintf+0x514>
1000365a:	2401      	movs	r4, #1
1000365c:	9b18      	ldr	r3, [sp, #96]	@ 0x60
1000365e:	1d1a      	adds	r2, r3, #4
10003660:	9218      	str	r2, [sp, #96]	@ 0x60
10003662:	1c6a      	adds	r2, r5, #1
10003664:	4693      	mov	fp, r2
10003666:	7818      	ldrb	r0, [r3, #0]
10003668:	4643      	mov	r3, r8
1000366a:	002a      	movs	r2, r5
1000366c:	4649      	mov	r1, r9
1000366e:	47b8      	blx	r7
10003670:	2e00      	cmp	r6, #0
10003672:	d116      	bne.n	100036a2 <_vsnprintf+0x51e>
10003674:	9b0d      	ldr	r3, [sp, #52]	@ 0x34
10003676:	3301      	adds	r3, #1
10003678:	930d      	str	r3, [sp, #52]	@ 0x34
1000367a:	465d      	mov	r5, fp
1000367c:	e59b      	b.n	100031b6 <_vsnprintf+0x32>
1000367e:	1c55      	adds	r5, r2, #1
10003680:	4643      	mov	r3, r8
10003682:	4649      	mov	r1, r9
10003684:	2020      	movs	r0, #32
10003686:	47b8      	blx	r7
10003688:	0023      	movs	r3, r4
1000368a:	002a      	movs	r2, r5
1000368c:	1c5c      	adds	r4, r3, #1
1000368e:	429e      	cmp	r6, r3
10003690:	d8f5      	bhi.n	1000367e <_vsnprintf+0x4fa>
10003692:	4656      	mov	r6, sl
10003694:	0015      	movs	r5, r2
10003696:	e7e1      	b.n	1000365c <_vsnprintf+0x4d8>
10003698:	2301      	movs	r3, #1
1000369a:	46b2      	mov	sl, r6
1000369c:	9e0b      	ldr	r6, [sp, #44]	@ 0x2c
1000369e:	002a      	movs	r2, r5
100036a0:	e7f4      	b.n	1000368c <_vsnprintf+0x508>
100036a2:	465a      	mov	r2, fp
100036a4:	46ba      	mov	sl, r7
100036a6:	9f0b      	ldr	r7, [sp, #44]	@ 0x2c
100036a8:	e006      	b.n	100036b8 <_vsnprintf+0x534>
100036aa:	1c56      	adds	r6, r2, #1
100036ac:	4643      	mov	r3, r8
100036ae:	4649      	mov	r1, r9
100036b0:	2020      	movs	r0, #32
100036b2:	47d0      	blx	sl
100036b4:	002c      	movs	r4, r5
100036b6:	0032      	movs	r2, r6
100036b8:	1c65      	adds	r5, r4, #1
100036ba:	42a7      	cmp	r7, r4
100036bc:	d8f5      	bhi.n	100036aa <_vsnprintf+0x526>
100036be:	4693      	mov	fp, r2
100036c0:	4657      	mov	r7, sl
100036c2:	e7d7      	b.n	10003674 <_vsnprintf+0x4f0>
100036c4:	2201      	movs	r2, #1
100036c6:	4252      	negs	r2, r2
100036c8:	e682      	b.n	100033d0 <_vsnprintf+0x24c>
100036ca:	3301      	adds	r3, #1
100036cc:	000a      	movs	r2, r1
100036ce:	7819      	ldrb	r1, [r3, #0]
100036d0:	2900      	cmp	r1, #0
100036d2:	d002      	beq.n	100036da <_vsnprintf+0x556>
100036d4:	1e51      	subs	r1, r2, #1
100036d6:	2a00      	cmp	r2, #0
100036d8:	d1f7      	bne.n	100036ca <_vsnprintf+0x546>
100036da:	465a      	mov	r2, fp
100036dc:	1a9b      	subs	r3, r3, r2
100036de:	2280      	movs	r2, #128	@ 0x80
100036e0:	00d2      	lsls	r2, r2, #3
100036e2:	0021      	movs	r1, r4
100036e4:	4011      	ands	r1, r2
100036e6:	468a      	mov	sl, r1
100036e8:	4214      	tst	r4, r2
100036ea:	d002      	beq.n	100036f2 <_vsnprintf+0x56e>
100036ec:	42b3      	cmp	r3, r6
100036ee:	d900      	bls.n	100036f2 <_vsnprintf+0x56e>
100036f0:	0033      	movs	r3, r6
100036f2:	2202      	movs	r2, #2
100036f4:	0011      	movs	r1, r2
100036f6:	4021      	ands	r1, r4
100036f8:	910c      	str	r1, [sp, #48]	@ 0x30
100036fa:	4222      	tst	r2, r4
100036fc:	d007      	beq.n	1000370e <_vsnprintf+0x58a>
100036fe:	002a      	movs	r2, r5
10003700:	0035      	movs	r5, r6
10003702:	465c      	mov	r4, fp
10003704:	469b      	mov	fp, r3
10003706:	003b      	movs	r3, r7
10003708:	4657      	mov	r7, sl
1000370a:	469a      	mov	sl, r3
1000370c:	e021      	b.n	10003752 <_vsnprintf+0x5ce>
1000370e:	002a      	movs	r2, r5
10003710:	4649      	mov	r1, r9
10003712:	46b1      	mov	r9, r6
10003714:	000e      	movs	r6, r1
10003716:	1c5c      	adds	r4, r3, #1
10003718:	990b      	ldr	r1, [sp, #44]	@ 0x2c
1000371a:	4299      	cmp	r1, r3
1000371c:	d907      	bls.n	1000372e <_vsnprintf+0x5aa>
1000371e:	1c55      	adds	r5, r2, #1
10003720:	4643      	mov	r3, r8
10003722:	0031      	movs	r1, r6
10003724:	2020      	movs	r0, #32
10003726:	47b8      	blx	r7
10003728:	0023      	movs	r3, r4
1000372a:	002a      	movs	r2, r5
1000372c:	e7f3      	b.n	10003716 <_vsnprintf+0x592>
1000372e:	0033      	movs	r3, r6
10003730:	464e      	mov	r6, r9
10003732:	4699      	mov	r9, r3
10003734:	0023      	movs	r3, r4
10003736:	0035      	movs	r5, r6
10003738:	465c      	mov	r4, fp
1000373a:	469b      	mov	fp, r3
1000373c:	003b      	movs	r3, r7
1000373e:	4657      	mov	r7, sl
10003740:	469a      	mov	sl, r3
10003742:	e006      	b.n	10003752 <_vsnprintf+0x5ce>
10003744:	001d      	movs	r5, r3
10003746:	3401      	adds	r4, #1
10003748:	1c56      	adds	r6, r2, #1
1000374a:	4643      	mov	r3, r8
1000374c:	4649      	mov	r1, r9
1000374e:	47d0      	blx	sl
10003750:	0032      	movs	r2, r6
10003752:	7820      	ldrb	r0, [r4, #0]
10003754:	2800      	cmp	r0, #0
10003756:	d004      	beq.n	10003762 <_vsnprintf+0x5de>
10003758:	2f00      	cmp	r7, #0
1000375a:	d0f4      	beq.n	10003746 <_vsnprintf+0x5c2>
1000375c:	1e6b      	subs	r3, r5, #1
1000375e:	2d00      	cmp	r5, #0
10003760:	d1f0      	bne.n	10003744 <_vsnprintf+0x5c0>
10003762:	0015      	movs	r5, r2
10003764:	465b      	mov	r3, fp
10003766:	4657      	mov	r7, sl
10003768:	9a0c      	ldr	r2, [sp, #48]	@ 0x30
1000376a:	2a00      	cmp	r2, #0
1000376c:	d103      	bne.n	10003776 <_vsnprintf+0x5f2>
1000376e:	9b0d      	ldr	r3, [sp, #52]	@ 0x34
10003770:	3301      	adds	r3, #1
10003772:	930d      	str	r3, [sp, #52]	@ 0x34
10003774:	e51f      	b.n	100031b6 <_vsnprintf+0x32>
10003776:	9e0b      	ldr	r6, [sp, #44]	@ 0x2c
10003778:	002a      	movs	r2, r5
1000377a:	1c5c      	adds	r4, r3, #1
1000377c:	429e      	cmp	r6, r3
1000377e:	d907      	bls.n	10003790 <_vsnprintf+0x60c>
10003780:	1c55      	adds	r5, r2, #1
10003782:	4643      	mov	r3, r8
10003784:	4649      	mov	r1, r9
10003786:	2020      	movs	r0, #32
10003788:	47b8      	blx	r7
1000378a:	0023      	movs	r3, r4
1000378c:	002a      	movs	r2, r5
1000378e:	e7f4      	b.n	1000377a <_vsnprintf+0x5f6>
10003790:	0015      	movs	r5, r2
10003792:	e7ec      	b.n	1000376e <_vsnprintf+0x5ea>
10003794:	2321      	movs	r3, #33	@ 0x21
10003796:	431c      	orrs	r4, r3
10003798:	9b18      	ldr	r3, [sp, #96]	@ 0x60
1000379a:	1d1a      	adds	r2, r3, #4
1000379c:	9218      	str	r2, [sp, #96]	@ 0x60
1000379e:	681b      	ldr	r3, [r3, #0]
100037a0:	9405      	str	r4, [sp, #20]
100037a2:	2208      	movs	r2, #8
100037a4:	9204      	str	r2, [sp, #16]
100037a6:	9603      	str	r6, [sp, #12]
100037a8:	3208      	adds	r2, #8
100037aa:	9202      	str	r2, [sp, #8]
100037ac:	2200      	movs	r2, #0
100037ae:	9201      	str	r2, [sp, #4]
100037b0:	9300      	str	r3, [sp, #0]
100037b2:	4643      	mov	r3, r8
100037b4:	002a      	movs	r2, r5
100037b6:	4649      	mov	r1, r9
100037b8:	0038      	movs	r0, r7
100037ba:	f7ff f847 	bl	1000284c <_ntoa_long>
100037be:	0005      	movs	r5, r0
100037c0:	9b0d      	ldr	r3, [sp, #52]	@ 0x34
100037c2:	3301      	adds	r3, #1
100037c4:	930d      	str	r3, [sp, #52]	@ 0x34
100037c6:	e4f6      	b.n	100031b6 <_vsnprintf+0x32>
100037c8:	1c6c      	adds	r4, r5, #1
100037ca:	4643      	mov	r3, r8
100037cc:	002a      	movs	r2, r5
100037ce:	4649      	mov	r1, r9
100037d0:	47b8      	blx	r7
100037d2:	9b0d      	ldr	r3, [sp, #52]	@ 0x34
100037d4:	3301      	adds	r3, #1
100037d6:	930d      	str	r3, [sp, #52]	@ 0x34
100037d8:	0025      	movs	r5, r4
100037da:	e4ec      	b.n	100031b6 <_vsnprintf+0x32>
100037dc:	4f09      	ldr	r7, [pc, #36]	@ (10003804 <_vsnprintf+0x680>)
100037de:	e4df      	b.n	100031a0 <_vsnprintf+0x1c>
100037e0:	4545      	cmp	r5, r8
100037e2:	d30d      	bcc.n	10003800 <_vsnprintf+0x67c>
100037e4:	4643      	mov	r3, r8
100037e6:	1e5a      	subs	r2, r3, #1
100037e8:	4643      	mov	r3, r8
100037ea:	4649      	mov	r1, r9
100037ec:	2000      	movs	r0, #0
100037ee:	47b8      	blx	r7
100037f0:	0028      	movs	r0, r5
100037f2:	b00f      	add	sp, #60	@ 0x3c
100037f4:	bcf0      	pop	{r4, r5, r6, r7}
100037f6:	46bb      	mov	fp, r7
100037f8:	46b2      	mov	sl, r6
100037fa:	46a9      	mov	r9, r5
100037fc:	46a0      	mov	r8, r4
100037fe:	bdf0      	pop	{r4, r5, r6, r7, pc}
10003800:	002a      	movs	r2, r5
10003802:	e7f1      	b.n	100037e8 <_vsnprintf+0x664>
10003804:	10002655 	.word	0x10002655

10003808 <vfctprintf>:
10003808:	b500      	push	{lr}
1000380a:	b085      	sub	sp, #20
1000380c:	468c      	mov	ip, r1
1000380e:	a902      	add	r1, sp, #8
10003810:	9002      	str	r0, [sp, #8]
10003812:	4660      	mov	r0, ip
10003814:	6048      	str	r0, [r1, #4]
10003816:	2001      	movs	r0, #1
10003818:	4684      	mov	ip, r0
1000381a:	4804      	ldr	r0, [pc, #16]	@ (1000382c <vfctprintf+0x24>)
1000381c:	9300      	str	r3, [sp, #0]
1000381e:	0013      	movs	r3, r2
10003820:	4662      	mov	r2, ip
10003822:	4252      	negs	r2, r2
10003824:	f7ff fcae 	bl	10003184 <_vsnprintf>
10003828:	b005      	add	sp, #20
1000382a:	bd00      	pop	{pc}
1000382c:	10002657 	.word	0x10002657

10003830 <_exit>:
10003830:	be00      	bkpt	0x0000
10003832:	e7fd      	b.n	10003830 <_exit>

10003834 <_fini>:
10003834:	4770      	bx	lr

10003836 <exit>:
10003836:	b510      	push	{r4, lr}
10003838:	f7ff fffa 	bl	10003830 <_exit>

1000383c <__assert_func>:
1000383c:	b510      	push	{r4, lr}
1000383e:	b082      	sub	sp, #8
10003840:	4684      	mov	ip, r0
10003842:	000c      	movs	r4, r1
10003844:	0019      	movs	r1, r3
10003846:	2a00      	cmp	r2, #0
10003848:	d00a      	beq.n	10003860 <__assert_func+0x24>
1000384a:	4b07      	ldr	r3, [pc, #28]	@ (10003868 <__assert_func+0x2c>)
1000384c:	4807      	ldr	r0, [pc, #28]	@ (1000386c <__assert_func+0x30>)
1000384e:	9201      	str	r2, [sp, #4]
10003850:	9300      	str	r3, [sp, #0]
10003852:	0023      	movs	r3, r4
10003854:	4662      	mov	r2, ip
10003856:	f000 f95f 	bl	10003b18 <__wrap_printf>
1000385a:	2001      	movs	r0, #1
1000385c:	f7ff ffe8 	bl	10003830 <_exit>
10003860:	4b03      	ldr	r3, [pc, #12]	@ (10003870 <__assert_func+0x34>)
10003862:	001a      	movs	r2, r3
10003864:	e7f2      	b.n	1000384c <__assert_func+0x10>
10003866:	46c0      	nop			@ (mov r8, r8)
10003868:	100081f8 	.word	0x100081f8
1000386c:	10008208 	.word	0x10008208
10003870:	10008810 	.word	0x10008810

10003874 <runtime_init>:
10003874:	b510      	push	{r4, lr}
10003876:	f3ef 8305 	mrs	r3, IPSR
1000387a:	2b00      	cmp	r3, #0
1000387c:	d000      	beq.n	10003880 <runtime_init+0xc>
1000387e:	be00      	bkpt	0x0000
10003880:	f7fe fa0c 	bl	10001c9c <runtime_run_initializers>
10003884:	4c03      	ldr	r4, [pc, #12]	@ (10003894 <runtime_init+0x20>)
10003886:	e001      	b.n	1000388c <runtime_init+0x18>
10003888:	cc08      	ldmia	r4!, {r3}
1000388a:	4798      	blx	r3
1000388c:	4b02      	ldr	r3, [pc, #8]	@ (10003898 <runtime_init+0x24>)
1000388e:	429c      	cmp	r4, r3
10003890:	d3fa      	bcc.n	10003888 <runtime_init+0x14>
10003892:	bd10      	pop	{r4, pc}
10003894:	10007808 	.word	0x10007808
10003898:	1000780c 	.word	0x1000780c

1000389c <stdio_out_chars_no_crlf>:
1000389c:	b510      	push	{r4, lr}
1000389e:	0003      	movs	r3, r0
100038a0:	0008      	movs	r0, r1
100038a2:	0011      	movs	r1, r2
100038a4:	681b      	ldr	r3, [r3, #0]
100038a6:	4798      	blx	r3
100038a8:	bd10      	pop	{r4, pc}
	...

100038ac <stdio_out_chars_crlf>:
100038ac:	b5f8      	push	{r3, r4, r5, r6, r7, lr}
100038ae:	0007      	movs	r7, r0
100038b0:	000d      	movs	r5, r1
100038b2:	0016      	movs	r6, r2
100038b4:	7d43      	ldrb	r3, [r0, #21]
100038b6:	2b00      	cmp	r3, #0
100038b8:	d002      	beq.n	100038c0 <stdio_out_chars_crlf+0x14>
100038ba:	2400      	movs	r4, #0
100038bc:	2000      	movs	r0, #0
100038be:	e00c      	b.n	100038da <stdio_out_chars_crlf+0x2e>
100038c0:	6803      	ldr	r3, [r0, #0]
100038c2:	0011      	movs	r1, r2
100038c4:	0028      	movs	r0, r5
100038c6:	4798      	blx	r3
100038c8:	e02b      	b.n	10003922 <stdio_out_chars_crlf+0x76>
100038ca:	7d3b      	ldrb	r3, [r7, #20]
100038cc:	e00f      	b.n	100038ee <stdio_out_chars_crlf+0x42>
100038ce:	683b      	ldr	r3, [r7, #0]
100038d0:	4814      	ldr	r0, [pc, #80]	@ (10003924 <stdio_out_chars_crlf+0x78>)
100038d2:	2102      	movs	r1, #2
100038d4:	4798      	blx	r3
100038d6:	1c60      	adds	r0, r4, #1
100038d8:	3401      	adds	r4, #1
100038da:	42b4      	cmp	r4, r6
100038dc:	da13      	bge.n	10003906 <stdio_out_chars_crlf+0x5a>
100038de:	2c00      	cmp	r4, #0
100038e0:	ddf3      	ble.n	100038ca <stdio_out_chars_crlf+0x1e>
100038e2:	1e63      	subs	r3, r4, #1
100038e4:	5ceb      	ldrb	r3, [r5, r3]
100038e6:	3b0d      	subs	r3, #13
100038e8:	425a      	negs	r2, r3
100038ea:	4153      	adcs	r3, r2
100038ec:	b2db      	uxtb	r3, r3
100038ee:	5d2a      	ldrb	r2, [r5, r4]
100038f0:	2a0a      	cmp	r2, #10
100038f2:	d1f1      	bne.n	100038d8 <stdio_out_chars_crlf+0x2c>
100038f4:	2b00      	cmp	r3, #0
100038f6:	d1ef      	bne.n	100038d8 <stdio_out_chars_crlf+0x2c>
100038f8:	42a0      	cmp	r0, r4
100038fa:	dae8      	bge.n	100038ce <stdio_out_chars_crlf+0x22>
100038fc:	683b      	ldr	r3, [r7, #0]
100038fe:	1a21      	subs	r1, r4, r0
10003900:	1828      	adds	r0, r5, r0
10003902:	4798      	blx	r3
10003904:	e7e3      	b.n	100038ce <stdio_out_chars_crlf+0x22>
10003906:	42b0      	cmp	r0, r6
10003908:	da03      	bge.n	10003912 <stdio_out_chars_crlf+0x66>
1000390a:	683b      	ldr	r3, [r7, #0]
1000390c:	1a31      	subs	r1, r6, r0
1000390e:	1828      	adds	r0, r5, r0
10003910:	4798      	blx	r3
10003912:	2e00      	cmp	r6, #0
10003914:	dd05      	ble.n	10003922 <stdio_out_chars_crlf+0x76>
10003916:	3e01      	subs	r6, #1
10003918:	5dab      	ldrb	r3, [r5, r6]
1000391a:	3b0d      	subs	r3, #13
1000391c:	425a      	negs	r2, r3
1000391e:	4153      	adcs	r3, r2
10003920:	753b      	strb	r3, [r7, #20]
10003922:	bdf8      	pop	{r3, r4, r5, r6, r7, pc}
10003924:	10008a78 	.word	0x10008a78

10003928 <stdio_stack_buffer_flush>:
10003928:	b570      	push	{r4, r5, r6, lr}
1000392a:	0005      	movs	r5, r0
1000392c:	6803      	ldr	r3, [r0, #0]
1000392e:	2b00      	cmp	r3, #0
10003930:	d016      	beq.n	10003960 <stdio_stack_buffer_flush+0x38>
10003932:	4b0c      	ldr	r3, [pc, #48]	@ (10003964 <stdio_stack_buffer_flush+0x3c>)
10003934:	681c      	ldr	r4, [r3, #0]
10003936:	e005      	b.n	10003944 <stdio_stack_buffer_flush+0x1c>
10003938:	0029      	movs	r1, r5
1000393a:	c904      	ldmia	r1!, {r2}
1000393c:	0020      	movs	r0, r4
1000393e:	f7ff ffb5 	bl	100038ac <stdio_out_chars_crlf>
10003942:	6924      	ldr	r4, [r4, #16]
10003944:	2c00      	cmp	r4, #0
10003946:	d009      	beq.n	1000395c <stdio_stack_buffer_flush+0x34>
10003948:	6823      	ldr	r3, [r4, #0]
1000394a:	2b00      	cmp	r3, #0
1000394c:	d0f9      	beq.n	10003942 <stdio_stack_buffer_flush+0x1a>
1000394e:	4b06      	ldr	r3, [pc, #24]	@ (10003968 <stdio_stack_buffer_flush+0x40>)
10003950:	681b      	ldr	r3, [r3, #0]
10003952:	2b00      	cmp	r3, #0
10003954:	d0f0      	beq.n	10003938 <stdio_stack_buffer_flush+0x10>
10003956:	42a3      	cmp	r3, r4
10003958:	d1f3      	bne.n	10003942 <stdio_stack_buffer_flush+0x1a>
1000395a:	e7ed      	b.n	10003938 <stdio_stack_buffer_flush+0x10>
1000395c:	2300      	movs	r3, #0
1000395e:	602b      	str	r3, [r5, #0]
10003960:	bd70      	pop	{r4, r5, r6, pc}
10003962:	46c0      	nop			@ (mov r8, r8)
10003964:	20016454 	.word	0x20016454
10003968:	2001645c 	.word	0x2001645c

1000396c <stdio_buffered_printer>:
1000396c:	b510      	push	{r4, lr}
1000396e:	680b      	ldr	r3, [r1, #0]
10003970:	1c5a      	adds	r2, r3, #1
10003972:	600a      	str	r2, [r1, #0]
10003974:	18cb      	adds	r3, r1, r3
10003976:	7118      	strb	r0, [r3, #4]
10003978:	2a80      	cmp	r2, #128	@ 0x80
1000397a:	d000      	beq.n	1000397e <stdio_buffered_printer+0x12>
1000397c:	bd10      	pop	{r4, pc}
1000397e:	0008      	movs	r0, r1
10003980:	f7ff ffd2 	bl	10003928 <stdio_stack_buffer_flush>
10003984:	e7fa      	b.n	1000397c <stdio_buffered_printer+0x10>
	...

10003988 <stdout_serialize_begin>:
10003988:	b510      	push	{r4, lr}
1000398a:	f7fd fec1 	bl	10001710 <time_us_64>
1000398e:	4a07      	ldr	r2, [pc, #28]	@ (100039ac <stdout_serialize_begin+0x24>)
10003990:	2300      	movs	r3, #0
10003992:	1812      	adds	r2, r2, r0
10003994:	414b      	adcs	r3, r1
10003996:	2b00      	cmp	r3, #0
10003998:	db03      	blt.n	100039a2 <stdout_serialize_begin+0x1a>
1000399a:	4805      	ldr	r0, [pc, #20]	@ (100039b0 <stdout_serialize_begin+0x28>)
1000399c:	f003 fec8 	bl	10007730 <__mutex_try_enter_block_until_veneer>
100039a0:	bd10      	pop	{r4, pc}
100039a2:	2201      	movs	r2, #1
100039a4:	4252      	negs	r2, r2
100039a6:	4b03      	ldr	r3, [pc, #12]	@ (100039b4 <stdout_serialize_begin+0x2c>)
100039a8:	e7f7      	b.n	1000399a <stdout_serialize_begin+0x12>
100039aa:	46c0      	nop			@ (mov r8, r8)
100039ac:	000f4240 	.word	0x000f4240
100039b0:	20000cf8 	.word	0x20000cf8
100039b4:	7fffffff 	.word	0x7fffffff

100039b8 <stdout_serialize_end>:
100039b8:	b510      	push	{r4, lr}
100039ba:	4802      	ldr	r0, [pc, #8]	@ (100039c4 <stdout_serialize_end+0xc>)
100039bc:	f003 fee8 	bl	10007790 <__mutex_exit_veneer>
100039c0:	bd10      	pop	{r4, pc}
100039c2:	46c0      	nop			@ (mov r8, r8)
100039c4:	20000cf8 	.word	0x20000cf8

100039c8 <stdio_put_string>:
100039c8:	b5f0      	push	{r4, r5, r6, r7, lr}
100039ca:	46ce      	mov	lr, r9
100039cc:	4647      	mov	r7, r8
100039ce:	b580      	push	{r7, lr}
100039d0:	b083      	sub	sp, #12
100039d2:	4680      	mov	r8, r0
100039d4:	000d      	movs	r5, r1
100039d6:	0016      	movs	r6, r2
100039d8:	001c      	movs	r4, r3
100039da:	f7ff ffd5 	bl	10003988 <stdout_serialize_begin>
100039de:	4681      	mov	r9, r0
100039e0:	1c6b      	adds	r3, r5, #1
100039e2:	d005      	beq.n	100039f0 <stdio_put_string+0x28>
100039e4:	2c00      	cmp	r4, #0
100039e6:	d008      	beq.n	100039fa <stdio_put_string+0x32>
100039e8:	4f18      	ldr	r7, [pc, #96]	@ (10003a4c <stdio_put_string+0x84>)
100039ea:	4b19      	ldr	r3, [pc, #100]	@ (10003a50 <stdio_put_string+0x88>)
100039ec:	681c      	ldr	r4, [r3, #0]
100039ee:	e007      	b.n	10003a00 <stdio_put_string+0x38>
100039f0:	4640      	mov	r0, r8
100039f2:	f003 fe4d 	bl	10007690 <strlen>
100039f6:	0005      	movs	r5, r0
100039f8:	e7f4      	b.n	100039e4 <stdio_put_string+0x1c>
100039fa:	4f16      	ldr	r7, [pc, #88]	@ (10003a54 <stdio_put_string+0x8c>)
100039fc:	e7f5      	b.n	100039ea <stdio_put_string+0x22>
100039fe:	6924      	ldr	r4, [r4, #16]
10003a00:	2c00      	cmp	r4, #0
10003a02:	d016      	beq.n	10003a32 <stdio_put_string+0x6a>
10003a04:	6823      	ldr	r3, [r4, #0]
10003a06:	2b00      	cmp	r3, #0
10003a08:	d0f9      	beq.n	100039fe <stdio_put_string+0x36>
10003a0a:	4b13      	ldr	r3, [pc, #76]	@ (10003a58 <stdio_put_string+0x90>)
10003a0c:	681b      	ldr	r3, [r3, #0]
10003a0e:	2b00      	cmp	r3, #0
10003a10:	d001      	beq.n	10003a16 <stdio_put_string+0x4e>
10003a12:	42a3      	cmp	r3, r4
10003a14:	d1f3      	bne.n	100039fe <stdio_put_string+0x36>
10003a16:	002a      	movs	r2, r5
10003a18:	4641      	mov	r1, r8
10003a1a:	0020      	movs	r0, r4
10003a1c:	47b8      	blx	r7
10003a1e:	2e00      	cmp	r6, #0
10003a20:	d0ed      	beq.n	100039fe <stdio_put_string+0x36>
10003a22:	466b      	mov	r3, sp
10003a24:	1dd9      	adds	r1, r3, #7
10003a26:	230a      	movs	r3, #10
10003a28:	700b      	strb	r3, [r1, #0]
10003a2a:	2201      	movs	r2, #1
10003a2c:	0020      	movs	r0, r4
10003a2e:	47b8      	blx	r7
10003a30:	e7e5      	b.n	100039fe <stdio_put_string+0x36>
10003a32:	464b      	mov	r3, r9
10003a34:	2b00      	cmp	r3, #0
10003a36:	d105      	bne.n	10003a44 <stdio_put_string+0x7c>
10003a38:	0028      	movs	r0, r5
10003a3a:	b003      	add	sp, #12
10003a3c:	bcc0      	pop	{r6, r7}
10003a3e:	46b9      	mov	r9, r7
10003a40:	46b0      	mov	r8, r6
10003a42:	bdf0      	pop	{r4, r5, r6, r7, pc}
10003a44:	f7ff ffb8 	bl	100039b8 <stdout_serialize_end>
10003a48:	e7f6      	b.n	10003a38 <stdio_put_string+0x70>
10003a4a:	46c0      	nop			@ (mov r8, r8)
10003a4c:	100038ad 	.word	0x100038ad
10003a50:	20016454 	.word	0x20016454
10003a54:	1000389d 	.word	0x1000389d
10003a58:	2001645c 	.word	0x2001645c

10003a5c <stdio_set_driver_enabled>:
10003a5c:	4a0a      	ldr	r2, [pc, #40]	@ (10003a88 <stdio_set_driver_enabled+0x2c>)
10003a5e:	6813      	ldr	r3, [r2, #0]
10003a60:	e002      	b.n	10003a68 <stdio_set_driver_enabled+0xc>
10003a62:	001a      	movs	r2, r3
10003a64:	3210      	adds	r2, #16
10003a66:	691b      	ldr	r3, [r3, #16]
10003a68:	2b00      	cmp	r3, #0
10003a6a:	d008      	beq.n	10003a7e <stdio_set_driver_enabled+0x22>
10003a6c:	4283      	cmp	r3, r0
10003a6e:	d1f8      	bne.n	10003a62 <stdio_set_driver_enabled+0x6>
10003a70:	2900      	cmp	r1, #0
10003a72:	d107      	bne.n	10003a84 <stdio_set_driver_enabled+0x28>
10003a74:	6903      	ldr	r3, [r0, #16]
10003a76:	6013      	str	r3, [r2, #0]
10003a78:	2300      	movs	r3, #0
10003a7a:	6103      	str	r3, [r0, #16]
10003a7c:	e002      	b.n	10003a84 <stdio_set_driver_enabled+0x28>
10003a7e:	2900      	cmp	r1, #0
10003a80:	d000      	beq.n	10003a84 <stdio_set_driver_enabled+0x28>
10003a82:	6010      	str	r0, [r2, #0]
10003a84:	4770      	bx	lr
10003a86:	46c0      	nop			@ (mov r8, r8)
10003a88:	20016454 	.word	0x20016454

10003a8c <stdio_flush>:
10003a8c:	b510      	push	{r4, lr}
10003a8e:	4b06      	ldr	r3, [pc, #24]	@ (10003aa8 <stdio_flush+0x1c>)
10003a90:	681c      	ldr	r4, [r3, #0]
10003a92:	e000      	b.n	10003a96 <stdio_flush+0xa>
10003a94:	6924      	ldr	r4, [r4, #16]
10003a96:	2c00      	cmp	r4, #0
10003a98:	d004      	beq.n	10003aa4 <stdio_flush+0x18>
10003a9a:	6863      	ldr	r3, [r4, #4]
10003a9c:	2b00      	cmp	r3, #0
10003a9e:	d0f9      	beq.n	10003a94 <stdio_flush+0x8>
10003aa0:	4798      	blx	r3
10003aa2:	e7f7      	b.n	10003a94 <stdio_flush+0x8>
10003aa4:	bd10      	pop	{r4, pc}
10003aa6:	46c0      	nop			@ (mov r8, r8)
10003aa8:	20016454 	.word	0x20016454

10003aac <stdio_init_all>:
10003aac:	b510      	push	{r4, lr}
10003aae:	f000 f947 	bl	10003d40 <stdio_uart_init>
10003ab2:	f000 fa5b 	bl	10003f6c <stdio_usb_init>
10003ab6:	2001      	movs	r0, #1
10003ab8:	bd10      	pop	{r4, pc}

10003aba <__wrap_puts>:
10003aba:	b570      	push	{r4, r5, r6, lr}
10003abc:	0005      	movs	r5, r0
10003abe:	f003 fde7 	bl	10007690 <strlen>
10003ac2:	0004      	movs	r4, r0
10003ac4:	2301      	movs	r3, #1
10003ac6:	2201      	movs	r2, #1
10003ac8:	0001      	movs	r1, r0
10003aca:	0028      	movs	r0, r5
10003acc:	f7ff ff7c 	bl	100039c8 <stdio_put_string>
10003ad0:	f7ff ffdc 	bl	10003a8c <stdio_flush>
10003ad4:	0020      	movs	r0, r4
10003ad6:	bd70      	pop	{r4, r5, r6, pc}

10003ad8 <__wrap_vprintf>:
10003ad8:	b5f0      	push	{r4, r5, r6, r7, lr}
10003ada:	b0a3      	sub	sp, #140	@ 0x8c
10003adc:	0007      	movs	r7, r0
10003ade:	000e      	movs	r6, r1
10003ae0:	f7ff ff52 	bl	10003988 <stdout_serialize_begin>
10003ae4:	0005      	movs	r5, r0
10003ae6:	ac01      	add	r4, sp, #4
10003ae8:	2300      	movs	r3, #0
10003aea:	9301      	str	r3, [sp, #4]
10003aec:	4809      	ldr	r0, [pc, #36]	@ (10003b14 <__wrap_vprintf+0x3c>)
10003aee:	0033      	movs	r3, r6
10003af0:	003a      	movs	r2, r7
10003af2:	0021      	movs	r1, r4
10003af4:	f7ff fe88 	bl	10003808 <vfctprintf>
10003af8:	0006      	movs	r6, r0
10003afa:	0020      	movs	r0, r4
10003afc:	f7ff ff14 	bl	10003928 <stdio_stack_buffer_flush>
10003b00:	f7ff ffc4 	bl	10003a8c <stdio_flush>
10003b04:	2d00      	cmp	r5, #0
10003b06:	d102      	bne.n	10003b0e <__wrap_vprintf+0x36>
10003b08:	0030      	movs	r0, r6
10003b0a:	b023      	add	sp, #140	@ 0x8c
10003b0c:	bdf0      	pop	{r4, r5, r6, r7, pc}
10003b0e:	f7ff ff53 	bl	100039b8 <stdout_serialize_end>
10003b12:	e7f9      	b.n	10003b08 <__wrap_vprintf+0x30>
10003b14:	1000396d 	.word	0x1000396d

10003b18 <__wrap_printf>:
10003b18:	b40f      	push	{r0, r1, r2, r3}
10003b1a:	b500      	push	{lr}
10003b1c:	b083      	sub	sp, #12
10003b1e:	a904      	add	r1, sp, #16
10003b20:	c901      	ldmia	r1!, {r0}
10003b22:	9101      	str	r1, [sp, #4]
10003b24:	f7ff ffd8 	bl	10003ad8 <__wrap_vprintf>
10003b28:	b003      	add	sp, #12
10003b2a:	bc08      	pop	{r3}
10003b2c:	b004      	add	sp, #16
10003b2e:	4718      	bx	r3

10003b30 <uart_putc>:
10003b30:	b082      	sub	sp, #8
10003b32:	468c      	mov	ip, r1
10003b34:	4b14      	ldr	r3, [pc, #80]	@ (10003b88 <uart_putc+0x58>)
10003b36:	18c3      	adds	r3, r0, r3
10003b38:	425a      	negs	r2, r3
10003b3a:	4153      	adcs	r3, r2
10003b3c:	4a13      	ldr	r2, [pc, #76]	@ (10003b8c <uart_putc+0x5c>)
10003b3e:	005b      	lsls	r3, r3, #1
10003b40:	5e9b      	ldrsh	r3, [r3, r2]
10003b42:	428b      	cmp	r3, r1
10003b44:	d005      	beq.n	10003b52 <uart_putc+0x22>
10003b46:	466b      	mov	r3, sp
10003b48:	1dda      	adds	r2, r3, #7
10003b4a:	4663      	mov	r3, ip
10003b4c:	7013      	strb	r3, [r2, #0]
10003b4e:	2100      	movs	r1, #0
10003b50:	e015      	b.n	10003b7e <uart_putc+0x4e>
10003b52:	466b      	mov	r3, sp
10003b54:	1dda      	adds	r2, r3, #7
10003b56:	230d      	movs	r3, #13
10003b58:	7013      	strb	r3, [r2, #0]
10003b5a:	2100      	movs	r1, #0
10003b5c:	2900      	cmp	r1, #0
10003b5e:	d1f2      	bne.n	10003b46 <uart_putc+0x16>
10003b60:	6983      	ldr	r3, [r0, #24]
10003b62:	069b      	lsls	r3, r3, #26
10003b64:	d4fc      	bmi.n	10003b60 <uart_putc+0x30>
10003b66:	7813      	ldrb	r3, [r2, #0]
10003b68:	6003      	str	r3, [r0, #0]
10003b6a:	3101      	adds	r1, #1
10003b6c:	3201      	adds	r2, #1
10003b6e:	e7f5      	b.n	10003b5c <uart_putc+0x2c>
10003b70:	6983      	ldr	r3, [r0, #24]
10003b72:	069b      	lsls	r3, r3, #26
10003b74:	d4fc      	bmi.n	10003b70 <uart_putc+0x40>
10003b76:	7813      	ldrb	r3, [r2, #0]
10003b78:	6003      	str	r3, [r0, #0]
10003b7a:	3101      	adds	r1, #1
10003b7c:	3201      	adds	r2, #1
10003b7e:	2900      	cmp	r1, #0
10003b80:	d0f6      	beq.n	10003b70 <uart_putc+0x40>
10003b82:	b002      	add	sp, #8
10003b84:	4770      	bx	lr
10003b86:	46c0      	nop			@ (mov r8, r8)
10003b88:	bffc8000 	.word	0xbffc8000
10003b8c:	2001699c 	.word	0x2001699c

10003b90 <uart_getc>:
10003b90:	b082      	sub	sp, #8
10003b92:	2200      	movs	r2, #0
10003b94:	466b      	mov	r3, sp
10003b96:	1dd9      	adds	r1, r3, #7
10003b98:	e006      	b.n	10003ba8 <uart_getc+0x18>
10003b9a:	6983      	ldr	r3, [r0, #24]
10003b9c:	06db      	lsls	r3, r3, #27
10003b9e:	d4fc      	bmi.n	10003b9a <uart_getc+0xa>
10003ba0:	6803      	ldr	r3, [r0, #0]
10003ba2:	700b      	strb	r3, [r1, #0]
10003ba4:	3201      	adds	r2, #1
10003ba6:	3101      	adds	r1, #1
10003ba8:	2a00      	cmp	r2, #0
10003baa:	d0f6      	beq.n	10003b9a <uart_getc+0xa>
10003bac:	466b      	mov	r3, sp
10003bae:	79d8      	ldrb	r0, [r3, #7]
10003bb0:	b002      	add	sp, #8
10003bb2:	4770      	bx	lr

10003bb4 <stdio_uart_out_chars>:
10003bb4:	b570      	push	{r4, r5, r6, lr}
10003bb6:	0006      	movs	r6, r0
10003bb8:	000d      	movs	r5, r1
10003bba:	2400      	movs	r4, #0
10003bbc:	e005      	b.n	10003bca <stdio_uart_out_chars+0x16>
10003bbe:	5d31      	ldrb	r1, [r6, r4]
10003bc0:	4b03      	ldr	r3, [pc, #12]	@ (10003bd0 <stdio_uart_out_chars+0x1c>)
10003bc2:	6818      	ldr	r0, [r3, #0]
10003bc4:	f7ff ffb4 	bl	10003b30 <uart_putc>
10003bc8:	3401      	adds	r4, #1
10003bca:	42ac      	cmp	r4, r5
10003bcc:	dbf7      	blt.n	10003bbe <stdio_uart_out_chars+0xa>
10003bce:	bd70      	pop	{r4, r5, r6, pc}
10003bd0:	200169a0 	.word	0x200169a0

10003bd4 <stdio_uart_in_chars>:
10003bd4:	b5f8      	push	{r3, r4, r5, r6, r7, lr}
10003bd6:	0006      	movs	r6, r0
10003bd8:	000d      	movs	r5, r1
10003bda:	2700      	movs	r7, #0
10003bdc:	e005      	b.n	10003bea <stdio_uart_in_chars+0x16>
10003bde:	1c7c      	adds	r4, r7, #1
10003be0:	19f7      	adds	r7, r6, r7
10003be2:	f7ff ffd5 	bl	10003b90 <uart_getc>
10003be6:	7038      	strb	r0, [r7, #0]
10003be8:	0027      	movs	r7, r4
10003bea:	42af      	cmp	r7, r5
10003bec:	da04      	bge.n	10003bf8 <stdio_uart_in_chars+0x24>
10003bee:	4a0d      	ldr	r2, [pc, #52]	@ (10003c24 <stdio_uart_in_chars+0x50>)
10003bf0:	6810      	ldr	r0, [r2, #0]
10003bf2:	6982      	ldr	r2, [r0, #24]
10003bf4:	06d2      	lsls	r2, r2, #27
10003bf6:	d5f2      	bpl.n	10003bde <stdio_uart_in_chars+0xa>
10003bf8:	4a0b      	ldr	r2, [pc, #44]	@ (10003c28 <stdio_uart_in_chars+0x54>)
10003bfa:	6812      	ldr	r2, [r2, #0]
10003bfc:	2a00      	cmp	r2, #0
10003bfe:	d00a      	beq.n	10003c16 <stdio_uart_in_chars+0x42>
10003c00:	4a08      	ldr	r2, [pc, #32]	@ (10003c24 <stdio_uart_in_chars+0x50>)
10003c02:	6812      	ldr	r2, [r2, #0]
10003c04:	2150      	movs	r1, #80	@ 0x50
10003c06:	6391      	str	r1, [r2, #56]	@ 0x38
10003c08:	6b50      	ldr	r0, [r2, #52]	@ 0x34
10003c0a:	3918      	subs	r1, #24
10003c0c:	4001      	ands	r1, r0
10003c0e:	4b07      	ldr	r3, [pc, #28]	@ (10003c2c <stdio_uart_in_chars+0x58>)
10003c10:	469c      	mov	ip, r3
10003c12:	4462      	add	r2, ip
10003c14:	6011      	str	r1, [r2, #0]
10003c16:	2f00      	cmp	r7, #0
10003c18:	d001      	beq.n	10003c1e <stdio_uart_in_chars+0x4a>
10003c1a:	0038      	movs	r0, r7
10003c1c:	bdf8      	pop	{r3, r4, r5, r6, r7, pc}
10003c1e:	3f03      	subs	r7, #3
10003c20:	e7fb      	b.n	10003c1a <stdio_uart_in_chars+0x46>
10003c22:	46c0      	nop			@ (mov r8, r8)
10003c24:	200169a0 	.word	0x200169a0
10003c28:	200163ec 	.word	0x200163ec
10003c2c:	00001034 	.word	0x00001034

10003c30 <on_uart_rx>:
10003c30:	b510      	push	{r4, lr}
10003c32:	4b06      	ldr	r3, [pc, #24]	@ (10003c4c <on_uart_rx+0x1c>)
10003c34:	681b      	ldr	r3, [r3, #0]
10003c36:	2b00      	cmp	r3, #0
10003c38:	d006      	beq.n	10003c48 <on_uart_rx+0x18>
10003c3a:	4a05      	ldr	r2, [pc, #20]	@ (10003c50 <on_uart_rx+0x20>)
10003c3c:	6812      	ldr	r2, [r2, #0]
10003c3e:	2100      	movs	r1, #0
10003c40:	6391      	str	r1, [r2, #56]	@ 0x38
10003c42:	4a04      	ldr	r2, [pc, #16]	@ (10003c54 <on_uart_rx+0x24>)
10003c44:	6810      	ldr	r0, [r2, #0]
10003c46:	4798      	blx	r3
10003c48:	bd10      	pop	{r4, pc}
10003c4a:	46c0      	nop			@ (mov r8, r8)
10003c4c:	200163ec 	.word	0x200163ec
10003c50:	200169a0 	.word	0x200169a0
10003c54:	200163f4 	.word	0x200163f4

10003c58 <stdio_uart_out_flush>:
10003c58:	4b02      	ldr	r3, [pc, #8]	@ (10003c64 <stdio_uart_out_flush+0xc>)
10003c5a:	681a      	ldr	r2, [r3, #0]
10003c5c:	6993      	ldr	r3, [r2, #24]
10003c5e:	071b      	lsls	r3, r3, #28
10003c60:	d4fc      	bmi.n	10003c5c <stdio_uart_out_flush+0x4>
10003c62:	4770      	bx	lr
10003c64:	200169a0 	.word	0x200169a0

10003c68 <stdio_uart_set_chars_available_callback>:
10003c68:	b570      	push	{r4, r5, r6, lr}
10003c6a:	4b1e      	ldr	r3, [pc, #120]	@ (10003ce4 <stdio_uart_set_chars_available_callback+0x7c>)
10003c6c:	681b      	ldr	r3, [r3, #0]
10003c6e:	4a1e      	ldr	r2, [pc, #120]	@ (10003ce8 <stdio_uart_set_chars_available_callback+0x80>)
10003c70:	4293      	cmp	r3, r2
10003c72:	d008      	beq.n	10003c86 <stdio_uart_set_chars_available_callback+0x1e>
10003c74:	2214      	movs	r2, #20
10003c76:	0015      	movs	r5, r2
10003c78:	2800      	cmp	r0, #0
10003c7a:	d01f      	beq.n	10003cbc <stdio_uart_set_chars_available_callback+0x54>
10003c7c:	4b1b      	ldr	r3, [pc, #108]	@ (10003cec <stdio_uart_set_chars_available_callback+0x84>)
10003c7e:	681b      	ldr	r3, [r3, #0]
10003c80:	2b00      	cmp	r3, #0
10003c82:	d003      	beq.n	10003c8c <stdio_uart_set_chars_available_callback+0x24>
10003c84:	bd70      	pop	{r4, r5, r6, pc}
10003c86:	2215      	movs	r2, #21
10003c88:	0015      	movs	r5, r2
10003c8a:	e7f5      	b.n	10003c78 <stdio_uart_set_chars_available_callback+0x10>
10003c8c:	4b17      	ldr	r3, [pc, #92]	@ (10003cec <stdio_uart_set_chars_available_callback+0x84>)
10003c8e:	6018      	str	r0, [r3, #0]
10003c90:	4b17      	ldr	r3, [pc, #92]	@ (10003cf0 <stdio_uart_set_chars_available_callback+0x88>)
10003c92:	6019      	str	r1, [r3, #0]
10003c94:	4917      	ldr	r1, [pc, #92]	@ (10003cf4 <stdio_uart_set_chars_available_callback+0x8c>)
10003c96:	0028      	movs	r0, r5
10003c98:	f7fc fe0c 	bl	100008b4 <irq_set_exclusive_handler>
10003c9c:	2101      	movs	r1, #1
10003c9e:	0028      	movs	r0, r5
10003ca0:	f7fc fde0 	bl	10000864 <irq_set_enabled>
10003ca4:	4b0f      	ldr	r3, [pc, #60]	@ (10003ce4 <stdio_uart_set_chars_available_callback+0x7c>)
10003ca6:	681b      	ldr	r3, [r3, #0]
10003ca8:	2250      	movs	r2, #80	@ 0x50
10003caa:	639a      	str	r2, [r3, #56]	@ 0x38
10003cac:	6b59      	ldr	r1, [r3, #52]	@ 0x34
10003cae:	3a18      	subs	r2, #24
10003cb0:	400a      	ands	r2, r1
10003cb2:	4911      	ldr	r1, [pc, #68]	@ (10003cf8 <stdio_uart_set_chars_available_callback+0x90>)
10003cb4:	468c      	mov	ip, r1
10003cb6:	4463      	add	r3, ip
10003cb8:	601a      	str	r2, [r3, #0]
10003cba:	e7e3      	b.n	10003c84 <stdio_uart_set_chars_available_callback+0x1c>
10003cbc:	4a0b      	ldr	r2, [pc, #44]	@ (10003cec <stdio_uart_set_chars_available_callback+0x84>)
10003cbe:	6812      	ldr	r2, [r2, #0]
10003cc0:	2a00      	cmp	r2, #0
10003cc2:	d0df      	beq.n	10003c84 <stdio_uart_set_chars_available_callback+0x1c>
10003cc4:	2400      	movs	r4, #0
10003cc6:	639c      	str	r4, [r3, #56]	@ 0x38
10003cc8:	2100      	movs	r1, #0
10003cca:	0028      	movs	r0, r5
10003ccc:	f7fc fdca 	bl	10000864 <irq_set_enabled>
10003cd0:	4908      	ldr	r1, [pc, #32]	@ (10003cf4 <stdio_uart_set_chars_available_callback+0x8c>)
10003cd2:	0028      	movs	r0, r5
10003cd4:	f7fc ff26 	bl	10000b24 <irq_remove_handler>
10003cd8:	4b04      	ldr	r3, [pc, #16]	@ (10003cec <stdio_uart_set_chars_available_callback+0x84>)
10003cda:	601c      	str	r4, [r3, #0]
10003cdc:	4b04      	ldr	r3, [pc, #16]	@ (10003cf0 <stdio_uart_set_chars_available_callback+0x88>)
10003cde:	601c      	str	r4, [r3, #0]
10003ce0:	e7d0      	b.n	10003c84 <stdio_uart_set_chars_available_callback+0x1c>
10003ce2:	46c0      	nop			@ (mov r8, r8)
10003ce4:	200169a0 	.word	0x200169a0
10003ce8:	40038000 	.word	0x40038000
10003cec:	200163ec 	.word	0x200163ec
10003cf0:	200163f4 	.word	0x200163f4
10003cf4:	10003c31 	.word	0x10003c31
10003cf8:	00001034 	.word	0x00001034

10003cfc <stdio_uart_init_full>:
10003cfc:	b570      	push	{r4, r5, r6, lr}
10003cfe:	000c      	movs	r4, r1
10003d00:	001d      	movs	r5, r3
10003d02:	4b0d      	ldr	r3, [pc, #52]	@ (10003d38 <stdio_uart_init_full+0x3c>)
10003d04:	6018      	str	r0, [r3, #0]
10003d06:	2a00      	cmp	r2, #0
10003d08:	da0b      	bge.n	10003d22 <stdio_uart_init_full+0x26>
10003d0a:	2d00      	cmp	r5, #0
10003d0c:	da0e      	bge.n	10003d2c <stdio_uart_init_full+0x30>
10003d0e:	4b0a      	ldr	r3, [pc, #40]	@ (10003d38 <stdio_uart_init_full+0x3c>)
10003d10:	6818      	ldr	r0, [r3, #0]
10003d12:	0021      	movs	r1, r4
10003d14:	f7fd fda8 	bl	10001868 <uart_init>
10003d18:	4808      	ldr	r0, [pc, #32]	@ (10003d3c <stdio_uart_init_full+0x40>)
10003d1a:	2101      	movs	r1, #1
10003d1c:	f7ff fe9e 	bl	10003a5c <stdio_set_driver_enabled>
10003d20:	bd70      	pop	{r4, r5, r6, pc}
10003d22:	2102      	movs	r1, #2
10003d24:	0010      	movs	r0, r2
10003d26:	f7fc fbdf 	bl	100004e8 <gpio_set_function>
10003d2a:	e7ee      	b.n	10003d0a <stdio_uart_init_full+0xe>
10003d2c:	2102      	movs	r1, #2
10003d2e:	0028      	movs	r0, r5
10003d30:	f7fc fbda 	bl	100004e8 <gpio_set_function>
10003d34:	e7eb      	b.n	10003d0e <stdio_uart_init_full+0x12>
10003d36:	46c0      	nop			@ (mov r8, r8)
10003d38:	200169a0 	.word	0x200169a0
10003d3c:	20000ca0 	.word	0x20000ca0

10003d40 <stdio_uart_init>:
10003d40:	b510      	push	{r4, lr}
10003d42:	4b07      	ldr	r3, [pc, #28]	@ (10003d60 <stdio_uart_init+0x20>)
10003d44:	781b      	ldrb	r3, [r3, #0]
10003d46:	4b07      	ldr	r3, [pc, #28]	@ (10003d64 <stdio_uart_init+0x24>)
10003d48:	781b      	ldrb	r3, [r3, #0]
10003d4a:	4b07      	ldr	r3, [pc, #28]	@ (10003d68 <stdio_uart_init+0x28>)
10003d4c:	781b      	ldrb	r3, [r3, #0]
10003d4e:	21e1      	movs	r1, #225	@ 0xe1
10003d50:	2301      	movs	r3, #1
10003d52:	2200      	movs	r2, #0
10003d54:	0249      	lsls	r1, r1, #9
10003d56:	4805      	ldr	r0, [pc, #20]	@ (10003d6c <stdio_uart_init+0x2c>)
10003d58:	f7ff ffd0 	bl	10003cfc <stdio_uart_init_full>
10003d5c:	bd10      	pop	{r4, pc}
10003d5e:	46c0      	nop			@ (mov r8, r8)
10003d60:	1000910c 	.word	0x1000910c
10003d64:	10009108 	.word	0x10009108
10003d68:	10009104 	.word	0x10009104
10003d6c:	40034000 	.word	0x40034000

10003d70 <stdio_usb_set_chars_available_callback>:
10003d70:	4b02      	ldr	r3, [pc, #8]	@ (10003d7c <stdio_usb_set_chars_available_callback+0xc>)
10003d72:	6018      	str	r0, [r3, #0]
10003d74:	4b02      	ldr	r3, [pc, #8]	@ (10003d80 <stdio_usb_set_chars_available_callback+0x10>)
10003d76:	6019      	str	r1, [r3, #0]
10003d78:	4770      	bx	lr
10003d7a:	46c0      	nop			@ (mov r8, r8)
10003d7c:	200163f0 	.word	0x200163f0
10003d80:	200163f8 	.word	0x200163f8

10003d84 <stdio_usb_out_flush>:
10003d84:	b510      	push	{r4, lr}
10003d86:	f7fd fcc3 	bl	10001710 <time_us_64>
10003d8a:	4a0e      	ldr	r2, [pc, #56]	@ (10003dc4 <stdio_usb_out_flush+0x40>)
10003d8c:	2300      	movs	r3, #0
10003d8e:	1812      	adds	r2, r2, r0
10003d90:	414b      	adcs	r3, r1
10003d92:	2b00      	cmp	r3, #0
10003d94:	db12      	blt.n	10003dbc <stdio_usb_out_flush+0x38>
10003d96:	480c      	ldr	r0, [pc, #48]	@ (10003dc8 <stdio_usb_out_flush+0x44>)
10003d98:	f003 fcca 	bl	10007730 <__mutex_try_enter_block_until_veneer>
10003d9c:	2800      	cmp	r0, #0
10003d9e:	d00c      	beq.n	10003dba <stdio_usb_out_flush+0x36>
10003da0:	2001      	movs	r0, #1
10003da2:	2100      	movs	r1, #0
10003da4:	4240      	negs	r0, r0
10003da6:	f001 fa3b 	bl	10005220 <tud_task_ext>
10003daa:	2000      	movs	r0, #0
10003dac:	f001 fcd8 	bl	10005760 <tud_cdc_n_write_flush>
10003db0:	2800      	cmp	r0, #0
10003db2:	d1f5      	bne.n	10003da0 <stdio_usb_out_flush+0x1c>
10003db4:	4804      	ldr	r0, [pc, #16]	@ (10003dc8 <stdio_usb_out_flush+0x44>)
10003db6:	f003 fceb 	bl	10007790 <__mutex_exit_veneer>
10003dba:	bd10      	pop	{r4, pc}
10003dbc:	2201      	movs	r2, #1
10003dbe:	4252      	negs	r2, r2
10003dc0:	4b02      	ldr	r3, [pc, #8]	@ (10003dcc <stdio_usb_out_flush+0x48>)
10003dc2:	e7e8      	b.n	10003d96 <stdio_usb_out_flush+0x12>
10003dc4:	000f4240 	.word	0x000f4240
10003dc8:	20016994 	.word	0x20016994
10003dcc:	7fffffff 	.word	0x7fffffff

10003dd0 <usb_irq>:
10003dd0:	b510      	push	{r4, lr}
10003dd2:	4b02      	ldr	r3, [pc, #8]	@ (10003ddc <usb_irq+0xc>)
10003dd4:	7818      	ldrb	r0, [r3, #0]
10003dd6:	f7fc fd4f 	bl	10000878 <irq_set_pending>
10003dda:	bd10      	pop	{r4, pc}
10003ddc:	200169bb 	.word	0x200169bb

10003de0 <timer_task>:
10003de0:	b570      	push	{r4, r5, r6, lr}
10003de2:	4b1a      	ldr	r3, [pc, #104]	@ (10003e4c <timer_task+0x6c>)
10003de4:	681b      	ldr	r3, [r3, #0]
10003de6:	2b00      	cmp	r3, #0
10003de8:	d024      	beq.n	10003e34 <timer_task+0x54>
10003dea:	f3ef 8210 	mrs	r2, PRIMASK
10003dee:	b672      	cpsid	i
10003df0:	0010      	movs	r0, r2
10003df2:	6819      	ldr	r1, [r3, #0]
10003df4:	2900      	cmp	r1, #0
10003df6:	d0fc      	beq.n	10003df2 <timer_task+0x12>
10003df8:	f3bf 8f5f 	dmb	sy
10003dfc:	4913      	ldr	r1, [pc, #76]	@ (10003e4c <timer_task+0x6c>)
10003dfe:	604a      	str	r2, [r1, #4]
10003e00:	4b13      	ldr	r3, [pc, #76]	@ (10003e50 <timer_task+0x70>)
10003e02:	2200      	movs	r2, #0
10003e04:	701a      	strb	r2, [r3, #0]
10003e06:	680b      	ldr	r3, [r1, #0]
10003e08:	f3bf 8f5f 	dmb	sy
10003e0c:	601a      	str	r2, [r3, #0]
10003e0e:	f380 8810 	msr	PRIMASK, r0
10003e12:	2200      	movs	r2, #0
10003e14:	2300      	movs	r3, #0
10003e16:	0014      	movs	r4, r2
10003e18:	001d      	movs	r5, r3
10003e1a:	4b0e      	ldr	r3, [pc, #56]	@ (10003e54 <timer_task+0x74>)
10003e1c:	7818      	ldrb	r0, [r3, #0]
10003e1e:	f7fc fd07 	bl	10000830 <irq_is_enabled>
10003e22:	2800      	cmp	r0, #0
10003e24:	d10c      	bne.n	10003e40 <timer_task+0x60>
10003e26:	2200      	movs	r2, #0
10003e28:	2300      	movs	r3, #0
10003e2a:	0014      	movs	r4, r2
10003e2c:	001d      	movs	r5, r3
10003e2e:	0020      	movs	r0, r4
10003e30:	0029      	movs	r1, r5
10003e32:	bd70      	pop	{r4, r5, r6, pc}
10003e34:	22fa      	movs	r2, #250	@ 0xfa
10003e36:	0092      	lsls	r2, r2, #2
10003e38:	2300      	movs	r3, #0
10003e3a:	0014      	movs	r4, r2
10003e3c:	001d      	movs	r5, r3
10003e3e:	e7ec      	b.n	10003e1a <timer_task+0x3a>
10003e40:	4b04      	ldr	r3, [pc, #16]	@ (10003e54 <timer_task+0x74>)
10003e42:	7818      	ldrb	r0, [r3, #0]
10003e44:	f7fc fd18 	bl	10000878 <irq_set_pending>
10003e48:	e7f1      	b.n	10003e2e <timer_task+0x4e>
10003e4a:	46c0      	nop			@ (mov r8, r8)
10003e4c:	20016868 	.word	0x20016868
10003e50:	200169bc 	.word	0x200169bc
10003e54:	200169bb 	.word	0x200169bb

10003e58 <alarm_pool_add_alarm_in_us>:
10003e58:	b5f0      	push	{r4, r5, r6, r7, lr}
10003e5a:	b085      	sub	sp, #20
10003e5c:	0007      	movs	r7, r0
10003e5e:	0015      	movs	r5, r2
10003e60:	001e      	movs	r6, r3
10003e62:	ab0c      	add	r3, sp, #48	@ 0x30
10003e64:	781c      	ldrb	r4, [r3, #0]
10003e66:	f7fd fc53 	bl	10001710 <time_us_64>
10003e6a:	002a      	movs	r2, r5
10003e6c:	0033      	movs	r3, r6
10003e6e:	1812      	adds	r2, r2, r0
10003e70:	414b      	adcs	r3, r1
10003e72:	2b00      	cmp	r3, #0
10003e74:	db09      	blt.n	10003e8a <alarm_pool_add_alarm_in_us+0x32>
10003e76:	9402      	str	r4, [sp, #8]
10003e78:	990b      	ldr	r1, [sp, #44]	@ 0x2c
10003e7a:	9101      	str	r1, [sp, #4]
10003e7c:	990a      	ldr	r1, [sp, #40]	@ 0x28
10003e7e:	9100      	str	r1, [sp, #0]
10003e80:	0038      	movs	r0, r7
10003e82:	f7fd fa5d 	bl	10001340 <alarm_pool_add_alarm_at>
10003e86:	b005      	add	sp, #20
10003e88:	bdf0      	pop	{r4, r5, r6, r7, pc}
10003e8a:	2201      	movs	r2, #1
10003e8c:	4252      	negs	r2, r2
10003e8e:	4b01      	ldr	r3, [pc, #4]	@ (10003e94 <alarm_pool_add_alarm_in_us+0x3c>)
10003e90:	e7f1      	b.n	10003e76 <alarm_pool_add_alarm_in_us+0x1e>
10003e92:	46c0      	nop			@ (mov r8, r8)
10003e94:	7fffffff 	.word	0x7fffffff

10003e98 <add_alarm_in_us>:
10003e98:	b5f0      	push	{r4, r5, r6, r7, lr}
10003e9a:	46c6      	mov	lr, r8
10003e9c:	b500      	push	{lr}
10003e9e:	b084      	sub	sp, #16
10003ea0:	4680      	mov	r8, r0
10003ea2:	000f      	movs	r7, r1
10003ea4:	0016      	movs	r6, r2
10003ea6:	001d      	movs	r5, r3
10003ea8:	ab0a      	add	r3, sp, #40	@ 0x28
10003eaa:	781c      	ldrb	r4, [r3, #0]
10003eac:	f7fd f9de 	bl	1000126c <alarm_pool_get_default>
10003eb0:	9402      	str	r4, [sp, #8]
10003eb2:	9501      	str	r5, [sp, #4]
10003eb4:	9600      	str	r6, [sp, #0]
10003eb6:	4642      	mov	r2, r8
10003eb8:	003b      	movs	r3, r7
10003eba:	f7ff ffcd 	bl	10003e58 <alarm_pool_add_alarm_in_us>
10003ebe:	b004      	add	sp, #16
10003ec0:	bc80      	pop	{r7}
10003ec2:	46b8      	mov	r8, r7
10003ec4:	bdf0      	pop	{r4, r5, r6, r7, pc}
	...

10003ec8 <low_priority_worker_irq>:
10003ec8:	b510      	push	{r4, lr}
10003eca:	b082      	sub	sp, #8
10003ecc:	4821      	ldr	r0, [pc, #132]	@ (10003f54 <low_priority_worker_irq+0x8c>)
10003ece:	2100      	movs	r1, #0
10003ed0:	f003 fc4e 	bl	10007770 <__mutex_try_enter_veneer>
10003ed4:	2800      	cmp	r0, #0
10003ed6:	d11d      	bne.n	10003f14 <low_priority_worker_irq+0x4c>
10003ed8:	4b1f      	ldr	r3, [pc, #124]	@ (10003f58 <low_priority_worker_irq+0x90>)
10003eda:	681b      	ldr	r3, [r3, #0]
10003edc:	2b00      	cmp	r3, #0
10003ede:	d017      	beq.n	10003f10 <low_priority_worker_irq+0x48>
10003ee0:	f3ef 8210 	mrs	r2, PRIMASK
10003ee4:	b672      	cpsid	i
10003ee6:	0010      	movs	r0, r2
10003ee8:	6819      	ldr	r1, [r3, #0]
10003eea:	2900      	cmp	r1, #0
10003eec:	d0fc      	beq.n	10003ee8 <low_priority_worker_irq+0x20>
10003eee:	f3bf 8f5f 	dmb	sy
10003ef2:	4b19      	ldr	r3, [pc, #100]	@ (10003f58 <low_priority_worker_irq+0x90>)
10003ef4:	605a      	str	r2, [r3, #4]
10003ef6:	4a19      	ldr	r2, [pc, #100]	@ (10003f5c <low_priority_worker_irq+0x94>)
10003ef8:	7811      	ldrb	r1, [r2, #0]
10003efa:	2401      	movs	r4, #1
10003efc:	7014      	strb	r4, [r2, #0]
10003efe:	681b      	ldr	r3, [r3, #0]
10003f00:	f3bf 8f5f 	dmb	sy
10003f04:	2200      	movs	r2, #0
10003f06:	601a      	str	r2, [r3, #0]
10003f08:	f380 8810 	msr	PRIMASK, r0
10003f0c:	2900      	cmp	r1, #0
10003f0e:	d017      	beq.n	10003f40 <low_priority_worker_irq+0x78>
10003f10:	b002      	add	sp, #8
10003f12:	bd10      	pop	{r4, pc}
10003f14:	2001      	movs	r0, #1
10003f16:	2100      	movs	r1, #0
10003f18:	4240      	negs	r0, r0
10003f1a:	f001 f981 	bl	10005220 <tud_task_ext>
10003f1e:	2000      	movs	r0, #0
10003f20:	f001 fbf6 	bl	10005710 <tud_cdc_n_available>
10003f24:	0004      	movs	r4, r0
10003f26:	480b      	ldr	r0, [pc, #44]	@ (10003f54 <low_priority_worker_irq+0x8c>)
10003f28:	f003 fc32 	bl	10007790 <__mutex_exit_veneer>
10003f2c:	2c00      	cmp	r4, #0
10003f2e:	d0ef      	beq.n	10003f10 <low_priority_worker_irq+0x48>
10003f30:	4b0b      	ldr	r3, [pc, #44]	@ (10003f60 <low_priority_worker_irq+0x98>)
10003f32:	681b      	ldr	r3, [r3, #0]
10003f34:	2b00      	cmp	r3, #0
10003f36:	d0eb      	beq.n	10003f10 <low_priority_worker_irq+0x48>
10003f38:	4a0a      	ldr	r2, [pc, #40]	@ (10003f64 <low_priority_worker_irq+0x9c>)
10003f3a:	6810      	ldr	r0, [r2, #0]
10003f3c:	4798      	blx	r3
10003f3e:	e7e7      	b.n	10003f10 <low_priority_worker_irq+0x48>
10003f40:	4a09      	ldr	r2, [pc, #36]	@ (10003f68 <low_priority_worker_irq+0xa0>)
10003f42:	2301      	movs	r3, #1
10003f44:	9300      	str	r3, [sp, #0]
10003f46:	2300      	movs	r3, #0
10003f48:	20fa      	movs	r0, #250	@ 0xfa
10003f4a:	0080      	lsls	r0, r0, #2
10003f4c:	2100      	movs	r1, #0
10003f4e:	f7ff ffa3 	bl	10003e98 <add_alarm_in_us>
10003f52:	e7dd      	b.n	10003f10 <low_priority_worker_irq+0x48>
10003f54:	20016994 	.word	0x20016994
10003f58:	20016868 	.word	0x20016868
10003f5c:	200169bc 	.word	0x200169bc
10003f60:	200163f0 	.word	0x200163f0
10003f64:	200163f8 	.word	0x200163f8
10003f68:	10003de1 	.word	0x10003de1

10003f6c <stdio_usb_init>:
10003f6c:	b510      	push	{r4, lr}
10003f6e:	b082      	sub	sp, #8
10003f70:	23d0      	movs	r3, #208	@ 0xd0
10003f72:	061b      	lsls	r3, r3, #24
10003f74:	681c      	ldr	r4, [r3, #0]
10003f76:	f7fd f979 	bl	1000126c <alarm_pool_get_default>
10003f7a:	f7fd fa59 	bl	10001430 <alarm_pool_core_num>
10003f7e:	42a0      	cmp	r0, r4
10003f80:	d130      	bne.n	10003fe4 <stdio_usb_init+0x78>
10003f82:	4b27      	ldr	r3, [pc, #156]	@ (10004020 <stdio_usb_init+0xb4>)
10003f84:	781b      	ldrb	r3, [r3, #0]
10003f86:	2100      	movs	r1, #0
10003f88:	2000      	movs	r0, #0
10003f8a:	f001 febd 	bl	10005d08 <tusb_rhport_init>
10003f8e:	4b25      	ldr	r3, [pc, #148]	@ (10004024 <stdio_usb_init+0xb8>)
10003f90:	681b      	ldr	r3, [r3, #0]
10003f92:	2b00      	cmp	r3, #0
10003f94:	d02c      	beq.n	10003ff0 <stdio_usb_init+0x84>
10003f96:	2001      	movs	r0, #1
10003f98:	f7fc ff06 	bl	10000da8 <user_irq_claim_unused>
10003f9c:	4c22      	ldr	r4, [pc, #136]	@ (10004028 <stdio_usb_init+0xbc>)
10003f9e:	7020      	strb	r0, [r4, #0]
10003fa0:	4922      	ldr	r1, [pc, #136]	@ (1000402c <stdio_usb_init+0xc0>)
10003fa2:	23ff      	movs	r3, #255	@ 0xff
10003fa4:	4018      	ands	r0, r3
10003fa6:	f7fc fc85 	bl	100008b4 <irq_set_exclusive_handler>
10003faa:	7820      	ldrb	r0, [r4, #0]
10003fac:	2101      	movs	r1, #1
10003fae:	f7fc fc59 	bl	10000864 <irq_set_enabled>
10003fb2:	2005      	movs	r0, #5
10003fb4:	f7fc fc70 	bl	10000898 <irq_has_shared_handler>
10003fb8:	1e04      	subs	r4, r0, #0
10003fba:	d01d      	beq.n	10003ff8 <stdio_usb_init+0x8c>
10003fbc:	2001      	movs	r0, #1
10003fbe:	f7fc fb95 	bl	100006ec <spin_lock_claim_unused>
10003fc2:	0001      	movs	r1, r0
10003fc4:	4b1a      	ldr	r3, [pc, #104]	@ (10004030 <stdio_usb_init+0xc4>)
10003fc6:	0018      	movs	r0, r3
10003fc8:	f7fc ff4c 	bl	10000e64 <critical_section_init_with_lock_num>
10003fcc:	4919      	ldr	r1, [pc, #100]	@ (10004034 <stdio_usb_init+0xc8>)
10003fce:	2200      	movs	r2, #0
10003fd0:	2005      	movs	r0, #5
10003fd2:	f7fc fc9b 	bl	1000090c <irq_add_shared_handler>
10003fd6:	4818      	ldr	r0, [pc, #96]	@ (10004038 <stdio_usb_init+0xcc>)
10003fd8:	2101      	movs	r1, #1
10003fda:	f7ff fd3f 	bl	10003a5c <stdio_set_driver_enabled>
10003fde:	0020      	movs	r0, r4
10003fe0:	b002      	add	sp, #8
10003fe2:	bd10      	pop	{r4, pc}
10003fe4:	4b15      	ldr	r3, [pc, #84]	@ (1000403c <stdio_usb_init+0xd0>)
10003fe6:	4a16      	ldr	r2, [pc, #88]	@ (10004040 <stdio_usb_init+0xd4>)
10003fe8:	4816      	ldr	r0, [pc, #88]	@ (10004044 <stdio_usb_init+0xd8>)
10003fea:	21c8      	movs	r1, #200	@ 0xc8
10003fec:	f7ff fc26 	bl	1000383c <__assert_func>
10003ff0:	480c      	ldr	r0, [pc, #48]	@ (10004024 <stdio_usb_init+0xb8>)
10003ff2:	f7fc fef5 	bl	10000de0 <mutex_init>
10003ff6:	e7ce      	b.n	10003f96 <stdio_usb_init+0x2a>
10003ff8:	480d      	ldr	r0, [pc, #52]	@ (10004030 <stdio_usb_init+0xc4>)
10003ffa:	2208      	movs	r2, #8
10003ffc:	2100      	movs	r1, #0
10003ffe:	f7fe fb1d 	bl	1000263c <__wrap_memset>
10004002:	4a11      	ldr	r2, [pc, #68]	@ (10004048 <stdio_usb_init+0xdc>)
10004004:	2301      	movs	r3, #1
10004006:	9300      	str	r3, [sp, #0]
10004008:	2300      	movs	r3, #0
1000400a:	20fa      	movs	r0, #250	@ 0xfa
1000400c:	0080      	lsls	r0, r0, #2
1000400e:	2100      	movs	r1, #0
10004010:	f7ff ff42 	bl	10003e98 <add_alarm_in_us>
10004014:	43c4      	mvns	r4, r0
10004016:	0fe4      	lsrs	r4, r4, #31
10004018:	2800      	cmp	r0, #0
1000401a:	dbe0      	blt.n	10003fde <stdio_usb_init+0x72>
1000401c:	e7db      	b.n	10003fd6 <stdio_usb_init+0x6a>
1000401e:	46c0      	nop			@ (mov r8, r8)
10004020:	10009110 	.word	0x10009110
10004024:	20016994 	.word	0x20016994
10004028:	200169bb 	.word	0x200169bb
1000402c:	10003ec9 	.word	0x10003ec9
10004030:	20016868 	.word	0x20016868
10004034:	10003dd1 	.word	0x10003dd1
10004038:	20000cb8 	.word	0x20000cb8
1000403c:	10007d80 	.word	0x10007d80
10004040:	10008aa4 	.word	0x10008aa4
10004044:	10008264 	.word	0x10008264
10004048:	10003de1 	.word	0x10003de1

1000404c <stdio_usb_connected>:
1000404c:	b510      	push	{r4, lr}
1000404e:	2000      	movs	r0, #0
10004050:	f001 fb44 	bl	100056dc <tud_cdc_n_connected>
10004054:	bd10      	pop	{r4, pc}
	...

10004058 <stdio_usb_in_chars>:
10004058:	b570      	push	{r4, r5, r6, lr}
1000405a:	0004      	movs	r4, r0
1000405c:	000d      	movs	r5, r1
1000405e:	f7ff fff5 	bl	1000404c <stdio_usb_connected>
10004062:	2800      	cmp	r0, #0
10004064:	d02b      	beq.n	100040be <stdio_usb_in_chars+0x66>
10004066:	2000      	movs	r0, #0
10004068:	f001 fb52 	bl	10005710 <tud_cdc_n_available>
1000406c:	2800      	cmp	r0, #0
1000406e:	d026      	beq.n	100040be <stdio_usb_in_chars+0x66>
10004070:	f7fd fb4e 	bl	10001710 <time_us_64>
10004074:	4a19      	ldr	r2, [pc, #100]	@ (100040dc <stdio_usb_in_chars+0x84>)
10004076:	2300      	movs	r3, #0
10004078:	1812      	adds	r2, r2, r0
1000407a:	414b      	adcs	r3, r1
1000407c:	2b00      	cmp	r3, #0
1000407e:	db1a      	blt.n	100040b6 <stdio_usb_in_chars+0x5e>
10004080:	4817      	ldr	r0, [pc, #92]	@ (100040e0 <stdio_usb_in_chars+0x88>)
10004082:	f003 fb55 	bl	10007730 <__mutex_try_enter_block_until_veneer>
10004086:	2800      	cmp	r0, #0
10004088:	d019      	beq.n	100040be <stdio_usb_in_chars+0x66>
1000408a:	f7ff ffdf 	bl	1000404c <stdio_usb_connected>
1000408e:	2800      	cmp	r0, #0
10004090:	d004      	beq.n	1000409c <stdio_usb_in_chars+0x44>
10004092:	2000      	movs	r0, #0
10004094:	f001 fb3c 	bl	10005710 <tud_cdc_n_available>
10004098:	2800      	cmp	r0, #0
1000409a:	d114      	bne.n	100040c6 <stdio_usb_in_chars+0x6e>
1000409c:	2001      	movs	r0, #1
1000409e:	2100      	movs	r1, #0
100040a0:	4240      	negs	r0, r0
100040a2:	f001 f8bd 	bl	10005220 <tud_task_ext>
100040a6:	2303      	movs	r3, #3
100040a8:	425b      	negs	r3, r3
100040aa:	001c      	movs	r4, r3
100040ac:	480c      	ldr	r0, [pc, #48]	@ (100040e0 <stdio_usb_in_chars+0x88>)
100040ae:	f003 fb6f 	bl	10007790 <__mutex_exit_veneer>
100040b2:	0020      	movs	r0, r4
100040b4:	bd70      	pop	{r4, r5, r6, pc}
100040b6:	2201      	movs	r2, #1
100040b8:	4252      	negs	r2, r2
100040ba:	4b0a      	ldr	r3, [pc, #40]	@ (100040e4 <stdio_usb_in_chars+0x8c>)
100040bc:	e7e0      	b.n	10004080 <stdio_usb_in_chars+0x28>
100040be:	2303      	movs	r3, #3
100040c0:	425b      	negs	r3, r3
100040c2:	001c      	movs	r4, r3
100040c4:	e7f5      	b.n	100040b2 <stdio_usb_in_chars+0x5a>
100040c6:	002a      	movs	r2, r5
100040c8:	0021      	movs	r1, r4
100040ca:	2000      	movs	r0, #0
100040cc:	f001 fb2c 	bl	10005728 <tud_cdc_n_read>
100040d0:	1e04      	subs	r4, r0, #0
100040d2:	d1eb      	bne.n	100040ac <stdio_usb_in_chars+0x54>
100040d4:	2303      	movs	r3, #3
100040d6:	425b      	negs	r3, r3
100040d8:	001c      	movs	r4, r3
100040da:	e7e7      	b.n	100040ac <stdio_usb_in_chars+0x54>
100040dc:	000f4240 	.word	0x000f4240
100040e0:	20016994 	.word	0x20016994
100040e4:	7fffffff 	.word	0x7fffffff

100040e8 <stdio_usb_out_chars>:
100040e8:	b5f0      	push	{r4, r5, r6, r7, lr}
100040ea:	b083      	sub	sp, #12
100040ec:	0005      	movs	r5, r0
100040ee:	000c      	movs	r4, r1
100040f0:	f7fd fb0e 	bl	10001710 <time_us_64>
100040f4:	4a31      	ldr	r2, [pc, #196]	@ (100041bc <stdio_usb_out_chars+0xd4>)
100040f6:	2300      	movs	r3, #0
100040f8:	1812      	adds	r2, r2, r0
100040fa:	414b      	adcs	r3, r1
100040fc:	2b00      	cmp	r3, #0
100040fe:	db06      	blt.n	1000410e <stdio_usb_out_chars+0x26>
10004100:	482f      	ldr	r0, [pc, #188]	@ (100041c0 <stdio_usb_out_chars+0xd8>)
10004102:	f003 fb15 	bl	10007730 <__mutex_try_enter_block_until_veneer>
10004106:	2800      	cmp	r0, #0
10004108:	d105      	bne.n	10004116 <stdio_usb_out_chars+0x2e>
1000410a:	b003      	add	sp, #12
1000410c:	bdf0      	pop	{r4, r5, r6, r7, pc}
1000410e:	2201      	movs	r2, #1
10004110:	4252      	negs	r2, r2
10004112:	4b2c      	ldr	r3, [pc, #176]	@ (100041c4 <stdio_usb_out_chars+0xdc>)
10004114:	e7f4      	b.n	10004100 <stdio_usb_out_chars+0x18>
10004116:	f7ff ff99 	bl	1000404c <stdio_usb_connected>
1000411a:	2800      	cmp	r0, #0
1000411c:	d14b      	bne.n	100041b6 <stdio_usb_out_chars+0xce>
1000411e:	4b2a      	ldr	r3, [pc, #168]	@ (100041c8 <stdio_usb_out_chars+0xe0>)
10004120:	2000      	movs	r0, #0
10004122:	2100      	movs	r1, #0
10004124:	6018      	str	r0, [r3, #0]
10004126:	6059      	str	r1, [r3, #4]
10004128:	4825      	ldr	r0, [pc, #148]	@ (100041c0 <stdio_usb_out_chars+0xd8>)
1000412a:	f003 fb31 	bl	10007790 <__mutex_exit_veneer>
1000412e:	e7ec      	b.n	1000410a <stdio_usb_out_chars+0x22>
10004130:	2001      	movs	r0, #1
10004132:	2100      	movs	r1, #0
10004134:	4240      	negs	r0, r0
10004136:	f001 f873 	bl	10005220 <tud_task_ext>
1000413a:	2000      	movs	r0, #0
1000413c:	f001 fb10 	bl	10005760 <tud_cdc_n_write_flush>
10004140:	f7ff ff84 	bl	1000404c <stdio_usb_connected>
10004144:	2800      	cmp	r0, #0
10004146:	d0ef      	beq.n	10004128 <stdio_usb_out_chars+0x40>
10004148:	2000      	movs	r0, #0
1000414a:	f001 fb7f 	bl	1000584c <tud_cdc_n_write_available>
1000414e:	2800      	cmp	r0, #0
10004150:	d01f      	beq.n	10004192 <stdio_usb_out_chars+0xaa>
10004152:	42a6      	cmp	r6, r4
10004154:	dae8      	bge.n	10004128 <stdio_usb_out_chars+0x40>
10004156:	1ba7      	subs	r7, r4, r6
10004158:	2000      	movs	r0, #0
1000415a:	f001 fb77 	bl	1000584c <tud_cdc_n_write_available>
1000415e:	0002      	movs	r2, r0
10004160:	4287      	cmp	r7, r0
10004162:	dc00      	bgt.n	10004166 <stdio_usb_out_chars+0x7e>
10004164:	003a      	movs	r2, r7
10004166:	2a00      	cmp	r2, #0
10004168:	d0e2      	beq.n	10004130 <stdio_usb_out_chars+0x48>
1000416a:	19a9      	adds	r1, r5, r6
1000416c:	2000      	movs	r0, #0
1000416e:	f001 fb49 	bl	10005804 <tud_cdc_n_write>
10004172:	0007      	movs	r7, r0
10004174:	2001      	movs	r0, #1
10004176:	2100      	movs	r1, #0
10004178:	4240      	negs	r0, r0
1000417a:	f001 f851 	bl	10005220 <tud_task_ext>
1000417e:	2000      	movs	r0, #0
10004180:	f001 faee 	bl	10005760 <tud_cdc_n_write_flush>
10004184:	19f6      	adds	r6, r6, r7
10004186:	f7fd fac3 	bl	10001710 <time_us_64>
1000418a:	4b0f      	ldr	r3, [pc, #60]	@ (100041c8 <stdio_usb_out_chars+0xe0>)
1000418c:	6018      	str	r0, [r3, #0]
1000418e:	6059      	str	r1, [r3, #4]
10004190:	e7df      	b.n	10004152 <stdio_usb_out_chars+0x6a>
10004192:	f7fd fabd 	bl	10001710 <time_us_64>
10004196:	9001      	str	r0, [sp, #4]
10004198:	000f      	movs	r7, r1
1000419a:	4b0b      	ldr	r3, [pc, #44]	@ (100041c8 <stdio_usb_out_chars+0xe0>)
1000419c:	6818      	ldr	r0, [r3, #0]
1000419e:	6859      	ldr	r1, [r3, #4]
100041a0:	4a0a      	ldr	r2, [pc, #40]	@ (100041cc <stdio_usb_out_chars+0xe4>)
100041a2:	2300      	movs	r3, #0
100041a4:	1812      	adds	r2, r2, r0
100041a6:	414b      	adcs	r3, r1
100041a8:	429f      	cmp	r7, r3
100041aa:	d8bd      	bhi.n	10004128 <stdio_usb_out_chars+0x40>
100041ac:	d1d1      	bne.n	10004152 <stdio_usb_out_chars+0x6a>
100041ae:	9901      	ldr	r1, [sp, #4]
100041b0:	4291      	cmp	r1, r2
100041b2:	d9ce      	bls.n	10004152 <stdio_usb_out_chars+0x6a>
100041b4:	e7b8      	b.n	10004128 <stdio_usb_out_chars+0x40>
100041b6:	2600      	movs	r6, #0
100041b8:	e7cb      	b.n	10004152 <stdio_usb_out_chars+0x6a>
100041ba:	46c0      	nop			@ (mov r8, r8)
100041bc:	000f4240 	.word	0x000f4240
100041c0:	20016994 	.word	0x20016994
100041c4:	7fffffff 	.word	0x7fffffff
100041c8:	20000e80 	.word	0x20000e80
100041cc:	0007a120 	.word	0x0007a120

100041d0 <tud_descriptor_device_cb>:
100041d0:	4800      	ldr	r0, [pc, #0]	@ (100041d4 <tud_descriptor_device_cb+0x4>)
100041d2:	4770      	bx	lr
100041d4:	10008b20 	.word	0x10008b20

100041d8 <tud_descriptor_configuration_cb>:
100041d8:	4800      	ldr	r0, [pc, #0]	@ (100041dc <tud_descriptor_configuration_cb+0x4>)
100041da:	4770      	bx	lr
100041dc:	10008acc 	.word	0x10008acc

100041e0 <tud_descriptor_string_cb>:
100041e0:	b510      	push	{r4, lr}
100041e2:	0004      	movs	r4, r0
100041e4:	4b15      	ldr	r3, [pc, #84]	@ (1000423c <tud_descriptor_string_cb+0x5c>)
100041e6:	781b      	ldrb	r3, [r3, #0]
100041e8:	2b00      	cmp	r3, #0
100041ea:	d00e      	beq.n	1000420a <tud_descriptor_string_cb+0x2a>
100041ec:	2c00      	cmp	r4, #0
100041ee:	d111      	bne.n	10004214 <tud_descriptor_string_cb+0x34>
100041f0:	4b13      	ldr	r3, [pc, #76]	@ (10004240 <tud_descriptor_string_cb+0x60>)
100041f2:	4a14      	ldr	r2, [pc, #80]	@ (10004244 <tud_descriptor_string_cb+0x64>)
100041f4:	805a      	strh	r2, [r3, #2]
100041f6:	2301      	movs	r3, #1
100041f8:	3301      	adds	r3, #1
100041fa:	005b      	lsls	r3, r3, #1
100041fc:	b29b      	uxth	r3, r3
100041fe:	4810      	ldr	r0, [pc, #64]	@ (10004240 <tud_descriptor_string_cb+0x60>)
10004200:	22c0      	movs	r2, #192	@ 0xc0
10004202:	0092      	lsls	r2, r2, #2
10004204:	4313      	orrs	r3, r2
10004206:	8003      	strh	r3, [r0, #0]
10004208:	bd10      	pop	{r4, pc}
1000420a:	480c      	ldr	r0, [pc, #48]	@ (1000423c <tud_descriptor_string_cb+0x5c>)
1000420c:	2111      	movs	r1, #17
1000420e:	f000 f825 	bl	1000425c <pico_get_unique_board_id_string>
10004212:	e7eb      	b.n	100041ec <tud_descriptor_string_cb+0xc>
10004214:	2c05      	cmp	r4, #5
10004216:	d80e      	bhi.n	10004236 <tud_descriptor_string_cb+0x56>
10004218:	4b0b      	ldr	r3, [pc, #44]	@ (10004248 <tud_descriptor_string_cb+0x68>)
1000421a:	00a4      	lsls	r4, r4, #2
1000421c:	58e4      	ldr	r4, [r4, r3]
1000421e:	2300      	movs	r3, #0
10004220:	2b12      	cmp	r3, #18
10004222:	d8e9      	bhi.n	100041f8 <tud_descriptor_string_cb+0x18>
10004224:	5ce1      	ldrb	r1, [r4, r3]
10004226:	2900      	cmp	r1, #0
10004228:	d0e6      	beq.n	100041f8 <tud_descriptor_string_cb+0x18>
1000422a:	3301      	adds	r3, #1
1000422c:	4a04      	ldr	r2, [pc, #16]	@ (10004240 <tud_descriptor_string_cb+0x60>)
1000422e:	0058      	lsls	r0, r3, #1
10004230:	5281      	strh	r1, [r0, r2]
10004232:	b2db      	uxtb	r3, r3
10004234:	e7f4      	b.n	10004220 <tud_descriptor_string_cb+0x40>
10004236:	2000      	movs	r0, #0
10004238:	e7e6      	b.n	10004208 <tud_descriptor_string_cb+0x28>
1000423a:	46c0      	nop			@ (mov r8, r8)
1000423c:	200169a4 	.word	0x200169a4
10004240:	2001642c 	.word	0x2001642c
10004244:	00000409 	.word	0x00000409
10004248:	10008ab4 	.word	0x10008ab4

1000424c <_retrieve_unique_id_on_boot>:
1000424c:	b510      	push	{r4, lr}
1000424e:	4802      	ldr	r0, [pc, #8]	@ (10004258 <_retrieve_unique_id_on_boot+0xc>)
10004250:	f000 f830 	bl	100042b4 <flash_get_unique_id>
10004254:	bd10      	pop	{r4, pc}
10004256:	46c0      	nop			@ (mov r8, r8)
10004258:	20016880 	.word	0x20016880

1000425c <pico_get_unique_board_id_string>:
1000425c:	b510      	push	{r4, lr}
1000425e:	1e0c      	subs	r4, r1, #0
10004260:	d001      	beq.n	10004266 <pico_get_unique_board_id_string+0xa>
10004262:	2300      	movs	r3, #0
10004264:	e008      	b.n	10004278 <pico_get_unique_board_id_string+0x1c>
10004266:	4b0f      	ldr	r3, [pc, #60]	@ (100042a4 <pico_get_unique_board_id_string+0x48>)
10004268:	4a0f      	ldr	r2, [pc, #60]	@ (100042a8 <pico_get_unique_board_id_string+0x4c>)
1000426a:	4810      	ldr	r0, [pc, #64]	@ (100042ac <pico_get_unique_board_id_string+0x50>)
1000426c:	213b      	movs	r1, #59	@ 0x3b
1000426e:	f7ff fae5 	bl	1000383c <__assert_func>
10004272:	3237      	adds	r2, #55	@ 0x37
10004274:	54c2      	strb	r2, [r0, r3]
10004276:	3301      	adds	r3, #1
10004278:	1e62      	subs	r2, r4, #1
1000427a:	429a      	cmp	r2, r3
1000427c:	d90e      	bls.n	1000429c <pico_get_unique_board_id_string+0x40>
1000427e:	2b0f      	cmp	r3, #15
10004280:	d80c      	bhi.n	1000429c <pico_get_unique_board_id_string+0x40>
10004282:	085a      	lsrs	r2, r3, #1
10004284:	490a      	ldr	r1, [pc, #40]	@ (100042b0 <pico_get_unique_board_id_string+0x54>)
10004286:	5c89      	ldrb	r1, [r1, r2]
10004288:	2201      	movs	r2, #1
1000428a:	439a      	bics	r2, r3
1000428c:	0092      	lsls	r2, r2, #2
1000428e:	4111      	asrs	r1, r2
10004290:	220f      	movs	r2, #15
10004292:	400a      	ands	r2, r1
10004294:	2a09      	cmp	r2, #9
10004296:	dcec      	bgt.n	10004272 <pico_get_unique_board_id_string+0x16>
10004298:	3230      	adds	r2, #48	@ 0x30
1000429a:	e7eb      	b.n	10004274 <pico_get_unique_board_id_string+0x18>
1000429c:	18c0      	adds	r0, r0, r3
1000429e:	2300      	movs	r3, #0
100042a0:	7003      	strb	r3, [r0, #0]
100042a2:	bd10      	pop	{r4, pc}
100042a4:	100082fc 	.word	0x100082fc
100042a8:	10008b34 	.word	0x10008b34
100042ac:	10008304 	.word	0x10008304
100042b0:	20016880 	.word	0x20016880

100042b4 <flash_get_unique_id>:
100042b4:	b570      	push	{r4, r5, r6, lr}
100042b6:	b088      	sub	sp, #32
100042b8:	0004      	movs	r4, r0
100042ba:	ad04      	add	r5, sp, #16
100042bc:	220d      	movs	r2, #13
100042be:	2100      	movs	r1, #0
100042c0:	0028      	movs	r0, r5
100042c2:	f7fe f9bb 	bl	1000263c <__wrap_memset>
100042c6:	220d      	movs	r2, #13
100042c8:	2100      	movs	r1, #0
100042ca:	4668      	mov	r0, sp
100042cc:	f7fe f9b6 	bl	1000263c <__wrap_memset>
100042d0:	234b      	movs	r3, #75	@ 0x4b
100042d2:	702b      	strb	r3, [r5, #0]
100042d4:	2300      	movs	r3, #0
100042d6:	220d      	movs	r2, #13
100042d8:	4669      	mov	r1, sp
100042da:	0028      	movs	r0, r5
100042dc:	f003 fa08 	bl	100076f0 <__flash_do_cmd_cs_veneer>
100042e0:	2300      	movs	r3, #0
100042e2:	e004      	b.n	100042ee <flash_get_unique_id+0x3a>
100042e4:	1d5a      	adds	r2, r3, #5
100042e6:	4669      	mov	r1, sp
100042e8:	5c8a      	ldrb	r2, [r1, r2]
100042ea:	54e2      	strb	r2, [r4, r3]
100042ec:	3301      	adds	r3, #1
100042ee:	2b07      	cmp	r3, #7
100042f0:	ddf8      	ble.n	100042e4 <flash_get_unique_id+0x30>
100042f2:	b008      	add	sp, #32
100042f4:	bd70      	pop	{r4, r5, r6, pc}

100042f6 <usb_reset_interface_init>:
100042f6:	4770      	bx	lr

100042f8 <usb_reset_interface_reset>:
100042f8:	4b01      	ldr	r3, [pc, #4]	@ (10004300 <usb_reset_interface_reset+0x8>)
100042fa:	2200      	movs	r2, #0
100042fc:	701a      	strb	r2, [r3, #0]
100042fe:	4770      	bx	lr
10004300:	200169ba 	.word	0x200169ba

10004304 <usb_reset_interface_open>:
10004304:	794b      	ldrb	r3, [r1, #5]
10004306:	2bff      	cmp	r3, #255	@ 0xff
10004308:	d10c      	bne.n	10004324 <usb_reset_interface_open+0x20>
1000430a:	798b      	ldrb	r3, [r1, #6]
1000430c:	2b00      	cmp	r3, #0
1000430e:	d109      	bne.n	10004324 <usb_reset_interface_open+0x20>
10004310:	79cb      	ldrb	r3, [r1, #7]
10004312:	2b01      	cmp	r3, #1
10004314:	d106      	bne.n	10004324 <usb_reset_interface_open+0x20>
10004316:	2a08      	cmp	r2, #8
10004318:	d904      	bls.n	10004324 <usb_reset_interface_open+0x20>
1000431a:	788a      	ldrb	r2, [r1, #2]
1000431c:	4b02      	ldr	r3, [pc, #8]	@ (10004328 <usb_reset_interface_open+0x24>)
1000431e:	701a      	strb	r2, [r3, #0]
10004320:	2009      	movs	r0, #9
10004322:	e000      	b.n	10004326 <usb_reset_interface_open+0x22>
10004324:	2000      	movs	r0, #0
10004326:	4770      	bx	lr
10004328:	200169ba 	.word	0x200169ba

1000432c <usb_reset_interface_xfer_cb>:
1000432c:	2001      	movs	r0, #1
1000432e:	4770      	bx	lr

10004330 <usb_reset_interface_control_xfer_cb>:
10004330:	b510      	push	{r4, lr}
10004332:	2901      	cmp	r1, #1
10004334:	d001      	beq.n	1000433a <usb_reset_interface_control_xfer_cb+0xa>
10004336:	2001      	movs	r0, #1
10004338:	bd10      	pop	{r4, pc}
1000433a:	7911      	ldrb	r1, [r2, #4]
1000433c:	7953      	ldrb	r3, [r2, #5]
1000433e:	021b      	lsls	r3, r3, #8
10004340:	430b      	orrs	r3, r1
10004342:	4911      	ldr	r1, [pc, #68]	@ (10004388 <usb_reset_interface_control_xfer_cb+0x58>)
10004344:	7809      	ldrb	r1, [r1, #0]
10004346:	428b      	cmp	r3, r1
10004348:	d001      	beq.n	1000434e <usb_reset_interface_control_xfer_cb+0x1e>
1000434a:	2000      	movs	r0, #0
1000434c:	e7f4      	b.n	10004338 <usb_reset_interface_control_xfer_cb+0x8>
1000434e:	7853      	ldrb	r3, [r2, #1]
10004350:	2b01      	cmp	r3, #1
10004352:	d007      	beq.n	10004364 <usb_reset_interface_control_xfer_cb+0x34>
10004354:	2b02      	cmp	r3, #2
10004356:	d1f8      	bne.n	1000434a <usb_reset_interface_control_xfer_cb+0x1a>
10004358:	2264      	movs	r2, #100	@ 0x64
1000435a:	2100      	movs	r1, #0
1000435c:	2000      	movs	r0, #0
1000435e:	f7fd fc0f 	bl	10001b80 <watchdog_reboot>
10004362:	e7e8      	b.n	10004336 <usb_reset_interface_control_xfer_cb+0x6>
10004364:	7891      	ldrb	r1, [r2, #2]
10004366:	78d3      	ldrb	r3, [r2, #3]
10004368:	021b      	lsls	r3, r3, #8
1000436a:	4319      	orrs	r1, r3
1000436c:	05db      	lsls	r3, r3, #23
1000436e:	d506      	bpl.n	1000437e <usb_reset_interface_control_xfer_cb+0x4e>
10004370:	060a      	lsls	r2, r1, #24
10004372:	0fd2      	lsrs	r2, r2, #31
10004374:	0a48      	lsrs	r0, r1, #9
10004376:	2303      	movs	r3, #3
10004378:	4019      	ands	r1, r3
1000437a:	f7fd fc59 	bl	10001c30 <rom_reset_usb_boot_extra>
1000437e:	2200      	movs	r2, #0
10004380:	2001      	movs	r0, #1
10004382:	4240      	negs	r0, r0
10004384:	e7f7      	b.n	10004376 <usb_reset_interface_control_xfer_cb+0x46>
10004386:	46c0      	nop			@ (mov r8, r8)
10004388:	200169ba 	.word	0x200169ba

1000438c <tud_descriptor_bos_cb>:
1000438c:	4800      	ldr	r0, [pc, #0]	@ (10004390 <tud_descriptor_bos_cb+0x4>)
1000438e:	4770      	bx	lr
10004390:	10008c0c 	.word	0x10008c0c

10004394 <tud_vendor_control_xfer_cb>:
10004394:	b510      	push	{r4, lr}
10004396:	0004      	movs	r4, r0
10004398:	0010      	movs	r0, r2
1000439a:	2901      	cmp	r1, #1
1000439c:	d111      	bne.n	100043c2 <tud_vendor_control_xfer_cb+0x2e>
1000439e:	7853      	ldrb	r3, [r2, #1]
100043a0:	2b01      	cmp	r3, #1
100043a2:	d105      	bne.n	100043b0 <tud_vendor_control_xfer_cb+0x1c>
100043a4:	7912      	ldrb	r2, [r2, #4]
100043a6:	7943      	ldrb	r3, [r0, #5]
100043a8:	021b      	lsls	r3, r3, #8
100043aa:	4313      	orrs	r3, r2
100043ac:	2b07      	cmp	r3, #7
100043ae:	d001      	beq.n	100043b4 <tud_vendor_control_xfer_cb+0x20>
100043b0:	2000      	movs	r0, #0
100043b2:	e007      	b.n	100043c4 <tud_vendor_control_xfer_cb+0x30>
100043b4:	4a04      	ldr	r2, [pc, #16]	@ (100043c8 <tud_vendor_control_xfer_cb+0x34>)
100043b6:	23a6      	movs	r3, #166	@ 0xa6
100043b8:	0001      	movs	r1, r0
100043ba:	0020      	movs	r0, r4
100043bc:	f001 f866 	bl	1000548c <tud_control_xfer>
100043c0:	e000      	b.n	100043c4 <tud_vendor_control_xfer_cb+0x30>
100043c2:	2001      	movs	r0, #1
100043c4:	bd10      	pop	{r4, pc}
100043c6:	46c0      	nop			@ (mov r8, r8)
100043c8:	10008b64 	.word	0x10008b64

100043cc <usbd_app_driver_get_cb>:
100043cc:	2301      	movs	r3, #1
100043ce:	7003      	strb	r3, [r0, #0]
100043d0:	4800      	ldr	r0, [pc, #0]	@ (100043d4 <usbd_app_driver_get_cb+0x8>)
100043d2:	4770      	bx	lr
100043d4:	10008c30 	.word	0x10008c30

100043d8 <tud_cdc_line_coding_cb>:
100043d8:	b510      	push	{r4, lr}
100043da:	780a      	ldrb	r2, [r1, #0]
100043dc:	784b      	ldrb	r3, [r1, #1]
100043de:	021b      	lsls	r3, r3, #8
100043e0:	4313      	orrs	r3, r2
100043e2:	788a      	ldrb	r2, [r1, #2]
100043e4:	0412      	lsls	r2, r2, #16
100043e6:	431a      	orrs	r2, r3
100043e8:	78cb      	ldrb	r3, [r1, #3]
100043ea:	061b      	lsls	r3, r3, #24
100043ec:	4313      	orrs	r3, r2
100043ee:	2296      	movs	r2, #150	@ 0x96
100043f0:	00d2      	lsls	r2, r2, #3
100043f2:	4293      	cmp	r3, r2
100043f4:	d000      	beq.n	100043f8 <tud_cdc_line_coding_cb+0x20>
100043f6:	bd10      	pop	{r4, pc}
100043f8:	2001      	movs	r0, #1
100043fa:	2200      	movs	r2, #0
100043fc:	0011      	movs	r1, r2
100043fe:	4240      	negs	r0, r0
10004400:	f7fd fc16 	bl	10001c30 <rom_reset_usb_boot_extra>

10004404 <hw_endpoint_init>:
10004404:	b570      	push	{r4, r5, r6, lr}
10004406:	000e      	movs	r6, r1
10004408:	0015      	movs	r5, r2
1000440a:	237f      	movs	r3, #127	@ 0x7f
1000440c:	4003      	ands	r3, r0
1000440e:	09c1      	lsrs	r1, r0, #7
10004410:	4a2b      	ldr	r2, [pc, #172]	@ (100044c0 <hw_endpoint_init+0xbc>)
10004412:	005c      	lsls	r4, r3, #1
10004414:	46a4      	mov	ip, r4
10004416:	448c      	add	ip, r1
10004418:	4664      	mov	r4, ip
1000441a:	0164      	lsls	r4, r4, #5
1000441c:	46a4      	mov	ip, r4
1000441e:	4462      	add	r2, ip
10004420:	7090      	strb	r0, [r2, #2]
10004422:	43c0      	mvns	r0, r0
10004424:	b2c0      	uxtb	r0, r0
10004426:	09c0      	lsrs	r0, r0, #7
10004428:	7050      	strb	r0, [r2, #1]
1000442a:	2000      	movs	r0, #0
1000442c:	70d0      	strb	r0, [r2, #3]
1000442e:	8316      	strh	r6, [r2, #24]
10004430:	76d5      	strb	r5, [r2, #27]
10004432:	2901      	cmp	r1, #1
10004434:	d01e      	beq.n	10004474 <hw_endpoint_init+0x70>
10004436:	00da      	lsls	r2, r3, #3
10004438:	4822      	ldr	r0, [pc, #136]	@ (100044c4 <hw_endpoint_init+0xc0>)
1000443a:	4684      	mov	ip, r0
1000443c:	4494      	add	ip, r2
1000443e:	4a20      	ldr	r2, [pc, #128]	@ (100044c0 <hw_endpoint_init+0xbc>)
10004440:	0058      	lsls	r0, r3, #1
10004442:	1840      	adds	r0, r0, r1
10004444:	0140      	lsls	r0, r0, #5
10004446:	1812      	adds	r2, r2, r0
10004448:	4660      	mov	r0, ip
1000444a:	6090      	str	r0, [r2, #8]
1000444c:	4a1c      	ldr	r2, [pc, #112]	@ (100044c0 <hw_endpoint_init+0xbc>)
1000444e:	0058      	lsls	r0, r3, #1
10004450:	1840      	adds	r0, r0, r1
10004452:	0140      	lsls	r0, r0, #5
10004454:	1812      	adds	r2, r2, r0
10004456:	6892      	ldr	r2, [r2, #8]
10004458:	2000      	movs	r0, #0
1000445a:	6010      	str	r0, [r2, #0]
1000445c:	2b00      	cmp	r3, #0
1000445e:	d115      	bne.n	1000448c <hw_endpoint_init+0x88>
10004460:	4a17      	ldr	r2, [pc, #92]	@ (100044c0 <hw_endpoint_init+0xbc>)
10004462:	005b      	lsls	r3, r3, #1
10004464:	185b      	adds	r3, r3, r1
10004466:	015b      	lsls	r3, r3, #5
10004468:	18d3      	adds	r3, r2, r3
1000446a:	2200      	movs	r2, #0
1000446c:	605a      	str	r2, [r3, #4]
1000446e:	4a16      	ldr	r2, [pc, #88]	@ (100044c8 <hw_endpoint_init+0xc4>)
10004470:	60da      	str	r2, [r3, #12]
10004472:	bd70      	pop	{r4, r5, r6, pc}
10004474:	00da      	lsls	r2, r3, #3
10004476:	4815      	ldr	r0, [pc, #84]	@ (100044cc <hw_endpoint_init+0xc8>)
10004478:	4684      	mov	ip, r0
1000447a:	4494      	add	ip, r2
1000447c:	4a10      	ldr	r2, [pc, #64]	@ (100044c0 <hw_endpoint_init+0xbc>)
1000447e:	0058      	lsls	r0, r3, #1
10004480:	1840      	adds	r0, r0, r1
10004482:	0140      	lsls	r0, r0, #5
10004484:	1812      	adds	r2, r2, r0
10004486:	4660      	mov	r0, ip
10004488:	6090      	str	r0, [r2, #8]
1000448a:	e7df      	b.n	1000444c <hw_endpoint_init+0x48>
1000448c:	2901      	cmp	r1, #1
1000448e:	d00b      	beq.n	100044a8 <hw_endpoint_init+0xa4>
10004490:	1e58      	subs	r0, r3, #1
10004492:	00c0      	lsls	r0, r0, #3
10004494:	4a0e      	ldr	r2, [pc, #56]	@ (100044d0 <hw_endpoint_init+0xcc>)
10004496:	4694      	mov	ip, r2
10004498:	4460      	add	r0, ip
1000449a:	4a09      	ldr	r2, [pc, #36]	@ (100044c0 <hw_endpoint_init+0xbc>)
1000449c:	005b      	lsls	r3, r3, #1
1000449e:	185b      	adds	r3, r3, r1
100044a0:	015b      	lsls	r3, r3, #5
100044a2:	18d2      	adds	r2, r2, r3
100044a4:	6050      	str	r0, [r2, #4]
100044a6:	e7e4      	b.n	10004472 <hw_endpoint_init+0x6e>
100044a8:	1e58      	subs	r0, r3, #1
100044aa:	00c0      	lsls	r0, r0, #3
100044ac:	4a09      	ldr	r2, [pc, #36]	@ (100044d4 <hw_endpoint_init+0xd0>)
100044ae:	4694      	mov	ip, r2
100044b0:	4460      	add	r0, ip
100044b2:	4a03      	ldr	r2, [pc, #12]	@ (100044c0 <hw_endpoint_init+0xbc>)
100044b4:	005b      	lsls	r3, r3, #1
100044b6:	185b      	adds	r3, r3, r1
100044b8:	015b      	lsls	r3, r3, #5
100044ba:	18d2      	adds	r2, r2, r3
100044bc:	6050      	str	r0, [r2, #4]
100044be:	e7d8      	b.n	10004472 <hw_endpoint_init+0x6e>
100044c0:	20016460 	.word	0x20016460
100044c4:	50100084 	.word	0x50100084
100044c8:	50100100 	.word	0x50100100
100044cc:	50100080 	.word	0x50100080
100044d0:	5010000c 	.word	0x5010000c
100044d4:	50100008 	.word	0x50100008

100044d8 <hw_endpoint_alloc>:
100044d8:	b510      	push	{r4, lr}
100044da:	8b03      	ldrh	r3, [r0, #24]
100044dc:	333f      	adds	r3, #63	@ 0x3f
100044de:	099b      	lsrs	r3, r3, #6
100044e0:	0199      	lsls	r1, r3, #6
100044e2:	7ec2      	ldrb	r2, [r0, #27]
100044e4:	2a02      	cmp	r2, #2
100044e6:	d008      	beq.n	100044fa <hw_endpoint_alloc+0x22>
100044e8:	4a08      	ldr	r2, [pc, #32]	@ (1000450c <hw_endpoint_alloc+0x34>)
100044ea:	6813      	ldr	r3, [r2, #0]
100044ec:	60c3      	str	r3, [r0, #12]
100044ee:	185b      	adds	r3, r3, r1
100044f0:	6013      	str	r3, [r2, #0]
100044f2:	4a07      	ldr	r2, [pc, #28]	@ (10004510 <hw_endpoint_alloc+0x38>)
100044f4:	4293      	cmp	r3, r2
100044f6:	d802      	bhi.n	100044fe <hw_endpoint_alloc+0x26>
100044f8:	bd10      	pop	{r4, pc}
100044fa:	01d9      	lsls	r1, r3, #7
100044fc:	e7f4      	b.n	100044e8 <hw_endpoint_alloc+0x10>
100044fe:	4b05      	ldr	r3, [pc, #20]	@ (10004514 <hw_endpoint_alloc+0x3c>)
10004500:	4a05      	ldr	r2, [pc, #20]	@ (10004518 <hw_endpoint_alloc+0x40>)
10004502:	4806      	ldr	r0, [pc, #24]	@ (1000451c <hw_endpoint_alloc+0x44>)
10004504:	2152      	movs	r1, #82	@ 0x52
10004506:	f7ff f999 	bl	1000383c <__assert_func>
1000450a:	46c0      	nop			@ (mov r8, r8)
1000450c:	20016864 	.word	0x20016864
10004510:	50100fff 	.word	0x50100fff
10004514:	1000856c 	.word	0x1000856c
10004518:	10008c80 	.word	0x10008c80
1000451c:	100085b0 	.word	0x100085b0

10004520 <hw_endpoint_open>:
10004520:	b5f8      	push	{r3, r4, r5, r6, r7, lr}
10004522:	247f      	movs	r4, #127	@ 0x7f
10004524:	4004      	ands	r4, r0
10004526:	09c5      	lsrs	r5, r0, #7
10004528:	0063      	lsls	r3, r4, #1
1000452a:	195b      	adds	r3, r3, r5
1000452c:	015b      	lsls	r3, r3, #5
1000452e:	4e0f      	ldr	r6, [pc, #60]	@ (1000456c <hw_endpoint_open+0x4c>)
10004530:	46b4      	mov	ip, r6
10004532:	4463      	add	r3, ip
10004534:	001e      	movs	r6, r3
10004536:	f7ff ff65 	bl	10004404 <hw_endpoint_init>
1000453a:	2c00      	cmp	r4, #0
1000453c:	d100      	bne.n	10004540 <hw_endpoint_open+0x20>
1000453e:	bdf8      	pop	{r3, r4, r5, r6, r7, pc}
10004540:	4b0a      	ldr	r3, [pc, #40]	@ (1000456c <hw_endpoint_open+0x4c>)
10004542:	0064      	lsls	r4, r4, #1
10004544:	1964      	adds	r4, r4, r5
10004546:	0164      	lsls	r4, r4, #5
10004548:	191c      	adds	r4, r3, r4
1000454a:	8b21      	ldrh	r1, [r4, #24]
1000454c:	0030      	movs	r0, r6
1000454e:	f7ff ffc3 	bl	100044d8 <hw_endpoint_alloc>
10004552:	7ee3      	ldrb	r3, [r4, #27]
10004554:	069b      	lsls	r3, r3, #26
10004556:	68e1      	ldr	r1, [r4, #12]
10004558:	4a05      	ldr	r2, [pc, #20]	@ (10004570 <hw_endpoint_open+0x50>)
1000455a:	404a      	eors	r2, r1
1000455c:	4313      	orrs	r3, r2
1000455e:	2280      	movs	r2, #128	@ 0x80
10004560:	0612      	lsls	r2, r2, #24
10004562:	4313      	orrs	r3, r2
10004564:	6862      	ldr	r2, [r4, #4]
10004566:	6013      	str	r3, [r2, #0]
10004568:	e7e9      	b.n	1000453e <hw_endpoint_open+0x1e>
1000456a:	46c0      	nop			@ (mov r8, r8)
1000456c:	20016460 	.word	0x20016460
10004570:	50100000 	.word	0x50100000

10004574 <hw_endpoint_xfer>:
10004574:	b510      	push	{r4, lr}
10004576:	0003      	movs	r3, r0
10004578:	207f      	movs	r0, #127	@ 0x7f
1000457a:	4018      	ands	r0, r3
1000457c:	09db      	lsrs	r3, r3, #7
1000457e:	469c      	mov	ip, r3
10004580:	0040      	lsls	r0, r0, #1
10004582:	4460      	add	r0, ip
10004584:	0140      	lsls	r0, r0, #5
10004586:	4b02      	ldr	r3, [pc, #8]	@ (10004590 <hw_endpoint_xfer+0x1c>)
10004588:	18c0      	adds	r0, r0, r3
1000458a:	f000 f92f 	bl	100047ec <hw_endpoint_xfer_start>
1000458e:	bd10      	pop	{r4, pc}
10004590:	20016460 	.word	0x20016460

10004594 <dcd_int_enable>:
10004594:	b510      	push	{r4, lr}
10004596:	2800      	cmp	r0, #0
10004598:	d104      	bne.n	100045a4 <dcd_int_enable+0x10>
1000459a:	2101      	movs	r1, #1
1000459c:	2005      	movs	r0, #5
1000459e:	f7fc f961 	bl	10000864 <irq_set_enabled>
100045a2:	bd10      	pop	{r4, pc}
100045a4:	4b03      	ldr	r3, [pc, #12]	@ (100045b4 <dcd_int_enable+0x20>)
100045a6:	4a04      	ldr	r2, [pc, #16]	@ (100045b8 <dcd_int_enable+0x24>)
100045a8:	2198      	movs	r1, #152	@ 0x98
100045aa:	4804      	ldr	r0, [pc, #16]	@ (100045bc <dcd_int_enable+0x28>)
100045ac:	31ff      	adds	r1, #255	@ 0xff
100045ae:	f7ff f945 	bl	1000383c <__assert_func>
100045b2:	46c0      	nop			@ (mov r8, r8)
100045b4:	1000862c 	.word	0x1000862c
100045b8:	10008c70 	.word	0x10008c70
100045bc:	100085b0 	.word	0x100085b0

100045c0 <dcd_set_address>:
100045c0:	b510      	push	{r4, lr}
100045c2:	2800      	cmp	r0, #0
100045c4:	d105      	bne.n	100045d2 <dcd_set_address+0x12>
100045c6:	2200      	movs	r2, #0
100045c8:	2100      	movs	r1, #0
100045ca:	2080      	movs	r0, #128	@ 0x80
100045cc:	f7ff ffd2 	bl	10004574 <hw_endpoint_xfer>
100045d0:	bd10      	pop	{r4, pc}
100045d2:	4b03      	ldr	r3, [pc, #12]	@ (100045e0 <dcd_set_address+0x20>)
100045d4:	4a03      	ldr	r2, [pc, #12]	@ (100045e4 <dcd_set_address+0x24>)
100045d6:	21a2      	movs	r1, #162	@ 0xa2
100045d8:	4803      	ldr	r0, [pc, #12]	@ (100045e8 <dcd_set_address+0x28>)
100045da:	31ff      	adds	r1, #255	@ 0xff
100045dc:	f7ff f92e 	bl	1000383c <__assert_func>
100045e0:	1000862c 	.word	0x1000862c
100045e4:	10008c60 	.word	0x10008c60
100045e8:	100085b0 	.word	0x100085b0

100045ec <dcd_connect>:
100045ec:	4b02      	ldr	r3, [pc, #8]	@ (100045f8 <dcd_connect+0xc>)
100045ee:	2280      	movs	r2, #128	@ 0x80
100045f0:	0252      	lsls	r2, r2, #9
100045f2:	64da      	str	r2, [r3, #76]	@ 0x4c
100045f4:	4770      	bx	lr
100045f6:	46c0      	nop			@ (mov r8, r8)
100045f8:	50112000 	.word	0x50112000

100045fc <dcd_init>:
100045fc:	b570      	push	{r4, r5, r6, lr}
100045fe:	1e04      	subs	r4, r0, #0
10004600:	d127      	bne.n	10004652 <dcd_init+0x56>
10004602:	f000 f8d1 	bl	100047a8 <rp2040_usb_init>
10004606:	4d16      	ldr	r5, [pc, #88]	@ (10004660 <dcd_init+0x64>)
10004608:	230c      	movs	r3, #12
1000460a:	67ab      	str	r3, [r5, #120]	@ 0x78
1000460c:	4915      	ldr	r1, [pc, #84]	@ (10004664 <dcd_init+0x68>)
1000460e:	22ff      	movs	r2, #255	@ 0xff
10004610:	2005      	movs	r0, #5
10004612:	f7fc f97b 	bl	1000090c <irq_add_shared_handler>
10004616:	4814      	ldr	r0, [pc, #80]	@ (10004668 <dcd_init+0x6c>)
10004618:	2240      	movs	r2, #64	@ 0x40
1000461a:	2100      	movs	r1, #0
1000461c:	f7fe f80e 	bl	1000263c <__wrap_memset>
10004620:	2200      	movs	r2, #0
10004622:	2140      	movs	r1, #64	@ 0x40
10004624:	2000      	movs	r0, #0
10004626:	f7ff ff7b 	bl	10004520 <hw_endpoint_open>
1000462a:	2200      	movs	r2, #0
1000462c:	2140      	movs	r1, #64	@ 0x40
1000462e:	2080      	movs	r0, #128	@ 0x80
10004630:	f7ff ff76 	bl	10004520 <hw_endpoint_open>
10004634:	f003 f874 	bl	10007720 <__reset_non_control_endpoints_veneer>
10004638:	2301      	movs	r3, #1
1000463a:	642b      	str	r3, [r5, #64]	@ 0x40
1000463c:	2380      	movs	r3, #128	@ 0x80
1000463e:	059b      	lsls	r3, r3, #22
10004640:	64eb      	str	r3, [r5, #76]	@ 0x4c
10004642:	2390      	movs	r3, #144	@ 0x90
10004644:	4a09      	ldr	r2, [pc, #36]	@ (1000466c <dcd_init+0x70>)
10004646:	50ea      	str	r2, [r5, r3]
10004648:	0020      	movs	r0, r4
1000464a:	f7ff ffcf 	bl	100045ec <dcd_connect>
1000464e:	2001      	movs	r0, #1
10004650:	bd70      	pop	{r4, r5, r6, pc}
10004652:	4b07      	ldr	r3, [pc, #28]	@ (10004670 <dcd_init+0x74>)
10004654:	4a07      	ldr	r2, [pc, #28]	@ (10004674 <dcd_init+0x78>)
10004656:	2164      	movs	r1, #100	@ 0x64
10004658:	4807      	ldr	r0, [pc, #28]	@ (10004678 <dcd_init+0x7c>)
1000465a:	31ff      	adds	r1, #255	@ 0xff
1000465c:	f7ff f8ee 	bl	1000383c <__assert_func>
10004660:	50110000 	.word	0x50110000
10004664:	200004a1 	.word	0x200004a1
10004668:	20016460 	.word	0x20016460
1000466c:	0001d010 	.word	0x0001d010
10004670:	1000862c 	.word	0x1000862c
10004674:	10008c94 	.word	0x10008c94
10004678:	100085b0 	.word	0x100085b0

1000467c <dcd_sof_enable>:
1000467c:	4b04      	ldr	r3, [pc, #16]	@ (10004690 <dcd_sof_enable+0x14>)
1000467e:	7019      	strb	r1, [r3, #0]
10004680:	2900      	cmp	r1, #0
10004682:	d004      	beq.n	1000468e <dcd_sof_enable+0x12>
10004684:	4a03      	ldr	r2, [pc, #12]	@ (10004694 <dcd_sof_enable+0x18>)
10004686:	2390      	movs	r3, #144	@ 0x90
10004688:	2180      	movs	r1, #128	@ 0x80
1000468a:	0289      	lsls	r1, r1, #10
1000468c:	50d1      	str	r1, [r2, r3]
1000468e:	4770      	bx	lr
10004690:	200169b6 	.word	0x200169b6
10004694:	50112000 	.word	0x50112000

10004698 <dcd_edpt0_status_complete>:
10004698:	780b      	ldrb	r3, [r1, #0]
1000469a:	06da      	lsls	r2, r3, #27
1000469c:	d105      	bne.n	100046aa <dcd_edpt0_status_complete+0x12>
1000469e:	2260      	movs	r2, #96	@ 0x60
100046a0:	421a      	tst	r2, r3
100046a2:	d102      	bne.n	100046aa <dcd_edpt0_status_complete+0x12>
100046a4:	784b      	ldrb	r3, [r1, #1]
100046a6:	2b05      	cmp	r3, #5
100046a8:	d000      	beq.n	100046ac <dcd_edpt0_status_complete+0x14>
100046aa:	4770      	bx	lr
100046ac:	788a      	ldrb	r2, [r1, #2]
100046ae:	78cb      	ldrb	r3, [r1, #3]
100046b0:	021b      	lsls	r3, r3, #8
100046b2:	4313      	orrs	r3, r2
100046b4:	22ff      	movs	r2, #255	@ 0xff
100046b6:	4013      	ands	r3, r2
100046b8:	4a01      	ldr	r2, [pc, #4]	@ (100046c0 <dcd_edpt0_status_complete+0x28>)
100046ba:	6013      	str	r3, [r2, #0]
100046bc:	e7f5      	b.n	100046aa <dcd_edpt0_status_complete+0x12>
100046be:	46c0      	nop			@ (mov r8, r8)
100046c0:	50110000 	.word	0x50110000

100046c4 <dcd_edpt_open>:
100046c4:	b510      	push	{r4, lr}
100046c6:	78ca      	ldrb	r2, [r1, #3]
100046c8:	0792      	lsls	r2, r2, #30
100046ca:	0f92      	lsrs	r2, r2, #30
100046cc:	2a01      	cmp	r2, #1
100046ce:	d00a      	beq.n	100046e6 <dcd_edpt_open+0x22>
100046d0:	7888      	ldrb	r0, [r1, #2]
100046d2:	790b      	ldrb	r3, [r1, #4]
100046d4:	7949      	ldrb	r1, [r1, #5]
100046d6:	0209      	lsls	r1, r1, #8
100046d8:	4319      	orrs	r1, r3
100046da:	0549      	lsls	r1, r1, #21
100046dc:	0d49      	lsrs	r1, r1, #21
100046de:	f7ff ff1f 	bl	10004520 <hw_endpoint_open>
100046e2:	2001      	movs	r0, #1
100046e4:	bd10      	pop	{r4, pc}
100046e6:	2000      	movs	r0, #0
100046e8:	e7fc      	b.n	100046e4 <dcd_edpt_open+0x20>

100046ea <dcd_edpt_close_all>:
100046ea:	b510      	push	{r4, lr}
100046ec:	f003 f818 	bl	10007720 <__reset_non_control_endpoints_veneer>
100046f0:	bd10      	pop	{r4, pc}
	...

100046f4 <dcd_edpt_xfer>:
100046f4:	b510      	push	{r4, lr}
100046f6:	4684      	mov	ip, r0
100046f8:	0008      	movs	r0, r1
100046fa:	0011      	movs	r1, r2
100046fc:	001a      	movs	r2, r3
100046fe:	4663      	mov	r3, ip
10004700:	2b00      	cmp	r3, #0
10004702:	d103      	bne.n	1000470c <dcd_edpt_xfer+0x18>
10004704:	f7ff ff36 	bl	10004574 <hw_endpoint_xfer>
10004708:	2001      	movs	r0, #1
1000470a:	bd10      	pop	{r4, pc}
1000470c:	4b03      	ldr	r3, [pc, #12]	@ (1000471c <dcd_edpt_xfer+0x28>)
1000470e:	4a04      	ldr	r2, [pc, #16]	@ (10004720 <dcd_edpt_xfer+0x2c>)
10004710:	2181      	movs	r1, #129	@ 0x81
10004712:	4804      	ldr	r0, [pc, #16]	@ (10004724 <dcd_edpt_xfer+0x30>)
10004714:	0089      	lsls	r1, r1, #2
10004716:	f7ff f891 	bl	1000383c <__assert_func>
1000471a:	46c0      	nop			@ (mov r8, r8)
1000471c:	1000862c 	.word	0x1000862c
10004720:	10008c50 	.word	0x10008c50
10004724:	100085b0 	.word	0x100085b0

10004728 <dcd_edpt_stall>:
10004728:	b510      	push	{r4, lr}
1000472a:	237f      	movs	r3, #127	@ 0x7f
1000472c:	0018      	movs	r0, r3
1000472e:	4008      	ands	r0, r1
10004730:	420b      	tst	r3, r1
10004732:	d105      	bne.n	10004740 <dcd_edpt_stall+0x18>
10004734:	09cb      	lsrs	r3, r1, #7
10004736:	2b01      	cmp	r3, #1
10004738:	d00e      	beq.n	10004758 <dcd_edpt_stall+0x30>
1000473a:	2202      	movs	r2, #2
1000473c:	4b07      	ldr	r3, [pc, #28]	@ (1000475c <dcd_edpt_stall+0x34>)
1000473e:	669a      	str	r2, [r3, #104]	@ 0x68
10004740:	09c9      	lsrs	r1, r1, #7
10004742:	0040      	lsls	r0, r0, #1
10004744:	1840      	adds	r0, r0, r1
10004746:	0140      	lsls	r0, r0, #5
10004748:	4b05      	ldr	r3, [pc, #20]	@ (10004760 <dcd_edpt_stall+0x38>)
1000474a:	18c0      	adds	r0, r0, r3
1000474c:	2280      	movs	r2, #128	@ 0x80
1000474e:	0112      	lsls	r2, r2, #4
10004750:	2100      	movs	r1, #0
10004752:	f003 f825 	bl	100077a0 <___hw_endpoint_buffer_control_update32_veneer>
10004756:	bd10      	pop	{r4, pc}
10004758:	2201      	movs	r2, #1
1000475a:	e7ef      	b.n	1000473c <dcd_edpt_stall+0x14>
1000475c:	50112000 	.word	0x50112000
10004760:	20016460 	.word	0x20016460

10004764 <dcd_edpt_clear_stall>:
10004764:	b510      	push	{r4, lr}
10004766:	227f      	movs	r2, #127	@ 0x7f
10004768:	0010      	movs	r0, r2
1000476a:	4008      	ands	r0, r1
1000476c:	420a      	tst	r2, r1
1000476e:	d100      	bne.n	10004772 <dcd_edpt_clear_stall+0xe>
10004770:	bd10      	pop	{r4, pc}
10004772:	09c9      	lsrs	r1, r1, #7
10004774:	0040      	lsls	r0, r0, #1
10004776:	1840      	adds	r0, r0, r1
10004778:	0140      	lsls	r0, r0, #5
1000477a:	4b04      	ldr	r3, [pc, #16]	@ (1000478c <dcd_edpt_clear_stall+0x28>)
1000477c:	18c0      	adds	r0, r0, r3
1000477e:	2300      	movs	r3, #0
10004780:	70c3      	strb	r3, [r0, #3]
10004782:	2200      	movs	r2, #0
10004784:	4902      	ldr	r1, [pc, #8]	@ (10004790 <dcd_edpt_clear_stall+0x2c>)
10004786:	f003 f80b 	bl	100077a0 <___hw_endpoint_buffer_control_update32_veneer>
1000478a:	e7f1      	b.n	10004770 <dcd_edpt_clear_stall+0xc>
1000478c:	20016460 	.word	0x20016460
10004790:	fffff7ff 	.word	0xfffff7ff

10004794 <unaligned_memcpy>:
10004794:	e004      	b.n	100047a0 <unaligned_memcpy+0xc>
10004796:	780a      	ldrb	r2, [r1, #0]
10004798:	7002      	strb	r2, [r0, #0]
1000479a:	3101      	adds	r1, #1
1000479c:	3001      	adds	r0, #1
1000479e:	001a      	movs	r2, r3
100047a0:	1e53      	subs	r3, r2, #1
100047a2:	2a00      	cmp	r2, #0
100047a4:	d1f7      	bne.n	10004796 <unaligned_memcpy+0x2>
100047a6:	4770      	bx	lr

100047a8 <rp2040_usb_init>:
100047a8:	b510      	push	{r4, lr}
100047aa:	2380      	movs	r3, #128	@ 0x80
100047ac:	045b      	lsls	r3, r3, #17
100047ae:	4a0a      	ldr	r2, [pc, #40]	@ (100047d8 <rp2040_usb_init+0x30>)
100047b0:	6013      	str	r3, [r2, #0]
100047b2:	4a0a      	ldr	r2, [pc, #40]	@ (100047dc <rp2040_usb_init+0x34>)
100047b4:	6013      	str	r3, [r2, #0]
100047b6:	4b0a      	ldr	r3, [pc, #40]	@ (100047e0 <rp2040_usb_init+0x38>)
100047b8:	681a      	ldr	r2, [r3, #0]
100047ba:	2380      	movs	r3, #128	@ 0x80
100047bc:	045b      	lsls	r3, r3, #17
100047be:	4393      	bics	r3, r2
100047c0:	d1f9      	bne.n	100047b6 <rp2040_usb_init+0xe>
100047c2:	2280      	movs	r2, #128	@ 0x80
100047c4:	0152      	lsls	r2, r2, #5
100047c6:	2100      	movs	r1, #0
100047c8:	4806      	ldr	r0, [pc, #24]	@ (100047e4 <rp2040_usb_init+0x3c>)
100047ca:	f7fd ff37 	bl	1000263c <__wrap_memset>
100047ce:	4b06      	ldr	r3, [pc, #24]	@ (100047e8 <rp2040_usb_init+0x40>)
100047d0:	2209      	movs	r2, #9
100047d2:	675a      	str	r2, [r3, #116]	@ 0x74
100047d4:	bd10      	pop	{r4, pc}
100047d6:	46c0      	nop			@ (mov r8, r8)
100047d8:	4000e000 	.word	0x4000e000
100047dc:	4000f000 	.word	0x4000f000
100047e0:	4000c008 	.word	0x4000c008
100047e4:	50100000 	.word	0x50100000
100047e8:	50110000 	.word	0x50110000

100047ec <hw_endpoint_xfer_start>:
100047ec:	b570      	push	{r4, r5, r6, lr}
100047ee:	0004      	movs	r4, r0
100047f0:	000d      	movs	r5, r1
100047f2:	0016      	movs	r6, r2
100047f4:	7e83      	ldrb	r3, [r0, #26]
100047f6:	2b00      	cmp	r3, #0
100047f8:	d117      	bne.n	1000482a <hw_endpoint_xfer_start+0x3e>
100047fa:	82a6      	strh	r6, [r4, #20]
100047fc:	2300      	movs	r3, #0
100047fe:	82e3      	strh	r3, [r4, #22]
10004800:	3301      	adds	r3, #1
10004802:	76a3      	strb	r3, [r4, #26]
10004804:	6125      	str	r5, [r4, #16]
10004806:	0020      	movs	r0, r4
10004808:	f002 ffda 	bl	100077c0 <__e15_is_bulkin_ep_veneer>
1000480c:	2800      	cmp	r0, #0
1000480e:	d004      	beq.n	1000481a <hw_endpoint_xfer_start+0x2e>
10004810:	4a0c      	ldr	r2, [pc, #48]	@ (10004844 <hw_endpoint_xfer_start+0x58>)
10004812:	2390      	movs	r3, #144	@ 0x90
10004814:	2180      	movs	r1, #128	@ 0x80
10004816:	0289      	lsls	r1, r1, #10
10004818:	50d1      	str	r1, [r2, r3]
1000481a:	0020      	movs	r0, r4
1000481c:	f002 ffb0 	bl	10007780 <__e15_is_critical_frame_period_veneer>
10004820:	2800      	cmp	r0, #0
10004822:	d00a      	beq.n	1000483a <hw_endpoint_xfer_start+0x4e>
10004824:	2301      	movs	r3, #1
10004826:	7723      	strb	r3, [r4, #28]
10004828:	bd70      	pop	{r4, r5, r6, pc}
1000482a:	7881      	ldrb	r1, [r0, #2]
1000482c:	4806      	ldr	r0, [pc, #24]	@ (10004848 <hw_endpoint_xfer_start+0x5c>)
1000482e:	f7ff f973 	bl	10003b18 <__wrap_printf>
10004832:	0020      	movs	r0, r4
10004834:	f002 ff64 	bl	10007700 <__hw_endpoint_reset_transfer_veneer>
10004838:	e7df      	b.n	100047fa <hw_endpoint_xfer_start+0xe>
1000483a:	0020      	movs	r0, r4
1000483c:	f002 ffb8 	bl	100077b0 <__hw_endpoint_start_next_buffer_veneer>
10004840:	e7f2      	b.n	10004828 <hw_endpoint_xfer_start+0x3c>
10004842:	46c0      	nop			@ (mov r8, r8)
10004844:	50112000 	.word	0x50112000
10004848:	10008728 	.word	0x10008728

1000484c <configuration_reset>:
1000484c:	b570      	push	{r4, r5, r6, lr}
1000484e:	0005      	movs	r5, r0
10004850:	2400      	movs	r4, #0
10004852:	e008      	b.n	10004866 <configuration_reset+0x1a>
10004854:	1ae3      	subs	r3, r4, r3
10004856:	015b      	lsls	r3, r3, #5
10004858:	4a14      	ldr	r2, [pc, #80]	@ (100048ac <configuration_reset+0x60>)
1000485a:	189b      	adds	r3, r3, r2
1000485c:	68db      	ldr	r3, [r3, #12]
1000485e:	0028      	movs	r0, r5
10004860:	4798      	blx	r3
10004862:	3401      	adds	r4, #1
10004864:	b2e4      	uxtb	r4, r4
10004866:	4b12      	ldr	r3, [pc, #72]	@ (100048b0 <configuration_reset+0x64>)
10004868:	781b      	ldrb	r3, [r3, #0]
1000486a:	42a3      	cmp	r3, r4
1000486c:	d30c      	bcc.n	10004888 <configuration_reset+0x3c>
1000486e:	d9f1      	bls.n	10004854 <configuration_reset+0x8>
10004870:	4b10      	ldr	r3, [pc, #64]	@ (100048b4 <configuration_reset+0x68>)
10004872:	681b      	ldr	r3, [r3, #0]
10004874:	0162      	lsls	r2, r4, #5
10004876:	189b      	adds	r3, r3, r2
10004878:	2b00      	cmp	r3, #0
1000487a:	d1ef      	bne.n	1000485c <configuration_reset+0x10>
1000487c:	490e      	ldr	r1, [pc, #56]	@ (100048b8 <configuration_reset+0x6c>)
1000487e:	480f      	ldr	r0, [pc, #60]	@ (100048bc <configuration_reset+0x70>)
10004880:	4a0f      	ldr	r2, [pc, #60]	@ (100048c0 <configuration_reset+0x74>)
10004882:	f7ff f949 	bl	10003b18 <__wrap_printf>
10004886:	e010      	b.n	100048aa <configuration_reset+0x5e>
10004888:	4c0e      	ldr	r4, [pc, #56]	@ (100048c4 <configuration_reset+0x78>)
1000488a:	2254      	movs	r2, #84	@ 0x54
1000488c:	2100      	movs	r1, #0
1000488e:	0020      	movs	r0, r4
10004890:	f7fd fed4 	bl	1000263c <__wrap_memset>
10004894:	1d20      	adds	r0, r4, #4
10004896:	2210      	movs	r2, #16
10004898:	21ff      	movs	r1, #255	@ 0xff
1000489a:	f7fd fecf 	bl	1000263c <__wrap_memset>
1000489e:	0020      	movs	r0, r4
100048a0:	3014      	adds	r0, #20
100048a2:	2220      	movs	r2, #32
100048a4:	21ff      	movs	r1, #255	@ 0xff
100048a6:	f7fd fec9 	bl	1000263c <__wrap_memset>
100048aa:	bd70      	pop	{r4, r5, r6, pc}
100048ac:	10008e10 	.word	0x10008e10
100048b0:	200169b5 	.word	0x200169b5
100048b4:	20016020 	.word	0x20016020
100048b8:	10008ddc 	.word	0x10008ddc
100048bc:	10008760 	.word	0x10008760
100048c0:	00000225 	.word	0x00000225
100048c4:	200161d0 	.word	0x200161d0

100048c8 <usbd_reset>:
100048c8:	b510      	push	{r4, lr}
100048ca:	f7ff ffbf 	bl	1000484c <configuration_reset>
100048ce:	f000 fe29 	bl	10005524 <usbd_control_reset>
100048d2:	bd10      	pop	{r4, pc}

100048d4 <invoke_class_control>:
100048d4:	b570      	push	{r4, r5, r6, lr}
100048d6:	0006      	movs	r6, r0
100048d8:	000c      	movs	r4, r1
100048da:	0015      	movs	r5, r2
100048dc:	6948      	ldr	r0, [r1, #20]
100048de:	f000 fe2b 	bl	10005538 <usbd_control_set_complete_callback>
100048e2:	6963      	ldr	r3, [r4, #20]
100048e4:	002a      	movs	r2, r5
100048e6:	2101      	movs	r1, #1
100048e8:	0030      	movs	r0, r6
100048ea:	4798      	blx	r3
100048ec:	bd70      	pop	{r4, r5, r6, pc}
	...

100048f0 <process_set_config>:
100048f0:	b5f0      	push	{r4, r5, r6, r7, lr}
100048f2:	46de      	mov	lr, fp
100048f4:	4657      	mov	r7, sl
100048f6:	464e      	mov	r6, r9
100048f8:	4645      	mov	r5, r8
100048fa:	b5e0      	push	{r5, r6, r7, lr}
100048fc:	b083      	sub	sp, #12
100048fe:	4681      	mov	r9, r0
10004900:	3901      	subs	r1, #1
10004902:	b2c8      	uxtb	r0, r1
10004904:	f7ff fc68 	bl	100041d8 <tud_descriptor_configuration_cb>
10004908:	2800      	cmp	r0, #0
1000490a:	d003      	beq.n	10004914 <process_set_config+0x24>
1000490c:	7843      	ldrb	r3, [r0, #1]
1000490e:	469b      	mov	fp, r3
10004910:	2b02      	cmp	r3, #2
10004912:	d00c      	beq.n	1000492e <process_set_config+0x3e>
10004914:	494c      	ldr	r1, [pc, #304]	@ (10004a48 <process_set_config+0x158>)
10004916:	484d      	ldr	r0, [pc, #308]	@ (10004a4c <process_set_config+0x15c>)
10004918:	4a4d      	ldr	r2, [pc, #308]	@ (10004a50 <process_set_config+0x160>)
1000491a:	f7ff f8fd 	bl	10003b18 <__wrap_printf>
1000491e:	2000      	movs	r0, #0
10004920:	b003      	add	sp, #12
10004922:	bcf0      	pop	{r4, r5, r6, r7}
10004924:	46bb      	mov	fp, r7
10004926:	46b2      	mov	sl, r6
10004928:	46a9      	mov	r9, r5
1000492a:	46a0      	mov	r8, r4
1000492c:	bdf0      	pop	{r4, r5, r6, r7, pc}
1000492e:	79c5      	ldrb	r5, [r0, #7]
10004930:	116c      	asrs	r4, r5, #5
10004932:	2201      	movs	r2, #1
10004934:	4b47      	ldr	r3, [pc, #284]	@ (10004a54 <process_set_config+0x164>)
10004936:	4014      	ands	r4, r2
10004938:	0124      	lsls	r4, r4, #4
1000493a:	7819      	ldrb	r1, [r3, #0]
1000493c:	2610      	movs	r6, #16
1000493e:	43b1      	bics	r1, r6
10004940:	4321      	orrs	r1, r4
10004942:	7019      	strb	r1, [r3, #0]
10004944:	11ad      	asrs	r5, r5, #6
10004946:	402a      	ands	r2, r5
10004948:	0152      	lsls	r2, r2, #5
1000494a:	b2c9      	uxtb	r1, r1
1000494c:	2420      	movs	r4, #32
1000494e:	43a1      	bics	r1, r4
10004950:	430a      	orrs	r2, r1
10004952:	701a      	strb	r2, [r3, #0]
10004954:	0006      	movs	r6, r0
10004956:	3609      	adds	r6, #9
10004958:	7882      	ldrb	r2, [r0, #2]
1000495a:	78c3      	ldrb	r3, [r0, #3]
1000495c:	021b      	lsls	r3, r3, #8
1000495e:	4313      	orrs	r3, r2
10004960:	18c3      	adds	r3, r0, r3
10004962:	469a      	mov	sl, r3
10004964:	e058      	b.n	10004a18 <process_set_config+0x128>
10004966:	78f3      	ldrb	r3, [r6, #3]
10004968:	4698      	mov	r8, r3
1000496a:	7833      	ldrb	r3, [r6, #0]
1000496c:	18f6      	adds	r6, r6, r3
1000496e:	e05a      	b.n	10004a26 <process_set_config+0x136>
10004970:	4935      	ldr	r1, [pc, #212]	@ (10004a48 <process_set_config+0x158>)
10004972:	4836      	ldr	r0, [pc, #216]	@ (10004a4c <process_set_config+0x15c>)
10004974:	4a38      	ldr	r2, [pc, #224]	@ (10004a58 <process_set_config+0x168>)
10004976:	f7ff f8cf 	bl	10003b18 <__wrap_printf>
1000497a:	e7d0      	b.n	1000491e <process_set_config+0x2e>
1000497c:	1b2c      	subs	r4, r5, r4
1000497e:	0164      	lsls	r4, r4, #5
10004980:	4b36      	ldr	r3, [pc, #216]	@ (10004a5c <process_set_config+0x16c>)
10004982:	18e4      	adds	r4, r4, r3
10004984:	6923      	ldr	r3, [r4, #16]
10004986:	003a      	movs	r2, r7
10004988:	0031      	movs	r1, r6
1000498a:	4648      	mov	r0, r9
1000498c:	4798      	blx	r3
1000498e:	9001      	str	r0, [sp, #4]
10004990:	2808      	cmp	r0, #8
10004992:	d901      	bls.n	10004998 <process_set_config+0xa8>
10004994:	4287      	cmp	r7, r0
10004996:	d212      	bcs.n	100049be <process_set_config+0xce>
10004998:	3501      	adds	r5, #1
1000499a:	b2ed      	uxtb	r5, r5
1000499c:	4b30      	ldr	r3, [pc, #192]	@ (10004a60 <process_set_config+0x170>)
1000499e:	781c      	ldrb	r4, [r3, #0]
100049a0:	42ac      	cmp	r4, r5
100049a2:	d335      	bcc.n	10004a10 <process_set_config+0x120>
100049a4:	d9ea      	bls.n	1000497c <process_set_config+0x8c>
100049a6:	4b2f      	ldr	r3, [pc, #188]	@ (10004a64 <process_set_config+0x174>)
100049a8:	681c      	ldr	r4, [r3, #0]
100049aa:	016b      	lsls	r3, r5, #5
100049ac:	18e4      	adds	r4, r4, r3
100049ae:	2c00      	cmp	r4, #0
100049b0:	d1e8      	bne.n	10004984 <process_set_config+0x94>
100049b2:	4925      	ldr	r1, [pc, #148]	@ (10004a48 <process_set_config+0x158>)
100049b4:	4825      	ldr	r0, [pc, #148]	@ (10004a4c <process_set_config+0x15c>)
100049b6:	4a2c      	ldr	r2, [pc, #176]	@ (10004a68 <process_set_config+0x178>)
100049b8:	f7ff f8ae 	bl	10003b18 <__wrap_printf>
100049bc:	e7af      	b.n	1000491e <process_set_config+0x2e>
100049be:	4643      	mov	r3, r8
100049c0:	2b01      	cmp	r3, #1
100049c2:	d010      	beq.n	100049e6 <process_set_config+0xf6>
100049c4:	2200      	movs	r2, #0
100049c6:	4590      	cmp	r8, r2
100049c8:	d919      	bls.n	100049fe <process_set_config+0x10e>
100049ca:	78b3      	ldrb	r3, [r6, #2]
100049cc:	189b      	adds	r3, r3, r2
100049ce:	b2db      	uxtb	r3, r3
100049d0:	4920      	ldr	r1, [pc, #128]	@ (10004a54 <process_set_config+0x164>)
100049d2:	18c9      	adds	r1, r1, r3
100049d4:	7909      	ldrb	r1, [r1, #4]
100049d6:	29ff      	cmp	r1, #255	@ 0xff
100049d8:	d10b      	bne.n	100049f2 <process_set_config+0x102>
100049da:	491e      	ldr	r1, [pc, #120]	@ (10004a54 <process_set_config+0x164>)
100049dc:	18cb      	adds	r3, r1, r3
100049de:	711d      	strb	r5, [r3, #4]
100049e0:	3201      	adds	r2, #1
100049e2:	b2d2      	uxtb	r2, r2
100049e4:	e7ef      	b.n	100049c6 <process_set_config+0xd6>
100049e6:	6922      	ldr	r2, [r4, #16]
100049e8:	4b20      	ldr	r3, [pc, #128]	@ (10004a6c <process_set_config+0x17c>)
100049ea:	429a      	cmp	r2, r3
100049ec:	d1ea      	bne.n	100049c4 <process_set_config+0xd4>
100049ee:	46d8      	mov	r8, fp
100049f0:	e7e8      	b.n	100049c4 <process_set_config+0xd4>
100049f2:	4915      	ldr	r1, [pc, #84]	@ (10004a48 <process_set_config+0x158>)
100049f4:	4815      	ldr	r0, [pc, #84]	@ (10004a4c <process_set_config+0x15c>)
100049f6:	4a1e      	ldr	r2, [pc, #120]	@ (10004a70 <process_set_config+0x180>)
100049f8:	f7ff f88e 	bl	10003b18 <__wrap_printf>
100049fc:	e78f      	b.n	1000491e <process_set_config+0x2e>
100049fe:	481d      	ldr	r0, [pc, #116]	@ (10004a74 <process_set_config+0x184>)
10004a00:	002b      	movs	r3, r5
10004a02:	9c01      	ldr	r4, [sp, #4]
10004a04:	0022      	movs	r2, r4
10004a06:	0031      	movs	r1, r6
10004a08:	f001 fa52 	bl	10005eb0 <tu_edpt_bind_driver>
10004a0c:	46a4      	mov	ip, r4
10004a0e:	4466      	add	r6, ip
10004a10:	4b13      	ldr	r3, [pc, #76]	@ (10004a60 <process_set_config+0x170>)
10004a12:	781b      	ldrb	r3, [r3, #0]
10004a14:	42ab      	cmp	r3, r5
10004a16:	d30e      	bcc.n	10004a36 <process_set_config+0x146>
10004a18:	4556      	cmp	r6, sl
10004a1a:	d213      	bcs.n	10004a44 <process_set_config+0x154>
10004a1c:	7873      	ldrb	r3, [r6, #1]
10004a1e:	2b0b      	cmp	r3, #11
10004a20:	d0a1      	beq.n	10004966 <process_set_config+0x76>
10004a22:	2301      	movs	r3, #1
10004a24:	4698      	mov	r8, r3
10004a26:	7873      	ldrb	r3, [r6, #1]
10004a28:	2b04      	cmp	r3, #4
10004a2a:	d1a1      	bne.n	10004970 <process_set_config+0x80>
10004a2c:	4653      	mov	r3, sl
10004a2e:	1b9f      	subs	r7, r3, r6
10004a30:	b2bf      	uxth	r7, r7
10004a32:	2500      	movs	r5, #0
10004a34:	e7b2      	b.n	1000499c <process_set_config+0xac>
10004a36:	2285      	movs	r2, #133	@ 0x85
10004a38:	4903      	ldr	r1, [pc, #12]	@ (10004a48 <process_set_config+0x158>)
10004a3a:	4804      	ldr	r0, [pc, #16]	@ (10004a4c <process_set_config+0x15c>)
10004a3c:	00d2      	lsls	r2, r2, #3
10004a3e:	f7ff f86b 	bl	10003b18 <__wrap_printf>
10004a42:	e76c      	b.n	1000491e <process_set_config+0x2e>
10004a44:	2001      	movs	r0, #1
10004a46:	e76b      	b.n	10004920 <process_set_config+0x30>
10004a48:	10008db0 	.word	0x10008db0
10004a4c:	10008760 	.word	0x10008760
10004a50:	000003d6 	.word	0x000003d6
10004a54:	200161d0 	.word	0x200161d0
10004a58:	000003f1 	.word	0x000003f1
10004a5c:	10008e10 	.word	0x10008e10
10004a60:	200169b5 	.word	0x200169b5
10004a64:	20016020 	.word	0x20016020
10004a68:	000003fa 	.word	0x000003fa
10004a6c:	100059c5 	.word	0x100059c5
10004a70:	00000419 	.word	0x00000419
10004a74:	200161e4 	.word	0x200161e4

10004a78 <tud_event_hook_cb>:
10004a78:	4770      	bx	lr

10004a7a <tud_sof_cb>:
10004a7a:	4770      	bx	lr

10004a7c <tud_descriptor_device_qualifier_cb>:
10004a7c:	2000      	movs	r0, #0
10004a7e:	4770      	bx	lr

10004a80 <tud_descriptor_other_speed_configuration_cb>:
10004a80:	2000      	movs	r0, #0
10004a82:	4770      	bx	lr

10004a84 <process_get_descriptor>:
10004a84:	b570      	push	{r4, r5, r6, lr}
10004a86:	0005      	movs	r5, r0
10004a88:	000c      	movs	r4, r1
10004a8a:	7888      	ldrb	r0, [r1, #2]
10004a8c:	78cb      	ldrb	r3, [r1, #3]
10004a8e:	021b      	lsls	r3, r3, #8
10004a90:	0a1a      	lsrs	r2, r3, #8
10004a92:	0013      	movs	r3, r2
10004a94:	2a0f      	cmp	r2, #15
10004a96:	d812      	bhi.n	10004abe <process_get_descriptor+0x3a>
10004a98:	0092      	lsls	r2, r2, #2
10004a9a:	4929      	ldr	r1, [pc, #164]	@ (10004b40 <process_get_descriptor+0xbc>)
10004a9c:	588a      	ldr	r2, [r1, r2]
10004a9e:	4697      	mov	pc, r2
10004aa0:	f7ff fb96 	bl	100041d0 <tud_descriptor_device_cb>
10004aa4:	1e02      	subs	r2, r0, #0
10004aa6:	d005      	beq.n	10004ab4 <process_get_descriptor+0x30>
10004aa8:	2312      	movs	r3, #18
10004aaa:	0021      	movs	r1, r4
10004aac:	0028      	movs	r0, r5
10004aae:	f000 fced 	bl	1000548c <tud_control_xfer>
10004ab2:	e005      	b.n	10004ac0 <process_get_descriptor+0x3c>
10004ab4:	4923      	ldr	r1, [pc, #140]	@ (10004b44 <process_get_descriptor+0xc0>)
10004ab6:	4824      	ldr	r0, [pc, #144]	@ (10004b48 <process_get_descriptor+0xc4>)
10004ab8:	4a24      	ldr	r2, [pc, #144]	@ (10004b4c <process_get_descriptor+0xc8>)
10004aba:	f7ff f82d 	bl	10003b18 <__wrap_printf>
10004abe:	2000      	movs	r0, #0
10004ac0:	bd70      	pop	{r4, r5, r6, pc}
10004ac2:	f7ff fc63 	bl	1000438c <tud_descriptor_bos_cb>
10004ac6:	1e02      	subs	r2, r0, #0
10004ac8:	d0f9      	beq.n	10004abe <process_get_descriptor+0x3a>
10004aca:	7881      	ldrb	r1, [r0, #2]
10004acc:	78c3      	ldrb	r3, [r0, #3]
10004ace:	021b      	lsls	r3, r3, #8
10004ad0:	430b      	orrs	r3, r1
10004ad2:	0021      	movs	r1, r4
10004ad4:	0028      	movs	r0, r5
10004ad6:	f000 fcd9 	bl	1000548c <tud_control_xfer>
10004ada:	e7f1      	b.n	10004ac0 <process_get_descriptor+0x3c>
10004adc:	2b02      	cmp	r3, #2
10004ade:	d00c      	beq.n	10004afa <process_get_descriptor+0x76>
10004ae0:	f7ff ffce 	bl	10004a80 <tud_descriptor_other_speed_configuration_cb>
10004ae4:	1e02      	subs	r2, r0, #0
10004ae6:	d0ea      	beq.n	10004abe <process_get_descriptor+0x3a>
10004ae8:	7891      	ldrb	r1, [r2, #2]
10004aea:	78d3      	ldrb	r3, [r2, #3]
10004aec:	021b      	lsls	r3, r3, #8
10004aee:	430b      	orrs	r3, r1
10004af0:	0021      	movs	r1, r4
10004af2:	0028      	movs	r0, r5
10004af4:	f000 fcca 	bl	1000548c <tud_control_xfer>
10004af8:	e7e2      	b.n	10004ac0 <process_get_descriptor+0x3c>
10004afa:	f7ff fb6d 	bl	100041d8 <tud_descriptor_configuration_cb>
10004afe:	1e02      	subs	r2, r0, #0
10004b00:	d1f2      	bne.n	10004ae8 <process_get_descriptor+0x64>
10004b02:	4910      	ldr	r1, [pc, #64]	@ (10004b44 <process_get_descriptor+0xc0>)
10004b04:	4810      	ldr	r0, [pc, #64]	@ (10004b48 <process_get_descriptor+0xc4>)
10004b06:	4a12      	ldr	r2, [pc, #72]	@ (10004b50 <process_get_descriptor+0xcc>)
10004b08:	f7ff f806 	bl	10003b18 <__wrap_printf>
10004b0c:	e7d7      	b.n	10004abe <process_get_descriptor+0x3a>
10004b0e:	7923      	ldrb	r3, [r4, #4]
10004b10:	7961      	ldrb	r1, [r4, #5]
10004b12:	0209      	lsls	r1, r1, #8
10004b14:	4319      	orrs	r1, r3
10004b16:	f7ff fb63 	bl	100041e0 <tud_descriptor_string_cb>
10004b1a:	1e02      	subs	r2, r0, #0
10004b1c:	d0cf      	beq.n	10004abe <process_get_descriptor+0x3a>
10004b1e:	7803      	ldrb	r3, [r0, #0]
10004b20:	0021      	movs	r1, r4
10004b22:	0028      	movs	r0, r5
10004b24:	f000 fcb2 	bl	1000548c <tud_control_xfer>
10004b28:	e7ca      	b.n	10004ac0 <process_get_descriptor+0x3c>
10004b2a:	f7ff ffa7 	bl	10004a7c <tud_descriptor_device_qualifier_cb>
10004b2e:	1e02      	subs	r2, r0, #0
10004b30:	d0c5      	beq.n	10004abe <process_get_descriptor+0x3a>
10004b32:	7803      	ldrb	r3, [r0, #0]
10004b34:	0021      	movs	r1, r4
10004b36:	0028      	movs	r0, r5
10004b38:	f000 fca8 	bl	1000548c <tud_control_xfer>
10004b3c:	e7c0      	b.n	10004ac0 <process_get_descriptor+0x3c>
10004b3e:	46c0      	nop			@ (mov r8, r8)
10004b40:	10008cb0 	.word	0x10008cb0
10004b44:	10008d98 	.word	0x10008d98
10004b48:	10008760 	.word	0x10008760
10004b4c:	0000043a 	.word	0x0000043a
10004b50:	00000461 	.word	0x00000461

10004b54 <tud_mount_cb>:
10004b54:	4770      	bx	lr

10004b56 <tud_umount_cb>:
10004b56:	4770      	bx	lr

10004b58 <tud_suspend_cb>:
10004b58:	4770      	bx	lr

10004b5a <tud_resume_cb>:
10004b5a:	4770      	bx	lr

10004b5c <tud_mounted>:
10004b5c:	4b02      	ldr	r3, [pc, #8]	@ (10004b68 <tud_mounted+0xc>)
10004b5e:	7858      	ldrb	r0, [r3, #1]
10004b60:	1e43      	subs	r3, r0, #1
10004b62:	4198      	sbcs	r0, r3
10004b64:	b2c0      	uxtb	r0, r0
10004b66:	4770      	bx	lr
10004b68:	200161d0 	.word	0x200161d0

10004b6c <tud_suspended>:
10004b6c:	4b02      	ldr	r3, [pc, #8]	@ (10004b78 <tud_suspended+0xc>)
10004b6e:	7818      	ldrb	r0, [r3, #0]
10004b70:	0740      	lsls	r0, r0, #29
10004b72:	0fc0      	lsrs	r0, r0, #31
10004b74:	4770      	bx	lr
10004b76:	46c0      	nop			@ (mov r8, r8)
10004b78:	200161d0 	.word	0x200161d0

10004b7c <tud_inited>:
10004b7c:	4b03      	ldr	r3, [pc, #12]	@ (10004b8c <tud_inited+0x10>)
10004b7e:	7818      	ldrb	r0, [r3, #0]
10004b80:	38ff      	subs	r0, #255	@ 0xff
10004b82:	1e43      	subs	r3, r0, #1
10004b84:	4198      	sbcs	r0, r3
10004b86:	b2c0      	uxtb	r0, r0
10004b88:	4770      	bx	lr
10004b8a:	46c0      	nop			@ (mov r8, r8)
10004b8c:	20000cec 	.word	0x20000cec

10004b90 <tud_rhport_init>:
10004b90:	b5f8      	push	{r3, r4, r5, r6, r7, lr}
10004b92:	0006      	movs	r6, r0
10004b94:	000c      	movs	r4, r1
10004b96:	000f      	movs	r7, r1
10004b98:	f7ff fff0 	bl	10004b7c <tud_inited>
10004b9c:	1e05      	subs	r5, r0, #0
10004b9e:	d145      	bne.n	10004c2c <tud_rhport_init+0x9c>
10004ba0:	2c00      	cmp	r4, #0
10004ba2:	d021      	beq.n	10004be8 <tud_rhport_init+0x58>
10004ba4:	482c      	ldr	r0, [pc, #176]	@ (10004c58 <tud_rhport_init+0xc8>)
10004ba6:	2254      	movs	r2, #84	@ 0x54
10004ba8:	2100      	movs	r1, #0
10004baa:	f7fd fd47 	bl	1000263c <__wrap_memset>
10004bae:	4b2b      	ldr	r3, [pc, #172]	@ (10004c5c <tud_rhport_init+0xcc>)
10004bb0:	2200      	movs	r2, #0
10004bb2:	701a      	strb	r2, [r3, #0]
10004bb4:	4c2a      	ldr	r4, [pc, #168]	@ (10004c60 <tud_rhport_init+0xd0>)
10004bb6:	0020      	movs	r0, r4
10004bb8:	f7fc f912 	bl	10000de0 <mutex_init>
10004bbc:	4b29      	ldr	r3, [pc, #164]	@ (10004c64 <tud_rhport_init+0xd4>)
10004bbe:	601c      	str	r4, [r3, #0]
10004bc0:	4c29      	ldr	r4, [pc, #164]	@ (10004c68 <tud_rhport_init+0xd8>)
10004bc2:	0020      	movs	r0, r4
10004bc4:	f7fc f958 	bl	10000e78 <critical_section_init>
10004bc8:	3c14      	subs	r4, #20
10004bca:	0020      	movs	r0, r4
10004bcc:	f001 fbdb 	bl	10006386 <tu_fifo_clear>
10004bd0:	4b26      	ldr	r3, [pc, #152]	@ (10004c6c <tud_rhport_init+0xdc>)
10004bd2:	601c      	str	r4, [r3, #0]
10004bd4:	4b26      	ldr	r3, [pc, #152]	@ (10004c70 <tud_rhport_init+0xe0>)
10004bd6:	2b00      	cmp	r3, #0
10004bd8:	d004      	beq.n	10004be4 <tud_rhport_init+0x54>
10004bda:	4826      	ldr	r0, [pc, #152]	@ (10004c74 <tud_rhport_init+0xe4>)
10004bdc:	f7ff fbf6 	bl	100043cc <usbd_app_driver_get_cb>
10004be0:	4b25      	ldr	r3, [pc, #148]	@ (10004c78 <tud_rhport_init+0xe8>)
10004be2:	6018      	str	r0, [r3, #0]
10004be4:	2400      	movs	r4, #0
10004be6:	e010      	b.n	10004c0a <tud_rhport_init+0x7a>
10004be8:	22e9      	movs	r2, #233	@ 0xe9
10004bea:	4924      	ldr	r1, [pc, #144]	@ (10004c7c <tud_rhport_init+0xec>)
10004bec:	4824      	ldr	r0, [pc, #144]	@ (10004c80 <tud_rhport_init+0xf0>)
10004bee:	0052      	lsls	r2, r2, #1
10004bf0:	f7fe ff92 	bl	10003b18 <__wrap_printf>
10004bf4:	e01a      	b.n	10004c2c <tud_rhport_init+0x9c>
10004bf6:	1ae3      	subs	r3, r4, r3
10004bf8:	015b      	lsls	r3, r3, #5
10004bfa:	4a22      	ldr	r2, [pc, #136]	@ (10004c84 <tud_rhport_init+0xf4>)
10004bfc:	189b      	adds	r3, r3, r2
10004bfe:	685b      	ldr	r3, [r3, #4]
10004c00:	2b00      	cmp	r3, #0
10004c02:	d00d      	beq.n	10004c20 <tud_rhport_init+0x90>
10004c04:	4798      	blx	r3
10004c06:	3401      	adds	r4, #1
10004c08:	b2e4      	uxtb	r4, r4
10004c0a:	4b1a      	ldr	r3, [pc, #104]	@ (10004c74 <tud_rhport_init+0xe4>)
10004c0c:	781b      	ldrb	r3, [r3, #0]
10004c0e:	42a3      	cmp	r3, r4
10004c10:	d30e      	bcc.n	10004c30 <tud_rhport_init+0xa0>
10004c12:	d9f0      	bls.n	10004bf6 <tud_rhport_init+0x66>
10004c14:	4b18      	ldr	r3, [pc, #96]	@ (10004c78 <tud_rhport_init+0xe8>)
10004c16:	681b      	ldr	r3, [r3, #0]
10004c18:	0162      	lsls	r2, r4, #5
10004c1a:	189b      	adds	r3, r3, r2
10004c1c:	2b00      	cmp	r3, #0
10004c1e:	d1ee      	bne.n	10004bfe <tud_rhport_init+0x6e>
10004c20:	22f8      	movs	r2, #248	@ 0xf8
10004c22:	4916      	ldr	r1, [pc, #88]	@ (10004c7c <tud_rhport_init+0xec>)
10004c24:	4816      	ldr	r0, [pc, #88]	@ (10004c80 <tud_rhport_init+0xf0>)
10004c26:	0052      	lsls	r2, r2, #1
10004c28:	f7fe ff76 	bl	10003b18 <__wrap_printf>
10004c2c:	0028      	movs	r0, r5
10004c2e:	bdf8      	pop	{r3, r4, r5, r6, r7, pc}
10004c30:	4b15      	ldr	r3, [pc, #84]	@ (10004c88 <tud_rhport_init+0xf8>)
10004c32:	701e      	strb	r6, [r3, #0]
10004c34:	0039      	movs	r1, r7
10004c36:	0030      	movs	r0, r6
10004c38:	f7ff fce0 	bl	100045fc <dcd_init>
10004c3c:	1e05      	subs	r5, r0, #0
10004c3e:	d003      	beq.n	10004c48 <tud_rhport_init+0xb8>
10004c40:	0030      	movs	r0, r6
10004c42:	f7ff fca7 	bl	10004594 <dcd_int_enable>
10004c46:	e7f1      	b.n	10004c2c <tud_rhport_init+0x9c>
10004c48:	22fc      	movs	r2, #252	@ 0xfc
10004c4a:	490c      	ldr	r1, [pc, #48]	@ (10004c7c <tud_rhport_init+0xec>)
10004c4c:	480c      	ldr	r0, [pc, #48]	@ (10004c80 <tud_rhport_init+0xf0>)
10004c4e:	0052      	lsls	r2, r2, #1
10004c50:	f7fe ff62 	bl	10003b18 <__wrap_printf>
10004c54:	e7ea      	b.n	10004c2c <tud_rhport_init+0x9c>
10004c56:	46c0      	nop			@ (mov r8, r8)
10004c58:	200161d0 	.word	0x200161d0
10004c5c:	200169b7 	.word	0x200169b7
10004c60:	200161c8 	.word	0x200161c8
10004c64:	20016224 	.word	0x20016224
10004c68:	20000ce4 	.word	0x20000ce4
10004c6c:	20016228 	.word	0x20016228
10004c70:	100043cd 	.word	0x100043cd
10004c74:	200169b5 	.word	0x200169b5
10004c78:	20016020 	.word	0x20016020
10004c7c:	10008e00 	.word	0x10008e00
10004c80:	10008760 	.word	0x10008760
10004c84:	10008e10 	.word	0x10008e10
10004c88:	20000cec 	.word	0x20000cec

10004c8c <usbd_edpt_open>:
10004c8c:	b570      	push	{r4, r5, r6, lr}
10004c8e:	000c      	movs	r4, r1
10004c90:	4b11      	ldr	r3, [pc, #68]	@ (10004cd8 <usbd_edpt_open+0x4c>)
10004c92:	781b      	ldrb	r3, [r3, #0]
10004c94:	001e      	movs	r6, r3
10004c96:	788b      	ldrb	r3, [r1, #2]
10004c98:	2270      	movs	r2, #112	@ 0x70
10004c9a:	421a      	tst	r2, r3
10004c9c:	d10d      	bne.n	10004cba <usbd_edpt_open+0x2e>
10004c9e:	4b0f      	ldr	r3, [pc, #60]	@ (10004cdc <usbd_edpt_open+0x50>)
10004ca0:	7899      	ldrb	r1, [r3, #2]
10004ca2:	0020      	movs	r0, r4
10004ca4:	f001 f8ba 	bl	10005e1c <tu_edpt_validate>
10004ca8:	1e05      	subs	r5, r0, #0
10004caa:	d00e      	beq.n	10004cca <usbd_edpt_open+0x3e>
10004cac:	0021      	movs	r1, r4
10004cae:	0030      	movs	r0, r6
10004cb0:	f7ff fd08 	bl	100046c4 <dcd_edpt_open>
10004cb4:	0005      	movs	r5, r0
10004cb6:	0028      	movs	r0, r5
10004cb8:	bd70      	pop	{r4, r5, r6, pc}
10004cba:	4909      	ldr	r1, [pc, #36]	@ (10004ce0 <usbd_edpt_open+0x54>)
10004cbc:	4809      	ldr	r0, [pc, #36]	@ (10004ce4 <usbd_edpt_open+0x58>)
10004cbe:	4a0a      	ldr	r2, [pc, #40]	@ (10004ce8 <usbd_edpt_open+0x5c>)
10004cc0:	f7fe ff2a 	bl	10003b18 <__wrap_printf>
10004cc4:	2300      	movs	r3, #0
10004cc6:	001d      	movs	r5, r3
10004cc8:	e7f5      	b.n	10004cb6 <usbd_edpt_open+0x2a>
10004cca:	4905      	ldr	r1, [pc, #20]	@ (10004ce0 <usbd_edpt_open+0x54>)
10004ccc:	4805      	ldr	r0, [pc, #20]	@ (10004ce4 <usbd_edpt_open+0x58>)
10004cce:	4a07      	ldr	r2, [pc, #28]	@ (10004cec <usbd_edpt_open+0x60>)
10004cd0:	f7fe ff22 	bl	10003b18 <__wrap_printf>
10004cd4:	e7ef      	b.n	10004cb6 <usbd_edpt_open+0x2a>
10004cd6:	46c0      	nop			@ (mov r8, r8)
10004cd8:	20000cec 	.word	0x20000cec
10004cdc:	200161d0 	.word	0x200161d0
10004ce0:	10008d68 	.word	0x10008d68
10004ce4:	10008760 	.word	0x10008760
10004ce8:	0000050b 	.word	0x0000050b
10004cec:	0000050c 	.word	0x0000050c

10004cf0 <usbd_open_edpt_pair>:
10004cf0:	b5f8      	push	{r3, r4, r5, r6, r7, lr}
10004cf2:	46ce      	mov	lr, r9
10004cf4:	4647      	mov	r7, r8
10004cf6:	b580      	push	{r7, lr}
10004cf8:	4680      	mov	r8, r0
10004cfa:	000c      	movs	r4, r1
10004cfc:	0016      	movs	r6, r2
10004cfe:	4699      	mov	r9, r3
10004d00:	2500      	movs	r5, #0
10004d02:	e016      	b.n	10004d32 <usbd_open_edpt_pair+0x42>
10004d04:	4917      	ldr	r1, [pc, #92]	@ (10004d64 <usbd_open_edpt_pair+0x74>)
10004d06:	4818      	ldr	r0, [pc, #96]	@ (10004d68 <usbd_open_edpt_pair+0x78>)
10004d08:	4a18      	ldr	r2, [pc, #96]	@ (10004d6c <usbd_open_edpt_pair+0x7c>)
10004d0a:	f7fe ff05 	bl	10003b18 <__wrap_printf>
10004d0e:	2700      	movs	r7, #0
10004d10:	0038      	movs	r0, r7
10004d12:	bcc0      	pop	{r6, r7}
10004d14:	46b9      	mov	r9, r7
10004d16:	46b0      	mov	r8, r6
10004d18:	bdf8      	pop	{r3, r4, r5, r6, r7, pc}
10004d1a:	229d      	movs	r2, #157	@ 0x9d
10004d1c:	4911      	ldr	r1, [pc, #68]	@ (10004d64 <usbd_open_edpt_pair+0x74>)
10004d1e:	4812      	ldr	r0, [pc, #72]	@ (10004d68 <usbd_open_edpt_pair+0x78>)
10004d20:	00d2      	lsls	r2, r2, #3
10004d22:	f7fe fef9 	bl	10003b18 <__wrap_printf>
10004d26:	e7f3      	b.n	10004d10 <usbd_open_edpt_pair+0x20>
10004d28:	9a09      	ldr	r2, [sp, #36]	@ 0x24
10004d2a:	7013      	strb	r3, [r2, #0]
10004d2c:	7823      	ldrb	r3, [r4, #0]
10004d2e:	18e4      	adds	r4, r4, r3
10004d30:	3501      	adds	r5, #1
10004d32:	42ae      	cmp	r6, r5
10004d34:	dd14      	ble.n	10004d60 <usbd_open_edpt_pair+0x70>
10004d36:	7863      	ldrb	r3, [r4, #1]
10004d38:	2b05      	cmp	r3, #5
10004d3a:	d1e3      	bne.n	10004d04 <usbd_open_edpt_pair+0x14>
10004d3c:	78e1      	ldrb	r1, [r4, #3]
10004d3e:	0789      	lsls	r1, r1, #30
10004d40:	0f89      	lsrs	r1, r1, #30
10004d42:	4549      	cmp	r1, r9
10004d44:	d1de      	bne.n	10004d04 <usbd_open_edpt_pair+0x14>
10004d46:	0021      	movs	r1, r4
10004d48:	4640      	mov	r0, r8
10004d4a:	f7ff ff9f 	bl	10004c8c <usbd_edpt_open>
10004d4e:	1e07      	subs	r7, r0, #0
10004d50:	d0e3      	beq.n	10004d1a <usbd_open_edpt_pair+0x2a>
10004d52:	78a3      	ldrb	r3, [r4, #2]
10004d54:	09da      	lsrs	r2, r3, #7
10004d56:	2a01      	cmp	r2, #1
10004d58:	d0e6      	beq.n	10004d28 <usbd_open_edpt_pair+0x38>
10004d5a:	9a08      	ldr	r2, [sp, #32]
10004d5c:	7013      	strb	r3, [r2, #0]
10004d5e:	e7e5      	b.n	10004d2c <usbd_open_edpt_pair+0x3c>
10004d60:	2701      	movs	r7, #1
10004d62:	e7d5      	b.n	10004d10 <usbd_open_edpt_pair+0x20>
10004d64:	10008d78 	.word	0x10008d78
10004d68:	10008760 	.word	0x10008760
10004d6c:	000004e7 	.word	0x000004e7

10004d70 <usbd_edpt_claim>:
10004d70:	b510      	push	{r4, lr}
10004d72:	207f      	movs	r0, #127	@ 0x7f
10004d74:	4008      	ands	r0, r1
10004d76:	09c9      	lsrs	r1, r1, #7
10004d78:	0040      	lsls	r0, r0, #1
10004d7a:	1840      	adds	r0, r0, r1
10004d7c:	3030      	adds	r0, #48	@ 0x30
10004d7e:	4b04      	ldr	r3, [pc, #16]	@ (10004d90 <usbd_edpt_claim+0x20>)
10004d80:	18c0      	adds	r0, r0, r3
10004d82:	3004      	adds	r0, #4
10004d84:	4b03      	ldr	r3, [pc, #12]	@ (10004d94 <usbd_edpt_claim+0x24>)
10004d86:	6819      	ldr	r1, [r3, #0]
10004d88:	f000 fffc 	bl	10005d84 <tu_edpt_claim>
10004d8c:	bd10      	pop	{r4, pc}
10004d8e:	46c0      	nop			@ (mov r8, r8)
10004d90:	200161d0 	.word	0x200161d0
10004d94:	20016224 	.word	0x20016224

10004d98 <usbd_edpt_release>:
10004d98:	b510      	push	{r4, lr}
10004d9a:	207f      	movs	r0, #127	@ 0x7f
10004d9c:	4008      	ands	r0, r1
10004d9e:	09c9      	lsrs	r1, r1, #7
10004da0:	0040      	lsls	r0, r0, #1
10004da2:	1840      	adds	r0, r0, r1
10004da4:	3030      	adds	r0, #48	@ 0x30
10004da6:	4b04      	ldr	r3, [pc, #16]	@ (10004db8 <usbd_edpt_release+0x20>)
10004da8:	18c0      	adds	r0, r0, r3
10004daa:	3004      	adds	r0, #4
10004dac:	4b03      	ldr	r3, [pc, #12]	@ (10004dbc <usbd_edpt_release+0x24>)
10004dae:	6819      	ldr	r1, [r3, #0]
10004db0:	f001 f813 	bl	10005dda <tu_edpt_release>
10004db4:	bd10      	pop	{r4, pc}
10004db6:	46c0      	nop			@ (mov r8, r8)
10004db8:	200161d0 	.word	0x200161d0
10004dbc:	20016224 	.word	0x20016224

10004dc0 <usbd_edpt_xfer>:
10004dc0:	b5f0      	push	{r4, r5, r6, r7, lr}
10004dc2:	b083      	sub	sp, #12
10004dc4:	9301      	str	r3, [sp, #4]
10004dc6:	4b19      	ldr	r3, [pc, #100]	@ (10004e2c <usbd_edpt_xfer+0x6c>)
10004dc8:	7818      	ldrb	r0, [r3, #0]
10004dca:	247f      	movs	r4, #127	@ 0x7f
10004dcc:	400c      	ands	r4, r1
10004dce:	09cd      	lsrs	r5, r1, #7
10004dd0:	4b17      	ldr	r3, [pc, #92]	@ (10004e30 <usbd_edpt_xfer+0x70>)
10004dd2:	0066      	lsls	r6, r4, #1
10004dd4:	46b4      	mov	ip, r6
10004dd6:	4463      	add	r3, ip
10004dd8:	195b      	adds	r3, r3, r5
10004dda:	3330      	adds	r3, #48	@ 0x30
10004ddc:	791b      	ldrb	r3, [r3, #4]
10004dde:	07db      	lsls	r3, r3, #31
10004de0:	d41c      	bmi.n	10004e1c <usbd_edpt_xfer+0x5c>
10004de2:	4b13      	ldr	r3, [pc, #76]	@ (10004e30 <usbd_edpt_xfer+0x70>)
10004de4:	0066      	lsls	r6, r4, #1
10004de6:	46b4      	mov	ip, r6
10004de8:	4463      	add	r3, ip
10004dea:	195b      	adds	r3, r3, r5
10004dec:	3330      	adds	r3, #48	@ 0x30
10004dee:	791e      	ldrb	r6, [r3, #4]
10004df0:	2701      	movs	r7, #1
10004df2:	433e      	orrs	r6, r7
10004df4:	711e      	strb	r6, [r3, #4]
10004df6:	9b01      	ldr	r3, [sp, #4]
10004df8:	f7ff fc7c 	bl	100046f4 <dcd_edpt_xfer>
10004dfc:	2800      	cmp	r0, #0
10004dfe:	d113      	bne.n	10004e28 <usbd_edpt_xfer+0x68>
10004e00:	4b0b      	ldr	r3, [pc, #44]	@ (10004e30 <usbd_edpt_xfer+0x70>)
10004e02:	0064      	lsls	r4, r4, #1
10004e04:	191b      	adds	r3, r3, r4
10004e06:	195b      	adds	r3, r3, r5
10004e08:	3330      	adds	r3, #48	@ 0x30
10004e0a:	791a      	ldrb	r2, [r3, #4]
10004e0c:	2101      	movs	r1, #1
10004e0e:	438a      	bics	r2, r1
10004e10:	711a      	strb	r2, [r3, #4]
10004e12:	791a      	ldrb	r2, [r3, #4]
10004e14:	3103      	adds	r1, #3
10004e16:	438a      	bics	r2, r1
10004e18:	711a      	strb	r2, [r3, #4]
10004e1a:	e005      	b.n	10004e28 <usbd_edpt_xfer+0x68>
10004e1c:	4905      	ldr	r1, [pc, #20]	@ (10004e34 <usbd_edpt_xfer+0x74>)
10004e1e:	4806      	ldr	r0, [pc, #24]	@ (10004e38 <usbd_edpt_xfer+0x78>)
10004e20:	4a06      	ldr	r2, [pc, #24]	@ (10004e3c <usbd_edpt_xfer+0x7c>)
10004e22:	f7fe fe79 	bl	10003b18 <__wrap_printf>
10004e26:	2000      	movs	r0, #0
10004e28:	b003      	add	sp, #12
10004e2a:	bdf0      	pop	{r4, r5, r6, r7, pc}
10004e2c:	20000cec 	.word	0x20000cec
10004e30:	200161d0 	.word	0x200161d0
10004e34:	10008d58 	.word	0x10008d58
10004e38:	10008760 	.word	0x10008760
10004e3c:	00000539 	.word	0x00000539

10004e40 <usbd_edpt_stall>:
10004e40:	b570      	push	{r4, r5, r6, lr}
10004e42:	4b0a      	ldr	r3, [pc, #40]	@ (10004e6c <usbd_edpt_stall+0x2c>)
10004e44:	7818      	ldrb	r0, [r3, #0]
10004e46:	247f      	movs	r4, #127	@ 0x7f
10004e48:	400c      	ands	r4, r1
10004e4a:	09cd      	lsrs	r5, r1, #7
10004e4c:	f7ff fc6c 	bl	10004728 <dcd_edpt_stall>
10004e50:	4a07      	ldr	r2, [pc, #28]	@ (10004e70 <usbd_edpt_stall+0x30>)
10004e52:	0064      	lsls	r4, r4, #1
10004e54:	1913      	adds	r3, r2, r4
10004e56:	195b      	adds	r3, r3, r5
10004e58:	3330      	adds	r3, #48	@ 0x30
10004e5a:	791a      	ldrb	r2, [r3, #4]
10004e5c:	2102      	movs	r1, #2
10004e5e:	430a      	orrs	r2, r1
10004e60:	711a      	strb	r2, [r3, #4]
10004e62:	791a      	ldrb	r2, [r3, #4]
10004e64:	2101      	movs	r1, #1
10004e66:	430a      	orrs	r2, r1
10004e68:	711a      	strb	r2, [r3, #4]
10004e6a:	bd70      	pop	{r4, r5, r6, pc}
10004e6c:	20000cec 	.word	0x20000cec
10004e70:	200161d0 	.word	0x200161d0

10004e74 <usbd_edpt_clear_stall>:
10004e74:	b570      	push	{r4, r5, r6, lr}
10004e76:	4b0a      	ldr	r3, [pc, #40]	@ (10004ea0 <usbd_edpt_clear_stall+0x2c>)
10004e78:	7818      	ldrb	r0, [r3, #0]
10004e7a:	247f      	movs	r4, #127	@ 0x7f
10004e7c:	400c      	ands	r4, r1
10004e7e:	09cd      	lsrs	r5, r1, #7
10004e80:	f7ff fc70 	bl	10004764 <dcd_edpt_clear_stall>
10004e84:	4a07      	ldr	r2, [pc, #28]	@ (10004ea4 <usbd_edpt_clear_stall+0x30>)
10004e86:	0064      	lsls	r4, r4, #1
10004e88:	1913      	adds	r3, r2, r4
10004e8a:	195b      	adds	r3, r3, r5
10004e8c:	3330      	adds	r3, #48	@ 0x30
10004e8e:	791a      	ldrb	r2, [r3, #4]
10004e90:	2102      	movs	r1, #2
10004e92:	438a      	bics	r2, r1
10004e94:	711a      	strb	r2, [r3, #4]
10004e96:	791a      	ldrb	r2, [r3, #4]
10004e98:	3901      	subs	r1, #1
10004e9a:	438a      	bics	r2, r1
10004e9c:	711a      	strb	r2, [r3, #4]
10004e9e:	bd70      	pop	{r4, r5, r6, pc}
10004ea0:	20000cec 	.word	0x20000cec
10004ea4:	200161d0 	.word	0x200161d0

10004ea8 <usbd_edpt_stalled>:
10004ea8:	227f      	movs	r2, #127	@ 0x7f
10004eaa:	400a      	ands	r2, r1
10004eac:	09c9      	lsrs	r1, r1, #7
10004eae:	4b04      	ldr	r3, [pc, #16]	@ (10004ec0 <usbd_edpt_stalled+0x18>)
10004eb0:	0052      	lsls	r2, r2, #1
10004eb2:	189b      	adds	r3, r3, r2
10004eb4:	185b      	adds	r3, r3, r1
10004eb6:	3330      	adds	r3, #48	@ 0x30
10004eb8:	7918      	ldrb	r0, [r3, #4]
10004eba:	0780      	lsls	r0, r0, #30
10004ebc:	0fc0      	lsrs	r0, r0, #31
10004ebe:	4770      	bx	lr
10004ec0:	200161d0 	.word	0x200161d0

10004ec4 <process_control_request>:
10004ec4:	b5f0      	push	{r4, r5, r6, r7, lr}
10004ec6:	46c6      	mov	lr, r8
10004ec8:	b500      	push	{lr}
10004eca:	b084      	sub	sp, #16
10004ecc:	9001      	str	r0, [sp, #4]
10004ece:	000c      	movs	r4, r1
10004ed0:	2000      	movs	r0, #0
10004ed2:	f000 fb31 	bl	10005538 <usbd_control_set_complete_callback>
10004ed6:	7823      	ldrb	r3, [r4, #0]
10004ed8:	2260      	movs	r2, #96	@ 0x60
10004eda:	401a      	ands	r2, r3
10004edc:	2a60      	cmp	r2, #96	@ 0x60
10004ede:	d017      	beq.n	10004f10 <process_control_request+0x4c>
10004ee0:	2a40      	cmp	r2, #64	@ 0x40
10004ee2:	d022      	beq.n	10004f2a <process_control_request+0x66>
10004ee4:	7823      	ldrb	r3, [r4, #0]
10004ee6:	06db      	lsls	r3, r3, #27
10004ee8:	0edb      	lsrs	r3, r3, #27
10004eea:	2b01      	cmp	r3, #1
10004eec:	d100      	bne.n	10004ef0 <process_control_request+0x2c>
10004eee:	e0d1      	b.n	10005094 <process_control_request+0x1d0>
10004ef0:	2b02      	cmp	r3, #2
10004ef2:	d100      	bne.n	10004ef6 <process_control_request+0x32>
10004ef4:	e113      	b.n	1000511e <process_control_request+0x25a>
10004ef6:	2b00      	cmp	r3, #0
10004ef8:	d110      	bne.n	10004f1c <process_control_request+0x58>
10004efa:	2a20      	cmp	r2, #32
10004efc:	d01f      	beq.n	10004f3e <process_control_request+0x7a>
10004efe:	2a00      	cmp	r2, #0
10004f00:	d10c      	bne.n	10004f1c <process_control_request+0x58>
10004f02:	7863      	ldrb	r3, [r4, #1]
10004f04:	2b09      	cmp	r3, #9
10004f06:	d809      	bhi.n	10004f1c <process_control_request+0x58>
10004f08:	009b      	lsls	r3, r3, #2
10004f0a:	4abc      	ldr	r2, [pc, #752]	@ (100051fc <process_control_request+0x338>)
10004f0c:	58d3      	ldr	r3, [r2, r3]
10004f0e:	469f      	mov	pc, r3
10004f10:	3255      	adds	r2, #85	@ 0x55
10004f12:	49bb      	ldr	r1, [pc, #748]	@ (10005200 <process_control_request+0x33c>)
10004f14:	48bb      	ldr	r0, [pc, #748]	@ (10005204 <process_control_request+0x340>)
10004f16:	0092      	lsls	r2, r2, #2
10004f18:	f7fe fdfe 	bl	10003b18 <__wrap_printf>
10004f1c:	2300      	movs	r3, #0
10004f1e:	001d      	movs	r5, r3
10004f20:	0028      	movs	r0, r5
10004f22:	b004      	add	sp, #16
10004f24:	bc80      	pop	{r7}
10004f26:	46b8      	mov	r8, r7
10004f28:	bdf0      	pop	{r4, r5, r6, r7, pc}
10004f2a:	48b7      	ldr	r0, [pc, #732]	@ (10005208 <process_control_request+0x344>)
10004f2c:	f000 fb04 	bl	10005538 <usbd_control_set_complete_callback>
10004f30:	0022      	movs	r2, r4
10004f32:	2101      	movs	r1, #1
10004f34:	9801      	ldr	r0, [sp, #4]
10004f36:	f7ff fa2d 	bl	10004394 <tud_vendor_control_xfer_cb>
10004f3a:	0005      	movs	r5, r0
10004f3c:	e7f0      	b.n	10004f20 <process_control_request+0x5c>
10004f3e:	7922      	ldrb	r2, [r4, #4]
10004f40:	7963      	ldrb	r3, [r4, #5]
10004f42:	021b      	lsls	r3, r3, #8
10004f44:	4313      	orrs	r3, r2
10004f46:	2a0f      	cmp	r2, #15
10004f48:	d8e8      	bhi.n	10004f1c <process_control_request+0x58>
10004f4a:	4ab0      	ldr	r2, [pc, #704]	@ (1000520c <process_control_request+0x348>)
10004f4c:	21ff      	movs	r1, #255	@ 0xff
10004f4e:	400b      	ands	r3, r1
10004f50:	18d2      	adds	r2, r2, r3
10004f52:	7913      	ldrb	r3, [r2, #4]
10004f54:	4aae      	ldr	r2, [pc, #696]	@ (10005210 <process_control_request+0x34c>)
10004f56:	7812      	ldrb	r2, [r2, #0]
10004f58:	4293      	cmp	r3, r2
10004f5a:	d206      	bcs.n	10004f6a <process_control_request+0xa6>
10004f5c:	4aad      	ldr	r2, [pc, #692]	@ (10005214 <process_control_request+0x350>)
10004f5e:	6811      	ldr	r1, [r2, #0]
10004f60:	015b      	lsls	r3, r3, #5
10004f62:	18c9      	adds	r1, r1, r3
10004f64:	2900      	cmp	r1, #0
10004f66:	d106      	bne.n	10004f76 <process_control_request+0xb2>
10004f68:	e7d8      	b.n	10004f1c <process_control_request+0x58>
10004f6a:	4293      	cmp	r3, r2
10004f6c:	d8d6      	bhi.n	10004f1c <process_control_request+0x58>
10004f6e:	1a9b      	subs	r3, r3, r2
10004f70:	015b      	lsls	r3, r3, #5
10004f72:	49a9      	ldr	r1, [pc, #676]	@ (10005218 <process_control_request+0x354>)
10004f74:	1859      	adds	r1, r3, r1
10004f76:	0022      	movs	r2, r4
10004f78:	9801      	ldr	r0, [sp, #4]
10004f7a:	f7ff fcab 	bl	100048d4 <invoke_class_control>
10004f7e:	0005      	movs	r5, r0
10004f80:	e7ce      	b.n	10004f20 <process_control_request+0x5c>
10004f82:	0020      	movs	r0, r4
10004f84:	f000 fade 	bl	10005544 <usbd_control_set_request>
10004f88:	78a1      	ldrb	r1, [r4, #2]
10004f8a:	9801      	ldr	r0, [sp, #4]
10004f8c:	f7ff fb18 	bl	100045c0 <dcd_set_address>
10004f90:	4a9e      	ldr	r2, [pc, #632]	@ (1000520c <process_control_request+0x348>)
10004f92:	7813      	ldrb	r3, [r2, #0]
10004f94:	2102      	movs	r1, #2
10004f96:	430b      	orrs	r3, r1
10004f98:	7013      	strb	r3, [r2, #0]
10004f9a:	e106      	b.n	100051aa <process_control_request+0x2e6>
10004f9c:	4b9b      	ldr	r3, [pc, #620]	@ (1000520c <process_control_request+0x348>)
10004f9e:	785b      	ldrb	r3, [r3, #1]
10004fa0:	aa02      	add	r2, sp, #8
10004fa2:	3206      	adds	r2, #6
10004fa4:	7013      	strb	r3, [r2, #0]
10004fa6:	2301      	movs	r3, #1
10004fa8:	0021      	movs	r1, r4
10004faa:	9801      	ldr	r0, [sp, #4]
10004fac:	f000 fa6e 	bl	1000548c <tud_control_xfer>
10004fb0:	e0fb      	b.n	100051aa <process_control_request+0x2e6>
10004fb2:	78a2      	ldrb	r2, [r4, #2]
10004fb4:	4690      	mov	r8, r2
10004fb6:	4b95      	ldr	r3, [pc, #596]	@ (1000520c <process_control_request+0x348>)
10004fb8:	785b      	ldrb	r3, [r3, #1]
10004fba:	4293      	cmp	r3, r2
10004fbc:	d02b      	beq.n	10005016 <process_control_request+0x152>
10004fbe:	4b93      	ldr	r3, [pc, #588]	@ (1000520c <process_control_request+0x348>)
10004fc0:	785b      	ldrb	r3, [r3, #1]
10004fc2:	2b00      	cmp	r3, #0
10004fc4:	d10c      	bne.n	10004fe0 <process_control_request+0x11c>
10004fc6:	4b91      	ldr	r3, [pc, #580]	@ (1000520c <process_control_request+0x348>)
10004fc8:	4641      	mov	r1, r8
10004fca:	7059      	strb	r1, [r3, #1]
10004fcc:	2900      	cmp	r1, #0
10004fce:	d020      	beq.n	10005012 <process_control_request+0x14e>
10004fd0:	9801      	ldr	r0, [sp, #4]
10004fd2:	f7ff fc8d 	bl	100048f0 <process_set_config>
10004fd6:	1e05      	subs	r5, r0, #0
10004fd8:	d011      	beq.n	10004ffe <process_control_request+0x13a>
10004fda:	f7ff fdbb 	bl	10004b54 <tud_mount_cb>
10004fde:	e01a      	b.n	10005016 <process_control_request+0x152>
10004fe0:	2100      	movs	r1, #0
10004fe2:	9d01      	ldr	r5, [sp, #4]
10004fe4:	0028      	movs	r0, r5
10004fe6:	f7ff fb49 	bl	1000467c <dcd_sof_enable>
10004fea:	0028      	movs	r0, r5
10004fec:	f7ff fb7d 	bl	100046ea <dcd_edpt_close_all>
10004ff0:	4e86      	ldr	r6, [pc, #536]	@ (1000520c <process_control_request+0x348>)
10004ff2:	78b7      	ldrb	r7, [r6, #2]
10004ff4:	0028      	movs	r0, r5
10004ff6:	f7ff fc29 	bl	1000484c <configuration_reset>
10004ffa:	70b7      	strb	r7, [r6, #2]
10004ffc:	e7e3      	b.n	10004fc6 <process_control_request+0x102>
10004ffe:	22c9      	movs	r2, #201	@ 0xc9
10005000:	497f      	ldr	r1, [pc, #508]	@ (10005200 <process_control_request+0x33c>)
10005002:	4880      	ldr	r0, [pc, #512]	@ (10005204 <process_control_request+0x340>)
10005004:	0092      	lsls	r2, r2, #2
10005006:	f7fe fd87 	bl	10003b18 <__wrap_printf>
1000500a:	4b80      	ldr	r3, [pc, #512]	@ (1000520c <process_control_request+0x348>)
1000500c:	2200      	movs	r2, #0
1000500e:	705a      	strb	r2, [r3, #1]
10005010:	e786      	b.n	10004f20 <process_control_request+0x5c>
10005012:	f7ff fda0 	bl	10004b56 <tud_umount_cb>
10005016:	0021      	movs	r1, r4
10005018:	9801      	ldr	r0, [sp, #4]
1000501a:	f000 fa23 	bl	10005464 <tud_control_status>
1000501e:	e0c4      	b.n	100051aa <process_control_request+0x2e6>
10005020:	0021      	movs	r1, r4
10005022:	9801      	ldr	r0, [sp, #4]
10005024:	f7ff fd2e 	bl	10004a84 <process_get_descriptor>
10005028:	0005      	movs	r5, r0
1000502a:	e779      	b.n	10004f20 <process_control_request+0x5c>
1000502c:	78a2      	ldrb	r2, [r4, #2]
1000502e:	78e3      	ldrb	r3, [r4, #3]
10005030:	021b      	lsls	r3, r3, #8
10005032:	4313      	orrs	r3, r2
10005034:	2b01      	cmp	r3, #1
10005036:	d000      	beq.n	1000503a <process_control_request+0x176>
10005038:	e770      	b.n	10004f1c <process_control_request+0x58>
1000503a:	4a74      	ldr	r2, [pc, #464]	@ (1000520c <process_control_request+0x348>)
1000503c:	7813      	ldrb	r3, [r2, #0]
1000503e:	2108      	movs	r1, #8
10005040:	430b      	orrs	r3, r1
10005042:	7013      	strb	r3, [r2, #0]
10005044:	0021      	movs	r1, r4
10005046:	9801      	ldr	r0, [sp, #4]
10005048:	f000 fa0c 	bl	10005464 <tud_control_status>
1000504c:	e0ad      	b.n	100051aa <process_control_request+0x2e6>
1000504e:	78a2      	ldrb	r2, [r4, #2]
10005050:	78e3      	ldrb	r3, [r4, #3]
10005052:	021b      	lsls	r3, r3, #8
10005054:	4313      	orrs	r3, r2
10005056:	2b01      	cmp	r3, #1
10005058:	d000      	beq.n	1000505c <process_control_request+0x198>
1000505a:	e75f      	b.n	10004f1c <process_control_request+0x58>
1000505c:	4a6b      	ldr	r2, [pc, #428]	@ (1000520c <process_control_request+0x348>)
1000505e:	7813      	ldrb	r3, [r2, #0]
10005060:	2108      	movs	r1, #8
10005062:	438b      	bics	r3, r1
10005064:	7013      	strb	r3, [r2, #0]
10005066:	0021      	movs	r1, r4
10005068:	9801      	ldr	r0, [sp, #4]
1000506a:	f000 f9fb 	bl	10005464 <tud_control_status>
1000506e:	e09c      	b.n	100051aa <process_control_request+0x2e6>
10005070:	4b66      	ldr	r3, [pc, #408]	@ (1000520c <process_control_request+0x348>)
10005072:	781a      	ldrb	r2, [r3, #0]
10005074:	0951      	lsrs	r1, r2, #5
10005076:	0892      	lsrs	r2, r2, #2
10005078:	2302      	movs	r3, #2
1000507a:	4013      	ands	r3, r2
1000507c:	2201      	movs	r2, #1
1000507e:	400a      	ands	r2, r1
10005080:	4313      	orrs	r3, r2
10005082:	aa02      	add	r2, sp, #8
10005084:	3206      	adds	r2, #6
10005086:	8013      	strh	r3, [r2, #0]
10005088:	2302      	movs	r3, #2
1000508a:	0021      	movs	r1, r4
1000508c:	9801      	ldr	r0, [sp, #4]
1000508e:	f000 f9fd 	bl	1000548c <tud_control_xfer>
10005092:	e08a      	b.n	100051aa <process_control_request+0x2e6>
10005094:	7922      	ldrb	r2, [r4, #4]
10005096:	7963      	ldrb	r3, [r4, #5]
10005098:	021b      	lsls	r3, r3, #8
1000509a:	4313      	orrs	r3, r2
1000509c:	2a0f      	cmp	r2, #15
1000509e:	d900      	bls.n	100050a2 <process_control_request+0x1de>
100050a0:	e73c      	b.n	10004f1c <process_control_request+0x58>
100050a2:	4a5a      	ldr	r2, [pc, #360]	@ (1000520c <process_control_request+0x348>)
100050a4:	21ff      	movs	r1, #255	@ 0xff
100050a6:	400b      	ands	r3, r1
100050a8:	18d2      	adds	r2, r2, r3
100050aa:	7913      	ldrb	r3, [r2, #4]
100050ac:	4a58      	ldr	r2, [pc, #352]	@ (10005210 <process_control_request+0x34c>)
100050ae:	7812      	ldrb	r2, [r2, #0]
100050b0:	4293      	cmp	r3, r2
100050b2:	d222      	bcs.n	100050fa <process_control_request+0x236>
100050b4:	4a57      	ldr	r2, [pc, #348]	@ (10005214 <process_control_request+0x350>)
100050b6:	6811      	ldr	r1, [r2, #0]
100050b8:	015b      	lsls	r3, r3, #5
100050ba:	18c9      	adds	r1, r1, r3
100050bc:	2900      	cmp	r1, #0
100050be:	d100      	bne.n	100050c2 <process_control_request+0x1fe>
100050c0:	e72c      	b.n	10004f1c <process_control_request+0x58>
100050c2:	0022      	movs	r2, r4
100050c4:	9801      	ldr	r0, [sp, #4]
100050c6:	f7ff fc05 	bl	100048d4 <invoke_class_control>
100050ca:	1e05      	subs	r5, r0, #0
100050cc:	d000      	beq.n	100050d0 <process_control_request+0x20c>
100050ce:	e727      	b.n	10004f20 <process_control_request+0x5c>
100050d0:	7823      	ldrb	r3, [r4, #0]
100050d2:	2260      	movs	r2, #96	@ 0x60
100050d4:	421a      	tst	r2, r3
100050d6:	d000      	beq.n	100050da <process_control_request+0x216>
100050d8:	e722      	b.n	10004f20 <process_control_request+0x5c>
100050da:	7863      	ldrb	r3, [r4, #1]
100050dc:	3b0a      	subs	r3, #10
100050de:	2b01      	cmp	r3, #1
100050e0:	d900      	bls.n	100050e4 <process_control_request+0x220>
100050e2:	e71d      	b.n	10004f20 <process_control_request+0x5c>
100050e4:	2000      	movs	r0, #0
100050e6:	f000 fa27 	bl	10005538 <usbd_control_set_complete_callback>
100050ea:	7863      	ldrb	r3, [r4, #1]
100050ec:	2b0a      	cmp	r3, #10
100050ee:	d00c      	beq.n	1000510a <process_control_request+0x246>
100050f0:	0021      	movs	r1, r4
100050f2:	9801      	ldr	r0, [sp, #4]
100050f4:	f000 f9b6 	bl	10005464 <tud_control_status>
100050f8:	e057      	b.n	100051aa <process_control_request+0x2e6>
100050fa:	4293      	cmp	r3, r2
100050fc:	d900      	bls.n	10005100 <process_control_request+0x23c>
100050fe:	e70d      	b.n	10004f1c <process_control_request+0x58>
10005100:	1a9b      	subs	r3, r3, r2
10005102:	015b      	lsls	r3, r3, #5
10005104:	4944      	ldr	r1, [pc, #272]	@ (10005218 <process_control_request+0x354>)
10005106:	1859      	adds	r1, r3, r1
10005108:	e7db      	b.n	100050c2 <process_control_request+0x1fe>
1000510a:	ab02      	add	r3, sp, #8
1000510c:	1d9a      	adds	r2, r3, #6
1000510e:	2300      	movs	r3, #0
10005110:	7013      	strb	r3, [r2, #0]
10005112:	3301      	adds	r3, #1
10005114:	0021      	movs	r1, r4
10005116:	9801      	ldr	r0, [sp, #4]
10005118:	f000 f9b8 	bl	1000548c <tud_control_xfer>
1000511c:	e045      	b.n	100051aa <process_control_request+0x2e6>
1000511e:	7921      	ldrb	r1, [r4, #4]
10005120:	207f      	movs	r0, #127	@ 0x7f
10005122:	4008      	ands	r0, r1
10005124:	09cb      	lsrs	r3, r1, #7
10005126:	469c      	mov	ip, r3
10005128:	2370      	movs	r3, #112	@ 0x70
1000512a:	420b      	tst	r3, r1
1000512c:	d118      	bne.n	10005160 <process_control_request+0x29c>
1000512e:	4b37      	ldr	r3, [pc, #220]	@ (1000520c <process_control_request+0x348>)
10005130:	0040      	lsls	r0, r0, #1
10005132:	181b      	adds	r3, r3, r0
10005134:	4463      	add	r3, ip
10005136:	7d1b      	ldrb	r3, [r3, #20]
10005138:	4835      	ldr	r0, [pc, #212]	@ (10005210 <process_control_request+0x34c>)
1000513a:	7800      	ldrb	r0, [r0, #0]
1000513c:	4283      	cmp	r3, r0
1000513e:	d215      	bcs.n	1000516c <process_control_request+0x2a8>
10005140:	4834      	ldr	r0, [pc, #208]	@ (10005214 <process_control_request+0x350>)
10005142:	6800      	ldr	r0, [r0, #0]
10005144:	015b      	lsls	r3, r3, #5
10005146:	18c3      	adds	r3, r0, r3
10005148:	001d      	movs	r5, r3
1000514a:	2a00      	cmp	r2, #0
1000514c:	d019      	beq.n	10005182 <process_control_request+0x2be>
1000514e:	1e29      	subs	r1, r5, #0
10005150:	d100      	bne.n	10005154 <process_control_request+0x290>
10005152:	e6e3      	b.n	10004f1c <process_control_request+0x58>
10005154:	0022      	movs	r2, r4
10005156:	9801      	ldr	r0, [sp, #4]
10005158:	f7ff fbbc 	bl	100048d4 <invoke_class_control>
1000515c:	0005      	movs	r5, r0
1000515e:	e6df      	b.n	10004f20 <process_control_request+0x5c>
10005160:	4927      	ldr	r1, [pc, #156]	@ (10005200 <process_control_request+0x33c>)
10005162:	4828      	ldr	r0, [pc, #160]	@ (10005204 <process_control_request+0x340>)
10005164:	4a2d      	ldr	r2, [pc, #180]	@ (1000521c <process_control_request+0x358>)
10005166:	f7fe fcd7 	bl	10003b18 <__wrap_printf>
1000516a:	e6d7      	b.n	10004f1c <process_control_request+0x58>
1000516c:	4283      	cmp	r3, r0
1000516e:	d805      	bhi.n	1000517c <process_control_request+0x2b8>
10005170:	1a1b      	subs	r3, r3, r0
10005172:	015b      	lsls	r3, r3, #5
10005174:	4828      	ldr	r0, [pc, #160]	@ (10005218 <process_control_request+0x354>)
10005176:	181b      	adds	r3, r3, r0
10005178:	001d      	movs	r5, r3
1000517a:	e7e6      	b.n	1000514a <process_control_request+0x286>
1000517c:	2300      	movs	r3, #0
1000517e:	001d      	movs	r5, r3
10005180:	e7e3      	b.n	1000514a <process_control_request+0x286>
10005182:	7863      	ldrb	r3, [r4, #1]
10005184:	2b01      	cmp	r3, #1
10005186:	d013      	beq.n	100051b0 <process_control_request+0x2ec>
10005188:	2b03      	cmp	r3, #3
1000518a:	d011      	beq.n	100051b0 <process_control_request+0x2ec>
1000518c:	2b00      	cmp	r3, #0
1000518e:	d000      	beq.n	10005192 <process_control_request+0x2ce>
10005190:	e6c4      	b.n	10004f1c <process_control_request+0x58>
10005192:	9d01      	ldr	r5, [sp, #4]
10005194:	0028      	movs	r0, r5
10005196:	f7ff fe87 	bl	10004ea8 <usbd_edpt_stalled>
1000519a:	ab02      	add	r3, sp, #8
1000519c:	1d9a      	adds	r2, r3, #6
1000519e:	8010      	strh	r0, [r2, #0]
100051a0:	2302      	movs	r3, #2
100051a2:	0021      	movs	r1, r4
100051a4:	0028      	movs	r0, r5
100051a6:	f000 f971 	bl	1000548c <tud_control_xfer>
100051aa:	2301      	movs	r3, #1
100051ac:	001d      	movs	r5, r3
100051ae:	e6b7      	b.n	10004f20 <process_control_request+0x5c>
100051b0:	78a0      	ldrb	r0, [r4, #2]
100051b2:	78e2      	ldrb	r2, [r4, #3]
100051b4:	0212      	lsls	r2, r2, #8
100051b6:	4302      	orrs	r2, r0
100051b8:	d104      	bne.n	100051c4 <process_control_request+0x300>
100051ba:	2b01      	cmp	r3, #1
100051bc:	d01a      	beq.n	100051f4 <process_control_request+0x330>
100051be:	9801      	ldr	r0, [sp, #4]
100051c0:	f7ff fe3e 	bl	10004e40 <usbd_edpt_stall>
100051c4:	2d00      	cmp	r5, #0
100051c6:	d0f0      	beq.n	100051aa <process_control_request+0x2e6>
100051c8:	0022      	movs	r2, r4
100051ca:	0029      	movs	r1, r5
100051cc:	9801      	ldr	r0, [sp, #4]
100051ce:	f7ff fb81 	bl	100048d4 <invoke_class_control>
100051d2:	2000      	movs	r0, #0
100051d4:	f000 f9b0 	bl	10005538 <usbd_control_set_complete_callback>
100051d8:	4b0c      	ldr	r3, [pc, #48]	@ (1000520c <process_control_request+0x348>)
100051da:	2235      	movs	r2, #53	@ 0x35
100051dc:	5c9b      	ldrb	r3, [r3, r2]
100051de:	07db      	lsls	r3, r3, #31
100051e0:	0fda      	lsrs	r2, r3, #31
100051e2:	0015      	movs	r5, r2
100051e4:	2b00      	cmp	r3, #0
100051e6:	d000      	beq.n	100051ea <process_control_request+0x326>
100051e8:	e69a      	b.n	10004f20 <process_control_request+0x5c>
100051ea:	0021      	movs	r1, r4
100051ec:	9801      	ldr	r0, [sp, #4]
100051ee:	f000 f939 	bl	10005464 <tud_control_status>
100051f2:	e7da      	b.n	100051aa <process_control_request+0x2e6>
100051f4:	9801      	ldr	r0, [sp, #4]
100051f6:	f7ff fe3d 	bl	10004e74 <usbd_edpt_clear_stall>
100051fa:	e7e3      	b.n	100051c4 <process_control_request+0x300>
100051fc:	10008d0c 	.word	0x10008d0c
10005200:	10008dc4 	.word	0x10008dc4
10005204:	10008760 	.word	0x10008760
10005208:	10004395 	.word	0x10004395
1000520c:	200161d0 	.word	0x200161d0
10005210:	200169b5 	.word	0x200169b5
10005214:	20016020 	.word	0x20016020
10005218:	10008e10 	.word	0x10008e10
1000521c:	00000395 	.word	0x00000395

10005220 <tud_task_ext>:
10005220:	b530      	push	{r4, r5, lr}
10005222:	b085      	sub	sp, #20
10005224:	f7ff fcaa 	bl	10004b7c <tud_inited>
10005228:	2800      	cmp	r0, #0
1000522a:	d108      	bne.n	1000523e <tud_task_ext+0x1e>
1000522c:	b005      	add	sp, #20
1000522e:	bd30      	pop	{r4, r5, pc}
10005230:	ac01      	add	r4, sp, #4
10005232:	7820      	ldrb	r0, [r4, #0]
10005234:	f7ff fb48 	bl	100048c8 <usbd_reset>
10005238:	7922      	ldrb	r2, [r4, #4]
1000523a:	4b62      	ldr	r3, [pc, #392]	@ (100053c4 <tud_task_ext+0x1a4>)
1000523c:	709a      	strb	r2, [r3, #2]
1000523e:	4b62      	ldr	r3, [pc, #392]	@ (100053c8 <tud_task_ext+0x1a8>)
10005240:	681c      	ldr	r4, [r3, #0]
10005242:	6962      	ldr	r2, [r4, #20]
10005244:	f3ef 8110 	mrs	r1, PRIMASK
10005248:	b672      	cpsid	i
1000524a:	6813      	ldr	r3, [r2, #0]
1000524c:	2b00      	cmp	r3, #0
1000524e:	d0fc      	beq.n	1000524a <tud_task_ext+0x2a>
10005250:	f3bf 8f5f 	dmb	sy
10005254:	61a1      	str	r1, [r4, #24]
10005256:	a901      	add	r1, sp, #4
10005258:	0020      	movs	r0, r4
1000525a:	f001 f83a 	bl	100062d2 <tu_fifo_read>
1000525e:	6962      	ldr	r2, [r4, #20]
10005260:	69a3      	ldr	r3, [r4, #24]
10005262:	f3bf 8f5f 	dmb	sy
10005266:	2100      	movs	r1, #0
10005268:	6011      	str	r1, [r2, #0]
1000526a:	f383 8810 	msr	PRIMASK, r3
1000526e:	2800      	cmp	r0, #0
10005270:	d0dc      	beq.n	1000522c <tud_task_ext+0xc>
10005272:	ab01      	add	r3, sp, #4
10005274:	785b      	ldrb	r3, [r3, #1]
10005276:	2b08      	cmp	r3, #8
10005278:	d8e1      	bhi.n	1000523e <tud_task_ext+0x1e>
1000527a:	009b      	lsls	r3, r3, #2
1000527c:	4a53      	ldr	r2, [pc, #332]	@ (100053cc <tud_task_ext+0x1ac>)
1000527e:	58d3      	ldr	r3, [r2, r3]
10005280:	469f      	mov	pc, r3
10005282:	ab01      	add	r3, sp, #4
10005284:	7818      	ldrb	r0, [r3, #0]
10005286:	f7ff fb1f 	bl	100048c8 <usbd_reset>
1000528a:	f7ff fc64 	bl	10004b56 <tud_umount_cb>
1000528e:	e7d6      	b.n	1000523e <tud_task_ext+0x1e>
10005290:	4b4f      	ldr	r3, [pc, #316]	@ (100053d0 <tud_task_ext+0x1b0>)
10005292:	781b      	ldrb	r3, [r3, #0]
10005294:	2b00      	cmp	r3, #0
10005296:	d02c      	beq.n	100052f2 <tud_task_ext+0xd2>
10005298:	4b4d      	ldr	r3, [pc, #308]	@ (100053d0 <tud_task_ext+0x1b0>)
1000529a:	781a      	ldrb	r2, [r3, #0]
1000529c:	3a01      	subs	r2, #1
1000529e:	701a      	strb	r2, [r3, #0]
100052a0:	781b      	ldrb	r3, [r3, #0]
100052a2:	2b00      	cmp	r3, #0
100052a4:	d1cb      	bne.n	1000523e <tud_task_ext+0x1e>
100052a6:	4b47      	ldr	r3, [pc, #284]	@ (100053c4 <tud_task_ext+0x1a4>)
100052a8:	781a      	ldrb	r2, [r3, #0]
100052aa:	2401      	movs	r4, #1
100052ac:	2101      	movs	r1, #1
100052ae:	430a      	orrs	r2, r1
100052b0:	701a      	strb	r2, [r3, #0]
100052b2:	2234      	movs	r2, #52	@ 0x34
100052b4:	5c99      	ldrb	r1, [r3, r2]
100052b6:	43a1      	bics	r1, r4
100052b8:	5499      	strb	r1, [r3, r2]
100052ba:	5c99      	ldrb	r1, [r3, r2]
100052bc:	2004      	movs	r0, #4
100052be:	4381      	bics	r1, r0
100052c0:	5499      	strb	r1, [r3, r2]
100052c2:	3201      	adds	r2, #1
100052c4:	5c99      	ldrb	r1, [r3, r2]
100052c6:	43a1      	bics	r1, r4
100052c8:	5499      	strb	r1, [r3, r2]
100052ca:	5c99      	ldrb	r1, [r3, r2]
100052cc:	4381      	bics	r1, r0
100052ce:	5499      	strb	r1, [r3, r2]
100052d0:	ab01      	add	r3, sp, #4
100052d2:	7818      	ldrb	r0, [r3, #0]
100052d4:	a902      	add	r1, sp, #8
100052d6:	f7ff fdf5 	bl	10004ec4 <process_control_request>
100052da:	2800      	cmp	r0, #0
100052dc:	d1af      	bne.n	1000523e <tud_task_ext+0x1e>
100052de:	ac01      	add	r4, sp, #4
100052e0:	7820      	ldrb	r0, [r4, #0]
100052e2:	2100      	movs	r1, #0
100052e4:	f7ff fa20 	bl	10004728 <dcd_edpt_stall>
100052e8:	7820      	ldrb	r0, [r4, #0]
100052ea:	2180      	movs	r1, #128	@ 0x80
100052ec:	f7ff fa1c 	bl	10004728 <dcd_edpt_stall>
100052f0:	e7a5      	b.n	1000523e <tud_task_ext+0x1e>
100052f2:	4938      	ldr	r1, [pc, #224]	@ (100053d4 <tud_task_ext+0x1b4>)
100052f4:	4838      	ldr	r0, [pc, #224]	@ (100053d8 <tud_task_ext+0x1b8>)
100052f6:	4a39      	ldr	r2, [pc, #228]	@ (100053dc <tud_task_ext+0x1bc>)
100052f8:	f7fe fc0e 	bl	10003b18 <__wrap_printf>
100052fc:	e796      	b.n	1000522c <tud_task_ext+0xc>
100052fe:	ab01      	add	r3, sp, #4
10005300:	7919      	ldrb	r1, [r3, #4]
10005302:	227f      	movs	r2, #127	@ 0x7f
10005304:	400a      	ands	r2, r1
10005306:	09cc      	lsrs	r4, r1, #7
10005308:	4b2e      	ldr	r3, [pc, #184]	@ (100053c4 <tud_task_ext+0x1a4>)
1000530a:	0050      	lsls	r0, r2, #1
1000530c:	181b      	adds	r3, r3, r0
1000530e:	191b      	adds	r3, r3, r4
10005310:	3330      	adds	r3, #48	@ 0x30
10005312:	7918      	ldrb	r0, [r3, #4]
10005314:	2501      	movs	r5, #1
10005316:	43a8      	bics	r0, r5
10005318:	7118      	strb	r0, [r3, #4]
1000531a:	7918      	ldrb	r0, [r3, #4]
1000531c:	3503      	adds	r5, #3
1000531e:	43a8      	bics	r0, r5
10005320:	7118      	strb	r0, [r3, #4]
10005322:	2a00      	cmp	r2, #0
10005324:	d015      	beq.n	10005352 <tud_task_ext+0x132>
10005326:	4b27      	ldr	r3, [pc, #156]	@ (100053c4 <tud_task_ext+0x1a4>)
10005328:	0052      	lsls	r2, r2, #1
1000532a:	189b      	adds	r3, r3, r2
1000532c:	191b      	adds	r3, r3, r4
1000532e:	7d1b      	ldrb	r3, [r3, #20]
10005330:	4a2b      	ldr	r2, [pc, #172]	@ (100053e0 <tud_task_ext+0x1c0>)
10005332:	7812      	ldrb	r2, [r2, #0]
10005334:	4293      	cmp	r3, r2
10005336:	d213      	bcs.n	10005360 <tud_task_ext+0x140>
10005338:	4a2a      	ldr	r2, [pc, #168]	@ (100053e4 <tud_task_ext+0x1c4>)
1000533a:	6812      	ldr	r2, [r2, #0]
1000533c:	015b      	lsls	r3, r3, #5
1000533e:	18d3      	adds	r3, r2, r3
10005340:	2b00      	cmp	r3, #0
10005342:	d014      	beq.n	1000536e <tud_task_ext+0x14e>
10005344:	699c      	ldr	r4, [r3, #24]
10005346:	a801      	add	r0, sp, #4
10005348:	7942      	ldrb	r2, [r0, #5]
1000534a:	9b03      	ldr	r3, [sp, #12]
1000534c:	7800      	ldrb	r0, [r0, #0]
1000534e:	47a0      	blx	r4
10005350:	e775      	b.n	1000523e <tud_task_ext+0x1e>
10005352:	a801      	add	r0, sp, #4
10005354:	7942      	ldrb	r2, [r0, #5]
10005356:	9b03      	ldr	r3, [sp, #12]
10005358:	7800      	ldrb	r0, [r0, #0]
1000535a:	f000 f901 	bl	10005560 <usbd_control_xfer_cb>
1000535e:	e76e      	b.n	1000523e <tud_task_ext+0x1e>
10005360:	4293      	cmp	r3, r2
10005362:	d804      	bhi.n	1000536e <tud_task_ext+0x14e>
10005364:	1a9b      	subs	r3, r3, r2
10005366:	015b      	lsls	r3, r3, #5
10005368:	4a1f      	ldr	r2, [pc, #124]	@ (100053e8 <tud_task_ext+0x1c8>)
1000536a:	189b      	adds	r3, r3, r2
1000536c:	e7ea      	b.n	10005344 <tud_task_ext+0x124>
1000536e:	22a4      	movs	r2, #164	@ 0xa4
10005370:	4918      	ldr	r1, [pc, #96]	@ (100053d4 <tud_task_ext+0x1b4>)
10005372:	4819      	ldr	r0, [pc, #100]	@ (100053d8 <tud_task_ext+0x1b8>)
10005374:	0092      	lsls	r2, r2, #2
10005376:	f7fe fbcf 	bl	10003b18 <__wrap_printf>
1000537a:	e757      	b.n	1000522c <tud_task_ext+0xc>
1000537c:	4b11      	ldr	r3, [pc, #68]	@ (100053c4 <tud_task_ext+0x1a4>)
1000537e:	781b      	ldrb	r3, [r3, #0]
10005380:	07db      	lsls	r3, r3, #31
10005382:	d400      	bmi.n	10005386 <tud_task_ext+0x166>
10005384:	e75b      	b.n	1000523e <tud_task_ext+0x1e>
10005386:	4b0f      	ldr	r3, [pc, #60]	@ (100053c4 <tud_task_ext+0x1a4>)
10005388:	7818      	ldrb	r0, [r3, #0]
1000538a:	0700      	lsls	r0, r0, #28
1000538c:	0fc0      	lsrs	r0, r0, #31
1000538e:	f7ff fbe3 	bl	10004b58 <tud_suspend_cb>
10005392:	e754      	b.n	1000523e <tud_task_ext+0x1e>
10005394:	4b0b      	ldr	r3, [pc, #44]	@ (100053c4 <tud_task_ext+0x1a4>)
10005396:	781b      	ldrb	r3, [r3, #0]
10005398:	07db      	lsls	r3, r3, #31
1000539a:	d400      	bmi.n	1000539e <tud_task_ext+0x17e>
1000539c:	e74f      	b.n	1000523e <tud_task_ext+0x1e>
1000539e:	f7ff fbdc 	bl	10004b5a <tud_resume_cb>
100053a2:	e74c      	b.n	1000523e <tud_task_ext+0x1e>
100053a4:	9b02      	ldr	r3, [sp, #8]
100053a6:	2b00      	cmp	r3, #0
100053a8:	d100      	bne.n	100053ac <tud_task_ext+0x18c>
100053aa:	e748      	b.n	1000523e <tud_task_ext+0x1e>
100053ac:	9803      	ldr	r0, [sp, #12]
100053ae:	4798      	blx	r3
100053b0:	e745      	b.n	1000523e <tud_task_ext+0x1e>
100053b2:	4b04      	ldr	r3, [pc, #16]	@ (100053c4 <tud_task_ext+0x1a4>)
100053b4:	78db      	ldrb	r3, [r3, #3]
100053b6:	07db      	lsls	r3, r3, #31
100053b8:	d400      	bmi.n	100053bc <tud_task_ext+0x19c>
100053ba:	e740      	b.n	1000523e <tud_task_ext+0x1e>
100053bc:	9802      	ldr	r0, [sp, #8]
100053be:	f7ff fb5c 	bl	10004a7a <tud_sof_cb>
100053c2:	e73c      	b.n	1000523e <tud_task_ext+0x1e>
100053c4:	200161d0 	.word	0x200161d0
100053c8:	20016228 	.word	0x20016228
100053cc:	10008d34 	.word	0x10008d34
100053d0:	200169b7 	.word	0x200169b7
100053d4:	10008df0 	.word	0x10008df0
100053d8:	10008760 	.word	0x10008760
100053dc:	00000265 	.word	0x00000265
100053e0:	200169b5 	.word	0x200169b5
100053e4:	20016020 	.word	0x20016020
100053e8:	10008e10 	.word	0x10008e10

100053ec <status_stage_xact>:
100053ec:	b510      	push	{r4, lr}
100053ee:	2300      	movs	r3, #0
100053f0:	56cb      	ldrsb	r3, [r1, r3]
100053f2:	2b00      	cmp	r3, #0
100053f4:	db05      	blt.n	10005402 <status_stage_xact+0x16>
100053f6:	2180      	movs	r1, #128	@ 0x80
100053f8:	2300      	movs	r3, #0
100053fa:	2200      	movs	r2, #0
100053fc:	f7ff fce0 	bl	10004dc0 <usbd_edpt_xfer>
10005400:	bd10      	pop	{r4, pc}
10005402:	2100      	movs	r1, #0
10005404:	e7f8      	b.n	100053f8 <status_stage_xact+0xc>
	...

10005408 <data_stage_xact>:
10005408:	b5f8      	push	{r3, r4, r5, r6, r7, lr}
1000540a:	0007      	movs	r7, r0
1000540c:	4b13      	ldr	r3, [pc, #76]	@ (1000545c <data_stage_xact+0x54>)
1000540e:	899e      	ldrh	r6, [r3, #12]
10005410:	89dd      	ldrh	r5, [r3, #14]
10005412:	1b73      	subs	r3, r6, r5
10005414:	b29b      	uxth	r3, r3
10005416:	1c1c      	adds	r4, r3, #0
10005418:	2b40      	cmp	r3, #64	@ 0x40
1000541a:	d900      	bls.n	1000541e <data_stage_xact+0x16>
1000541c:	2440      	movs	r4, #64	@ 0x40
1000541e:	b2a4      	uxth	r4, r4
10005420:	4b0e      	ldr	r3, [pc, #56]	@ (1000545c <data_stage_xact+0x54>)
10005422:	781b      	ldrb	r3, [r3, #0]
10005424:	b25b      	sxtb	r3, r3
10005426:	2b00      	cmp	r3, #0
10005428:	db08      	blt.n	1000543c <data_stage_xact+0x34>
1000542a:	2100      	movs	r1, #0
1000542c:	42ae      	cmp	r6, r5
1000542e:	d011      	beq.n	10005454 <data_stage_xact+0x4c>
10005430:	4a0b      	ldr	r2, [pc, #44]	@ (10005460 <data_stage_xact+0x58>)
10005432:	0023      	movs	r3, r4
10005434:	0038      	movs	r0, r7
10005436:	f7ff fcc3 	bl	10004dc0 <usbd_edpt_xfer>
1000543a:	bdf8      	pop	{r3, r4, r5, r6, r7, pc}
1000543c:	42ae      	cmp	r6, r5
1000543e:	d007      	beq.n	10005450 <data_stage_xact+0x48>
10005440:	4b06      	ldr	r3, [pc, #24]	@ (1000545c <data_stage_xact+0x54>)
10005442:	6899      	ldr	r1, [r3, #8]
10005444:	2c40      	cmp	r4, #64	@ 0x40
10005446:	d807      	bhi.n	10005458 <data_stage_xact+0x50>
10005448:	4805      	ldr	r0, [pc, #20]	@ (10005460 <data_stage_xact+0x58>)
1000544a:	0022      	movs	r2, r4
1000544c:	f7fd f8fc 	bl	10002648 <__wrap___aeabi_memcpy>
10005450:	2180      	movs	r1, #128	@ 0x80
10005452:	e7eb      	b.n	1000542c <data_stage_xact+0x24>
10005454:	2200      	movs	r2, #0
10005456:	e7ec      	b.n	10005432 <data_stage_xact+0x2a>
10005458:	2000      	movs	r0, #0
1000545a:	e7ee      	b.n	1000543a <data_stage_xact+0x32>
1000545c:	200161b0 	.word	0x200161b0
10005460:	20016170 	.word	0x20016170

10005464 <tud_control_status>:
10005464:	b570      	push	{r4, r5, r6, lr}
10005466:	0006      	movs	r6, r0
10005468:	000d      	movs	r5, r1
1000546a:	4c07      	ldr	r4, [pc, #28]	@ (10005488 <tud_control_status+0x24>)
1000546c:	2208      	movs	r2, #8
1000546e:	0020      	movs	r0, r4
10005470:	f7fd f8ea 	bl	10002648 <__wrap___aeabi_memcpy>
10005474:	2300      	movs	r3, #0
10005476:	60a3      	str	r3, [r4, #8]
10005478:	81e3      	strh	r3, [r4, #14]
1000547a:	81a3      	strh	r3, [r4, #12]
1000547c:	0029      	movs	r1, r5
1000547e:	0030      	movs	r0, r6
10005480:	f7ff ffb4 	bl	100053ec <status_stage_xact>
10005484:	bd70      	pop	{r4, r5, r6, pc}
10005486:	46c0      	nop			@ (mov r8, r8)
10005488:	200161b0 	.word	0x200161b0

1000548c <tud_control_xfer>:
1000548c:	b5f0      	push	{r4, r5, r6, r7, lr}
1000548e:	46c6      	mov	lr, r8
10005490:	b500      	push	{lr}
10005492:	4680      	mov	r8, r0
10005494:	000c      	movs	r4, r1
10005496:	0017      	movs	r7, r2
10005498:	001e      	movs	r6, r3
1000549a:	4d1f      	ldr	r5, [pc, #124]	@ (10005518 <tud_control_xfer+0x8c>)
1000549c:	2208      	movs	r2, #8
1000549e:	0028      	movs	r0, r5
100054a0:	f7fd f8d2 	bl	10002648 <__wrap___aeabi_memcpy>
100054a4:	60af      	str	r7, [r5, #8]
100054a6:	2300      	movs	r3, #0
100054a8:	81eb      	strh	r3, [r5, #14]
100054aa:	79a3      	ldrb	r3, [r4, #6]
100054ac:	79e1      	ldrb	r1, [r4, #7]
100054ae:	0209      	lsls	r1, r1, #8
100054b0:	4319      	orrs	r1, r3
100054b2:	1c0b      	adds	r3, r1, #0
100054b4:	42b1      	cmp	r1, r6
100054b6:	d900      	bls.n	100054ba <tud_control_xfer+0x2e>
100054b8:	1c33      	adds	r3, r6, #0
100054ba:	b299      	uxth	r1, r3
100054bc:	4a16      	ldr	r2, [pc, #88]	@ (10005518 <tud_control_xfer+0x8c>)
100054be:	8193      	strh	r3, [r2, #12]
100054c0:	79a2      	ldrb	r2, [r4, #6]
100054c2:	79e3      	ldrb	r3, [r4, #7]
100054c4:	021b      	lsls	r3, r3, #8
100054c6:	4313      	orrs	r3, r2
100054c8:	d019      	beq.n	100054fe <tud_control_xfer+0x72>
100054ca:	2900      	cmp	r1, #0
100054cc:	d001      	beq.n	100054d2 <tud_control_xfer+0x46>
100054ce:	2f00      	cmp	r7, #0
100054d0:	d008      	beq.n	100054e4 <tud_control_xfer+0x58>
100054d2:	4640      	mov	r0, r8
100054d4:	f7ff ff98 	bl	10005408 <data_stage_xact>
100054d8:	1e04      	subs	r4, r0, #0
100054da:	d00a      	beq.n	100054f2 <tud_control_xfer+0x66>
100054dc:	0020      	movs	r0, r4
100054de:	bc80      	pop	{r7}
100054e0:	46b8      	mov	r8, r7
100054e2:	bdf0      	pop	{r4, r5, r6, r7, pc}
100054e4:	490d      	ldr	r1, [pc, #52]	@ (1000551c <tud_control_xfer+0x90>)
100054e6:	480e      	ldr	r0, [pc, #56]	@ (10005520 <tud_control_xfer+0x94>)
100054e8:	2272      	movs	r2, #114	@ 0x72
100054ea:	f7fe fb15 	bl	10003b18 <__wrap_printf>
100054ee:	2400      	movs	r4, #0
100054f0:	e7f4      	b.n	100054dc <tud_control_xfer+0x50>
100054f2:	490a      	ldr	r1, [pc, #40]	@ (1000551c <tud_control_xfer+0x90>)
100054f4:	480a      	ldr	r0, [pc, #40]	@ (10005520 <tud_control_xfer+0x94>)
100054f6:	2274      	movs	r2, #116	@ 0x74
100054f8:	f7fe fb0e 	bl	10003b18 <__wrap_printf>
100054fc:	e7ee      	b.n	100054dc <tud_control_xfer+0x50>
100054fe:	0021      	movs	r1, r4
10005500:	4640      	mov	r0, r8
10005502:	f7ff ff73 	bl	100053ec <status_stage_xact>
10005506:	1e04      	subs	r4, r0, #0
10005508:	d1e8      	bne.n	100054dc <tud_control_xfer+0x50>
1000550a:	4904      	ldr	r1, [pc, #16]	@ (1000551c <tud_control_xfer+0x90>)
1000550c:	4804      	ldr	r0, [pc, #16]	@ (10005520 <tud_control_xfer+0x94>)
1000550e:	2276      	movs	r2, #118	@ 0x76
10005510:	f7fe fb02 	bl	10003b18 <__wrap_printf>
10005514:	e7e2      	b.n	100054dc <tud_control_xfer+0x50>
10005516:	46c0      	nop			@ (mov r8, r8)
10005518:	200161b0 	.word	0x200161b0
1000551c:	10008e48 	.word	0x10008e48
10005520:	10008760 	.word	0x10008760

10005524 <usbd_control_reset>:
10005524:	b510      	push	{r4, lr}
10005526:	4803      	ldr	r0, [pc, #12]	@ (10005534 <usbd_control_reset+0x10>)
10005528:	2214      	movs	r2, #20
1000552a:	2100      	movs	r1, #0
1000552c:	f7fd f886 	bl	1000263c <__wrap_memset>
10005530:	bd10      	pop	{r4, pc}
10005532:	46c0      	nop			@ (mov r8, r8)
10005534:	200161b0 	.word	0x200161b0

10005538 <usbd_control_set_complete_callback>:
10005538:	4b01      	ldr	r3, [pc, #4]	@ (10005540 <usbd_control_set_complete_callback+0x8>)
1000553a:	6118      	str	r0, [r3, #16]
1000553c:	4770      	bx	lr
1000553e:	46c0      	nop			@ (mov r8, r8)
10005540:	200161b0 	.word	0x200161b0

10005544 <usbd_control_set_request>:
10005544:	b510      	push	{r4, lr}
10005546:	0001      	movs	r1, r0
10005548:	4c04      	ldr	r4, [pc, #16]	@ (1000555c <usbd_control_set_request+0x18>)
1000554a:	2208      	movs	r2, #8
1000554c:	0020      	movs	r0, r4
1000554e:	f7fd f87b 	bl	10002648 <__wrap___aeabi_memcpy>
10005552:	2300      	movs	r3, #0
10005554:	60a3      	str	r3, [r4, #8]
10005556:	81e3      	strh	r3, [r4, #14]
10005558:	81a3      	strh	r3, [r4, #12]
1000555a:	bd10      	pop	{r4, pc}
1000555c:	200161b0 	.word	0x200161b0

10005560 <usbd_control_xfer_cb>:
10005560:	b570      	push	{r4, r5, r6, lr}
10005562:	0005      	movs	r5, r0
10005564:	001a      	movs	r2, r3
10005566:	001c      	movs	r4, r3
10005568:	09c9      	lsrs	r1, r1, #7
1000556a:	4b32      	ldr	r3, [pc, #200]	@ (10005634 <usbd_control_xfer_cb+0xd4>)
1000556c:	781b      	ldrb	r3, [r3, #0]
1000556e:	09db      	lsrs	r3, r3, #7
10005570:	428b      	cmp	r3, r1
10005572:	d019      	beq.n	100055a8 <usbd_control_xfer_cb+0x48>
10005574:	2a00      	cmp	r2, #0
10005576:	d008      	beq.n	1000558a <usbd_control_xfer_cb+0x2a>
10005578:	492f      	ldr	r1, [pc, #188]	@ (10005638 <usbd_control_xfer_cb+0xd8>)
1000557a:	4830      	ldr	r0, [pc, #192]	@ (1000563c <usbd_control_xfer_cb+0xdc>)
1000557c:	229d      	movs	r2, #157	@ 0x9d
1000557e:	f7fe facb 	bl	10003b18 <__wrap_printf>
10005582:	2300      	movs	r3, #0
10005584:	001c      	movs	r4, r3
10005586:	0020      	movs	r0, r4
10005588:	bd70      	pop	{r4, r5, r6, pc}
1000558a:	4b2a      	ldr	r3, [pc, #168]	@ (10005634 <usbd_control_xfer_cb+0xd4>)
1000558c:	001c      	movs	r4, r3
1000558e:	0019      	movs	r1, r3
10005590:	f7ff f882 	bl	10004698 <dcd_edpt0_status_complete>
10005594:	6923      	ldr	r3, [r4, #16]
10005596:	2b00      	cmp	r3, #0
10005598:	d003      	beq.n	100055a2 <usbd_control_xfer_cb+0x42>
1000559a:	4a26      	ldr	r2, [pc, #152]	@ (10005634 <usbd_control_xfer_cb+0xd4>)
1000559c:	2103      	movs	r1, #3
1000559e:	0028      	movs	r0, r5
100055a0:	4798      	blx	r3
100055a2:	2301      	movs	r3, #1
100055a4:	001c      	movs	r4, r3
100055a6:	e7ee      	b.n	10005586 <usbd_control_xfer_cb+0x26>
100055a8:	4b22      	ldr	r3, [pc, #136]	@ (10005634 <usbd_control_xfer_cb+0xd4>)
100055aa:	781b      	ldrb	r3, [r3, #0]
100055ac:	b25b      	sxtb	r3, r3
100055ae:	2b00      	cmp	r3, #0
100055b0:	db06      	blt.n	100055c0 <usbd_control_xfer_cb+0x60>
100055b2:	4b20      	ldr	r3, [pc, #128]	@ (10005634 <usbd_control_xfer_cb+0xd4>)
100055b4:	6898      	ldr	r0, [r3, #8]
100055b6:	2800      	cmp	r0, #0
100055b8:	d0e3      	beq.n	10005582 <usbd_control_xfer_cb+0x22>
100055ba:	4921      	ldr	r1, [pc, #132]	@ (10005640 <usbd_control_xfer_cb+0xe0>)
100055bc:	f7fd f844 	bl	10002648 <__wrap___aeabi_memcpy>
100055c0:	4a1c      	ldr	r2, [pc, #112]	@ (10005634 <usbd_control_xfer_cb+0xd4>)
100055c2:	89d3      	ldrh	r3, [r2, #14]
100055c4:	b2a1      	uxth	r1, r4
100055c6:	185b      	adds	r3, r3, r1
100055c8:	b29b      	uxth	r3, r3
100055ca:	81d3      	strh	r3, [r2, #14]
100055cc:	6891      	ldr	r1, [r2, #8]
100055ce:	46a4      	mov	ip, r4
100055d0:	4461      	add	r1, ip
100055d2:	6091      	str	r1, [r2, #8]
100055d4:	88d2      	ldrh	r2, [r2, #6]
100055d6:	4293      	cmp	r3, r2
100055d8:	d001      	beq.n	100055de <usbd_control_xfer_cb+0x7e>
100055da:	2c3f      	cmp	r4, #63	@ 0x3f
100055dc:	d81e      	bhi.n	1000561c <usbd_control_xfer_cb+0xbc>
100055de:	4b15      	ldr	r3, [pc, #84]	@ (10005634 <usbd_control_xfer_cb+0xd4>)
100055e0:	691b      	ldr	r3, [r3, #16]
100055e2:	2b00      	cmp	r3, #0
100055e4:	d005      	beq.n	100055f2 <usbd_control_xfer_cb+0x92>
100055e6:	4a13      	ldr	r2, [pc, #76]	@ (10005634 <usbd_control_xfer_cb+0xd4>)
100055e8:	2102      	movs	r1, #2
100055ea:	0028      	movs	r0, r5
100055ec:	4798      	blx	r3
100055ee:	2800      	cmp	r0, #0
100055f0:	d00b      	beq.n	1000560a <usbd_control_xfer_cb+0xaa>
100055f2:	4910      	ldr	r1, [pc, #64]	@ (10005634 <usbd_control_xfer_cb+0xd4>)
100055f4:	0028      	movs	r0, r5
100055f6:	f7ff fef9 	bl	100053ec <status_stage_xact>
100055fa:	1e04      	subs	r4, r0, #0
100055fc:	d1c3      	bne.n	10005586 <usbd_control_xfer_cb+0x26>
100055fe:	490e      	ldr	r1, [pc, #56]	@ (10005638 <usbd_control_xfer_cb+0xd8>)
10005600:	480e      	ldr	r0, [pc, #56]	@ (1000563c <usbd_control_xfer_cb+0xdc>)
10005602:	22c5      	movs	r2, #197	@ 0xc5
10005604:	f7fe fa88 	bl	10003b18 <__wrap_printf>
10005608:	e7bd      	b.n	10005586 <usbd_control_xfer_cb+0x26>
1000560a:	2100      	movs	r1, #0
1000560c:	0028      	movs	r0, r5
1000560e:	f7ff f88b 	bl	10004728 <dcd_edpt_stall>
10005612:	2180      	movs	r1, #128	@ 0x80
10005614:	0028      	movs	r0, r5
10005616:	f7ff f887 	bl	10004728 <dcd_edpt_stall>
1000561a:	e7c2      	b.n	100055a2 <usbd_control_xfer_cb+0x42>
1000561c:	0028      	movs	r0, r5
1000561e:	f7ff fef3 	bl	10005408 <data_stage_xact>
10005622:	1e04      	subs	r4, r0, #0
10005624:	d1af      	bne.n	10005586 <usbd_control_xfer_cb+0x26>
10005626:	4904      	ldr	r1, [pc, #16]	@ (10005638 <usbd_control_xfer_cb+0xd8>)
10005628:	4804      	ldr	r0, [pc, #16]	@ (1000563c <usbd_control_xfer_cb+0xdc>)
1000562a:	22cd      	movs	r2, #205	@ 0xcd
1000562c:	f7fe fa74 	bl	10003b18 <__wrap_printf>
10005630:	e7a9      	b.n	10005586 <usbd_control_xfer_cb+0x26>
10005632:	46c0      	nop			@ (mov r8, r8)
10005634:	200161b0 	.word	0x200161b0
10005638:	10008e30 	.word	0x10008e30
1000563c:	10008760 	.word	0x10008760
10005640:	20016170 	.word	0x20016170

10005644 <_prep_out_transaction>:
10005644:	b570      	push	{r4, r5, r6, lr}
10005646:	0005      	movs	r5, r0
10005648:	f7ff fa88 	bl	10004b5c <tud_mounted>
1000564c:	1e04      	subs	r4, r0, #0
1000564e:	d101      	bne.n	10005654 <_prep_out_transaction+0x10>
10005650:	0020      	movs	r0, r4
10005652:	bd70      	pop	{r4, r5, r6, pc}
10005654:	f7ff fa8a 	bl	10004b6c <tud_suspended>
10005658:	1e04      	subs	r4, r0, #0
1000565a:	d138      	bne.n	100056ce <_prep_out_transaction+0x8a>
1000565c:	4b1d      	ldr	r3, [pc, #116]	@ (100056d4 <_prep_out_transaction+0x90>)
1000565e:	22c8      	movs	r2, #200	@ 0xc8
10005660:	436a      	muls	r2, r5
10005662:	189b      	adds	r3, r3, r2
10005664:	78db      	ldrb	r3, [r3, #3]
10005666:	2b00      	cmp	r3, #0
10005668:	d0f2      	beq.n	10005650 <_prep_out_transaction+0xc>
1000566a:	0013      	movs	r3, r2
1000566c:	3310      	adds	r3, #16
1000566e:	4a19      	ldr	r2, [pc, #100]	@ (100056d4 <_prep_out_transaction+0x90>)
10005670:	189b      	adds	r3, r3, r2
10005672:	001e      	movs	r6, r3
10005674:	0018      	movs	r0, r3
10005676:	f000 fe18 	bl	100062aa <tu_fifo_remaining>
1000567a:	283f      	cmp	r0, #63	@ 0x3f
1000567c:	d9e8      	bls.n	10005650 <_prep_out_transaction+0xc>
1000567e:	4b15      	ldr	r3, [pc, #84]	@ (100056d4 <_prep_out_transaction+0x90>)
10005680:	22c8      	movs	r2, #200	@ 0xc8
10005682:	436a      	muls	r2, r5
10005684:	189b      	adds	r3, r3, r2
10005686:	78d9      	ldrb	r1, [r3, #3]
10005688:	2000      	movs	r0, #0
1000568a:	f7ff fb71 	bl	10004d70 <usbd_edpt_claim>
1000568e:	2800      	cmp	r0, #0
10005690:	d101      	bne.n	10005696 <_prep_out_transaction+0x52>
10005692:	0004      	movs	r4, r0
10005694:	e7dc      	b.n	10005650 <_prep_out_transaction+0xc>
10005696:	0030      	movs	r0, r6
10005698:	f000 fe07 	bl	100062aa <tu_fifo_remaining>
1000569c:	283f      	cmp	r0, #63	@ 0x3f
1000569e:	d90d      	bls.n	100056bc <_prep_out_transaction+0x78>
100056a0:	01ea      	lsls	r2, r5, #7
100056a2:	4b0d      	ldr	r3, [pc, #52]	@ (100056d8 <_prep_out_transaction+0x94>)
100056a4:	18d2      	adds	r2, r2, r3
100056a6:	4b0b      	ldr	r3, [pc, #44]	@ (100056d4 <_prep_out_transaction+0x90>)
100056a8:	21c8      	movs	r1, #200	@ 0xc8
100056aa:	4369      	muls	r1, r5
100056ac:	185b      	adds	r3, r3, r1
100056ae:	78d9      	ldrb	r1, [r3, #3]
100056b0:	2340      	movs	r3, #64	@ 0x40
100056b2:	2000      	movs	r0, #0
100056b4:	f7ff fb84 	bl	10004dc0 <usbd_edpt_xfer>
100056b8:	0004      	movs	r4, r0
100056ba:	e7c9      	b.n	10005650 <_prep_out_transaction+0xc>
100056bc:	4b05      	ldr	r3, [pc, #20]	@ (100056d4 <_prep_out_transaction+0x90>)
100056be:	22c8      	movs	r2, #200	@ 0xc8
100056c0:	436a      	muls	r2, r5
100056c2:	189b      	adds	r3, r3, r2
100056c4:	78d9      	ldrb	r1, [r3, #3]
100056c6:	2000      	movs	r0, #0
100056c8:	f7ff fb66 	bl	10004d98 <usbd_edpt_release>
100056cc:	e7c0      	b.n	10005650 <_prep_out_transaction+0xc>
100056ce:	2400      	movs	r4, #0
100056d0:	e7be      	b.n	10005650 <_prep_out_transaction+0xc>
100056d2:	46c0      	nop			@ (mov r8, r8)
100056d4:	200160a8 	.word	0x200160a8
100056d8:	20016024 	.word	0x20016024

100056dc <tud_cdc_n_connected>:
100056dc:	b510      	push	{r4, lr}
100056de:	0004      	movs	r4, r0
100056e0:	f7ff fa3c 	bl	10004b5c <tud_mounted>
100056e4:	2800      	cmp	r0, #0
100056e6:	d101      	bne.n	100056ec <tud_cdc_n_connected+0x10>
100056e8:	2000      	movs	r0, #0
100056ea:	bd10      	pop	{r4, pc}
100056ec:	f7ff fa3e 	bl	10004b6c <tud_suspended>
100056f0:	2800      	cmp	r0, #0
100056f2:	d1f9      	bne.n	100056e8 <tud_cdc_n_connected+0xc>
100056f4:	4b05      	ldr	r3, [pc, #20]	@ (1000570c <tud_cdc_n_connected+0x30>)
100056f6:	22c8      	movs	r2, #200	@ 0xc8
100056f8:	4362      	muls	r2, r4
100056fa:	189b      	adds	r3, r3, r2
100056fc:	791b      	ldrb	r3, [r3, #4]
100056fe:	07db      	lsls	r3, r3, #31
10005700:	d501      	bpl.n	10005706 <tud_cdc_n_connected+0x2a>
10005702:	2001      	movs	r0, #1
10005704:	e7f1      	b.n	100056ea <tud_cdc_n_connected+0xe>
10005706:	2000      	movs	r0, #0
10005708:	e7ef      	b.n	100056ea <tud_cdc_n_connected+0xe>
1000570a:	46c0      	nop			@ (mov r8, r8)
1000570c:	200160a8 	.word	0x200160a8

10005710 <tud_cdc_n_available>:
10005710:	b510      	push	{r4, lr}
10005712:	23c8      	movs	r3, #200	@ 0xc8
10005714:	4343      	muls	r3, r0
10005716:	3310      	adds	r3, #16
10005718:	4802      	ldr	r0, [pc, #8]	@ (10005724 <tud_cdc_n_available+0x14>)
1000571a:	1818      	adds	r0, r3, r0
1000571c:	f000 fd99 	bl	10006252 <tu_fifo_count>
10005720:	bd10      	pop	{r4, pc}
10005722:	46c0      	nop			@ (mov r8, r8)
10005724:	200160a8 	.word	0x200160a8

10005728 <tud_cdc_n_read>:
10005728:	b570      	push	{r4, r5, r6, lr}
1000572a:	0004      	movs	r4, r0
1000572c:	20c8      	movs	r0, #200	@ 0xc8
1000572e:	4360      	muls	r0, r4
10005730:	0003      	movs	r3, r0
10005732:	3310      	adds	r3, #16
10005734:	4807      	ldr	r0, [pc, #28]	@ (10005754 <tud_cdc_n_read+0x2c>)
10005736:	1818      	adds	r0, r3, r0
10005738:	4b07      	ldr	r3, [pc, #28]	@ (10005758 <tud_cdc_n_read+0x30>)
1000573a:	429a      	cmp	r2, r3
1000573c:	d808      	bhi.n	10005750 <tud_cdc_n_read+0x28>
1000573e:	b292      	uxth	r2, r2
10005740:	f000 fde5 	bl	1000630e <tu_fifo_read_n>
10005744:	0005      	movs	r5, r0
10005746:	0020      	movs	r0, r4
10005748:	f7ff ff7c 	bl	10005644 <_prep_out_transaction>
1000574c:	0028      	movs	r0, r5
1000574e:	bd70      	pop	{r4, r5, r6, pc}
10005750:	4a02      	ldr	r2, [pc, #8]	@ (1000575c <tud_cdc_n_read+0x34>)
10005752:	e7f5      	b.n	10005740 <tud_cdc_n_read+0x18>
10005754:	200160a8 	.word	0x200160a8
10005758:	0000fffe 	.word	0x0000fffe
1000575c:	0000ffff 	.word	0x0000ffff

10005760 <tud_cdc_n_write_flush>:
10005760:	b570      	push	{r4, r5, r6, lr}
10005762:	0004      	movs	r4, r0
10005764:	f7ff f9fa 	bl	10004b5c <tud_mounted>
10005768:	2800      	cmp	r0, #0
1000576a:	d101      	bne.n	10005770 <tud_cdc_n_write_flush+0x10>
1000576c:	2000      	movs	r0, #0
1000576e:	bd70      	pop	{r4, r5, r6, pc}
10005770:	f7ff f9fc 	bl	10004b6c <tud_suspended>
10005774:	2800      	cmp	r0, #0
10005776:	d1f9      	bne.n	1000576c <tud_cdc_n_write_flush+0xc>
10005778:	23c8      	movs	r3, #200	@ 0xc8
1000577a:	4363      	muls	r3, r4
1000577c:	3320      	adds	r3, #32
1000577e:	4a1d      	ldr	r2, [pc, #116]	@ (100057f4 <tud_cdc_n_write_flush+0x94>)
10005780:	189b      	adds	r3, r3, r2
10005782:	3304      	adds	r3, #4
10005784:	001d      	movs	r5, r3
10005786:	0018      	movs	r0, r3
10005788:	f000 fd63 	bl	10006252 <tu_fifo_count>
1000578c:	2800      	cmp	r0, #0
1000578e:	d0ed      	beq.n	1000576c <tud_cdc_n_write_flush+0xc>
10005790:	4b18      	ldr	r3, [pc, #96]	@ (100057f4 <tud_cdc_n_write_flush+0x94>)
10005792:	22c8      	movs	r2, #200	@ 0xc8
10005794:	4362      	muls	r2, r4
10005796:	189b      	adds	r3, r3, r2
10005798:	7899      	ldrb	r1, [r3, #2]
1000579a:	2000      	movs	r0, #0
1000579c:	f7ff fae8 	bl	10004d70 <usbd_edpt_claim>
100057a0:	2800      	cmp	r0, #0
100057a2:	d0e3      	beq.n	1000576c <tud_cdc_n_write_flush+0xc>
100057a4:	01e3      	lsls	r3, r4, #7
100057a6:	3340      	adds	r3, #64	@ 0x40
100057a8:	4a13      	ldr	r2, [pc, #76]	@ (100057f8 <tud_cdc_n_write_flush+0x98>)
100057aa:	189a      	adds	r2, r3, r2
100057ac:	0016      	movs	r6, r2
100057ae:	2240      	movs	r2, #64	@ 0x40
100057b0:	0031      	movs	r1, r6
100057b2:	0028      	movs	r0, r5
100057b4:	f000 fdab 	bl	1000630e <tu_fifo_read_n>
100057b8:	1e05      	subs	r5, r0, #0
100057ba:	d013      	beq.n	100057e4 <tud_cdc_n_write_flush+0x84>
100057bc:	4b0d      	ldr	r3, [pc, #52]	@ (100057f4 <tud_cdc_n_write_flush+0x94>)
100057be:	22c8      	movs	r2, #200	@ 0xc8
100057c0:	4362      	muls	r2, r4
100057c2:	189b      	adds	r3, r3, r2
100057c4:	7899      	ldrb	r1, [r3, #2]
100057c6:	0003      	movs	r3, r0
100057c8:	0032      	movs	r2, r6
100057ca:	2000      	movs	r0, #0
100057cc:	f7ff faf8 	bl	10004dc0 <usbd_edpt_xfer>
100057d0:	2800      	cmp	r0, #0
100057d2:	d001      	beq.n	100057d8 <tud_cdc_n_write_flush+0x78>
100057d4:	0028      	movs	r0, r5
100057d6:	e7ca      	b.n	1000576e <tud_cdc_n_write_flush+0xe>
100057d8:	4908      	ldr	r1, [pc, #32]	@ (100057fc <tud_cdc_n_write_flush+0x9c>)
100057da:	4809      	ldr	r0, [pc, #36]	@ (10005800 <tud_cdc_n_write_flush+0xa0>)
100057dc:	22d5      	movs	r2, #213	@ 0xd5
100057de:	f7fe f99b 	bl	10003b18 <__wrap_printf>
100057e2:	e7c3      	b.n	1000576c <tud_cdc_n_write_flush+0xc>
100057e4:	4b03      	ldr	r3, [pc, #12]	@ (100057f4 <tud_cdc_n_write_flush+0x94>)
100057e6:	22c8      	movs	r2, #200	@ 0xc8
100057e8:	4362      	muls	r2, r4
100057ea:	189b      	adds	r3, r3, r2
100057ec:	7899      	ldrb	r1, [r3, #2]
100057ee:	f7ff fad3 	bl	10004d98 <usbd_edpt_release>
100057f2:	e7bb      	b.n	1000576c <tud_cdc_n_write_flush+0xc>
100057f4:	200160a8 	.word	0x200160a8
100057f8:	20016024 	.word	0x20016024
100057fc:	10008e78 	.word	0x10008e78
10005800:	10008760 	.word	0x10008760

10005804 <tud_cdc_n_write>:
10005804:	b570      	push	{r4, r5, r6, lr}
10005806:	0006      	movs	r6, r0
10005808:	24c8      	movs	r4, #200	@ 0xc8
1000580a:	4344      	muls	r4, r0
1000580c:	3420      	adds	r4, #32
1000580e:	4b0c      	ldr	r3, [pc, #48]	@ (10005840 <tud_cdc_n_write+0x3c>)
10005810:	18e4      	adds	r4, r4, r3
10005812:	3404      	adds	r4, #4
10005814:	4b0b      	ldr	r3, [pc, #44]	@ (10005844 <tud_cdc_n_write+0x40>)
10005816:	429a      	cmp	r2, r3
10005818:	d80b      	bhi.n	10005832 <tud_cdc_n_write+0x2e>
1000581a:	b292      	uxth	r2, r2
1000581c:	0020      	movs	r0, r4
1000581e:	f000 fdad 	bl	1000637c <tu_fifo_write_n>
10005822:	0005      	movs	r5, r0
10005824:	0020      	movs	r0, r4
10005826:	f000 fd14 	bl	10006252 <tu_fifo_count>
1000582a:	283f      	cmp	r0, #63	@ 0x3f
1000582c:	d803      	bhi.n	10005836 <tud_cdc_n_write+0x32>
1000582e:	0028      	movs	r0, r5
10005830:	bd70      	pop	{r4, r5, r6, pc}
10005832:	4a05      	ldr	r2, [pc, #20]	@ (10005848 <tud_cdc_n_write+0x44>)
10005834:	e7f2      	b.n	1000581c <tud_cdc_n_write+0x18>
10005836:	0030      	movs	r0, r6
10005838:	f7ff ff92 	bl	10005760 <tud_cdc_n_write_flush>
1000583c:	e7f7      	b.n	1000582e <tud_cdc_n_write+0x2a>
1000583e:	46c0      	nop			@ (mov r8, r8)
10005840:	200160a8 	.word	0x200160a8
10005844:	0000fffe 	.word	0x0000fffe
10005848:	0000ffff 	.word	0x0000ffff

1000584c <tud_cdc_n_write_available>:
1000584c:	b510      	push	{r4, lr}
1000584e:	23c8      	movs	r3, #200	@ 0xc8
10005850:	4358      	muls	r0, r3
10005852:	3020      	adds	r0, #32
10005854:	4b02      	ldr	r3, [pc, #8]	@ (10005860 <tud_cdc_n_write_available+0x14>)
10005856:	18c0      	adds	r0, r0, r3
10005858:	3004      	adds	r0, #4
1000585a:	f000 fd26 	bl	100062aa <tu_fifo_remaining>
1000585e:	bd10      	pop	{r4, pc}
10005860:	200160a8 	.word	0x200160a8

10005864 <cdcd_init>:
10005864:	b5f0      	push	{r4, r5, r6, r7, lr}
10005866:	46c6      	mov	lr, r8
10005868:	b500      	push	{lr}
1000586a:	b082      	sub	sp, #8
1000586c:	4824      	ldr	r0, [pc, #144]	@ (10005900 <cdcd_init+0x9c>)
1000586e:	22c8      	movs	r2, #200	@ 0xc8
10005870:	2100      	movs	r1, #0
10005872:	f7fc fee3 	bl	1000263c <__wrap_memset>
10005876:	4b23      	ldr	r3, [pc, #140]	@ (10005904 <cdcd_init+0xa0>)
10005878:	2200      	movs	r2, #0
1000587a:	701a      	strb	r2, [r3, #0]
1000587c:	2700      	movs	r7, #0
1000587e:	2f00      	cmp	r7, #0
10005880:	d003      	beq.n	1000588a <cdcd_init+0x26>
10005882:	b002      	add	sp, #8
10005884:	bc80      	pop	{r7}
10005886:	46b8      	mov	r8, r7
10005888:	bdf0      	pop	{r4, r5, r6, r7, pc}
1000588a:	4e1d      	ldr	r6, [pc, #116]	@ (10005900 <cdcd_init+0x9c>)
1000588c:	24c8      	movs	r4, #200	@ 0xc8
1000588e:	437c      	muls	r4, r7
10005890:	1935      	adds	r5, r6, r4
10005892:	23ff      	movs	r3, #255	@ 0xff
10005894:	716b      	strb	r3, [r5, #5]
10005896:	23e1      	movs	r3, #225	@ 0xe1
10005898:	025b      	lsls	r3, r3, #9
1000589a:	60ab      	str	r3, [r5, #8]
1000589c:	2200      	movs	r2, #0
1000589e:	732a      	strb	r2, [r5, #12]
100058a0:	736a      	strb	r2, [r5, #13]
100058a2:	2308      	movs	r3, #8
100058a4:	73ab      	strb	r3, [r5, #14]
100058a6:	0021      	movs	r1, r4
100058a8:	3138      	adds	r1, #56	@ 0x38
100058aa:	1989      	adds	r1, r1, r6
100058ac:	0020      	movs	r0, r4
100058ae:	3010      	adds	r0, #16
100058b0:	1980      	adds	r0, r0, r6
100058b2:	9200      	str	r2, [sp, #0]
100058b4:	3b07      	subs	r3, #7
100058b6:	3240      	adds	r2, #64	@ 0x40
100058b8:	f000 fc8c 	bl	100061d4 <tu_fifo_config>
100058bc:	0021      	movs	r1, r4
100058be:	3178      	adds	r1, #120	@ 0x78
100058c0:	1989      	adds	r1, r1, r6
100058c2:	0020      	movs	r0, r4
100058c4:	3020      	adds	r0, #32
100058c6:	1980      	adds	r0, r0, r6
100058c8:	3004      	adds	r0, #4
100058ca:	2301      	movs	r3, #1
100058cc:	9300      	str	r3, [sp, #0]
100058ce:	2240      	movs	r2, #64	@ 0x40
100058d0:	f000 fc80 	bl	100061d4 <tu_fifo_config>
100058d4:	0023      	movs	r3, r4
100058d6:	33b8      	adds	r3, #184	@ 0xb8
100058d8:	199b      	adds	r3, r3, r6
100058da:	4698      	mov	r8, r3
100058dc:	0018      	movs	r0, r3
100058de:	f7fb fa7f 	bl	10000de0 <mutex_init>
100058e2:	34c0      	adds	r4, #192	@ 0xc0
100058e4:	19a4      	adds	r4, r4, r6
100058e6:	0020      	movs	r0, r4
100058e8:	f7fb fa7a 	bl	10000de0 <mutex_init>
100058ec:	2200      	movs	r2, #0
100058ee:	61ea      	str	r2, [r5, #28]
100058f0:	4643      	mov	r3, r8
100058f2:	622b      	str	r3, [r5, #32]
100058f4:	632c      	str	r4, [r5, #48]	@ 0x30
100058f6:	636a      	str	r2, [r5, #52]	@ 0x34
100058f8:	3701      	adds	r7, #1
100058fa:	b2ff      	uxtb	r7, r7
100058fc:	e7bf      	b.n	1000587e <cdcd_init+0x1a>
100058fe:	46c0      	nop			@ (mov r8, r8)
10005900:	200160a8 	.word	0x200160a8
10005904:	200160a4 	.word	0x200160a4

10005908 <cdcd_deinit>:
10005908:	2300      	movs	r3, #0
1000590a:	2b00      	cmp	r3, #0
1000590c:	d001      	beq.n	10005912 <cdcd_deinit+0xa>
1000590e:	2001      	movs	r0, #1
10005910:	4770      	bx	lr
10005912:	0019      	movs	r1, r3
10005914:	4a0e      	ldr	r2, [pc, #56]	@ (10005950 <cdcd_deinit+0x48>)
10005916:	20c8      	movs	r0, #200	@ 0xc8
10005918:	4358      	muls	r0, r3
1000591a:	1812      	adds	r2, r2, r0
1000591c:	6a10      	ldr	r0, [r2, #32]
1000591e:	6b12      	ldr	r2, [r2, #48]	@ 0x30
10005920:	4694      	mov	ip, r2
10005922:	2800      	cmp	r0, #0
10005924:	d006      	beq.n	10005934 <cdcd_deinit+0x2c>
10005926:	4a0a      	ldr	r2, [pc, #40]	@ (10005950 <cdcd_deinit+0x48>)
10005928:	20c8      	movs	r0, #200	@ 0xc8
1000592a:	4358      	muls	r0, r3
1000592c:	1812      	adds	r2, r2, r0
1000592e:	2000      	movs	r0, #0
10005930:	61d0      	str	r0, [r2, #28]
10005932:	6210      	str	r0, [r2, #32]
10005934:	4662      	mov	r2, ip
10005936:	2a00      	cmp	r2, #0
10005938:	d006      	beq.n	10005948 <cdcd_deinit+0x40>
1000593a:	4a05      	ldr	r2, [pc, #20]	@ (10005950 <cdcd_deinit+0x48>)
1000593c:	20c8      	movs	r0, #200	@ 0xc8
1000593e:	4341      	muls	r1, r0
10005940:	1852      	adds	r2, r2, r1
10005942:	2100      	movs	r1, #0
10005944:	6311      	str	r1, [r2, #48]	@ 0x30
10005946:	6351      	str	r1, [r2, #52]	@ 0x34
10005948:	3301      	adds	r3, #1
1000594a:	b2db      	uxtb	r3, r3
1000594c:	e7dd      	b.n	1000590a <cdcd_deinit+0x2>
1000594e:	46c0      	nop			@ (mov r8, r8)
10005950:	200160a8 	.word	0x200160a8

10005954 <cdcd_reset>:
10005954:	b570      	push	{r4, r5, r6, lr}
10005956:	2400      	movs	r4, #0
10005958:	2c00      	cmp	r4, #0
1000595a:	d000      	beq.n	1000595e <cdcd_reset+0xa>
1000595c:	bd70      	pop	{r4, r5, r6, pc}
1000595e:	0025      	movs	r5, r4
10005960:	20c8      	movs	r0, #200	@ 0xc8
10005962:	4360      	muls	r0, r4
10005964:	4b15      	ldr	r3, [pc, #84]	@ (100059bc <cdcd_reset+0x68>)
10005966:	18c0      	adds	r0, r0, r3
10005968:	2205      	movs	r2, #5
1000596a:	2100      	movs	r1, #0
1000596c:	f7fc fe66 	bl	1000263c <__wrap_memset>
10005970:	4b13      	ldr	r3, [pc, #76]	@ (100059c0 <cdcd_reset+0x6c>)
10005972:	781b      	ldrb	r3, [r3, #0]
10005974:	07db      	lsls	r3, r3, #31
10005976:	d50f      	bpl.n	10005998 <cdcd_reset+0x44>
10005978:	4b11      	ldr	r3, [pc, #68]	@ (100059c0 <cdcd_reset+0x6c>)
1000597a:	781b      	ldrb	r3, [r3, #0]
1000597c:	079b      	lsls	r3, r3, #30
1000597e:	d513      	bpl.n	100059a8 <cdcd_reset+0x54>
10005980:	20c8      	movs	r0, #200	@ 0xc8
10005982:	4368      	muls	r0, r5
10005984:	3020      	adds	r0, #32
10005986:	4b0d      	ldr	r3, [pc, #52]	@ (100059bc <cdcd_reset+0x68>)
10005988:	18c0      	adds	r0, r0, r3
1000598a:	3004      	adds	r0, #4
1000598c:	2101      	movs	r1, #1
1000598e:	f000 fd19 	bl	100063c4 <tu_fifo_set_overwritable>
10005992:	3401      	adds	r4, #1
10005994:	b2e4      	uxtb	r4, r4
10005996:	e7df      	b.n	10005958 <cdcd_reset+0x4>
10005998:	20c8      	movs	r0, #200	@ 0xc8
1000599a:	4360      	muls	r0, r4
1000599c:	3010      	adds	r0, #16
1000599e:	4b07      	ldr	r3, [pc, #28]	@ (100059bc <cdcd_reset+0x68>)
100059a0:	18c0      	adds	r0, r0, r3
100059a2:	f000 fcf0 	bl	10006386 <tu_fifo_clear>
100059a6:	e7e7      	b.n	10005978 <cdcd_reset+0x24>
100059a8:	20c8      	movs	r0, #200	@ 0xc8
100059aa:	4368      	muls	r0, r5
100059ac:	3020      	adds	r0, #32
100059ae:	4b03      	ldr	r3, [pc, #12]	@ (100059bc <cdcd_reset+0x68>)
100059b0:	18c0      	adds	r0, r0, r3
100059b2:	3004      	adds	r0, #4
100059b4:	f000 fce7 	bl	10006386 <tu_fifo_clear>
100059b8:	e7e2      	b.n	10005980 <cdcd_reset+0x2c>
100059ba:	46c0      	nop			@ (mov r8, r8)
100059bc:	200160a8 	.word	0x200160a8
100059c0:	200160a4 	.word	0x200160a4

100059c4 <cdcd_open>:
100059c4:	b5f0      	push	{r4, r5, r6, r7, lr}
100059c6:	46c6      	mov	lr, r8
100059c8:	b500      	push	{lr}
100059ca:	b082      	sub	sp, #8
100059cc:	0007      	movs	r7, r0
100059ce:	794b      	ldrb	r3, [r1, #5]
100059d0:	2b02      	cmp	r3, #2
100059d2:	d102      	bne.n	100059da <cdcd_open+0x16>
100059d4:	798b      	ldrb	r3, [r1, #6]
100059d6:	2b02      	cmp	r3, #2
100059d8:	d012      	beq.n	10005a00 <cdcd_open+0x3c>
100059da:	2500      	movs	r5, #0
100059dc:	0028      	movs	r0, r5
100059de:	b002      	add	sp, #8
100059e0:	bc80      	pop	{r7}
100059e2:	46b8      	mov	r8, r7
100059e4:	bdf0      	pop	{r4, r5, r6, r7, pc}
100059e6:	23c8      	movs	r3, #200	@ 0xc8
100059e8:	4373      	muls	r3, r6
100059ea:	4831      	ldr	r0, [pc, #196]	@ (10005ab0 <cdcd_open+0xec>)
100059ec:	181b      	adds	r3, r3, r0
100059ee:	4698      	mov	r8, r3
100059f0:	789b      	ldrb	r3, [r3, #2]
100059f2:	2b00      	cmp	r3, #0
100059f4:	d008      	beq.n	10005a08 <cdcd_open+0x44>
100059f6:	0033      	movs	r3, r6
100059f8:	3301      	adds	r3, #1
100059fa:	b2db      	uxtb	r3, r3
100059fc:	001e      	movs	r6, r3
100059fe:	e001      	b.n	10005a04 <cdcd_open+0x40>
10005a00:	2300      	movs	r3, #0
10005a02:	001e      	movs	r6, r3
10005a04:	2e00      	cmp	r6, #0
10005a06:	d0ee      	beq.n	100059e6 <cdcd_open+0x22>
10005a08:	2e00      	cmp	r6, #0
10005a0a:	d106      	bne.n	10005a1a <cdcd_open+0x56>
10005a0c:	788b      	ldrb	r3, [r1, #2]
10005a0e:	4640      	mov	r0, r8
10005a10:	7003      	strb	r3, [r0, #0]
10005a12:	780c      	ldrb	r4, [r1, #0]
10005a14:	190c      	adds	r4, r1, r4
10005a16:	2509      	movs	r5, #9
10005a18:	e00a      	b.n	10005a30 <cdcd_open+0x6c>
10005a1a:	2242      	movs	r2, #66	@ 0x42
10005a1c:	4925      	ldr	r1, [pc, #148]	@ (10005ab4 <cdcd_open+0xf0>)
10005a1e:	4826      	ldr	r0, [pc, #152]	@ (10005ab8 <cdcd_open+0xf4>)
10005a20:	32ff      	adds	r2, #255	@ 0xff
10005a22:	f7fe f879 	bl	10003b18 <__wrap_printf>
10005a26:	e7d8      	b.n	100059da <cdcd_open+0x16>
10005a28:	7823      	ldrb	r3, [r4, #0]
10005a2a:	195d      	adds	r5, r3, r5
10005a2c:	b2ad      	uxth	r5, r5
10005a2e:	18e4      	adds	r4, r4, r3
10005a30:	7863      	ldrb	r3, [r4, #1]
10005a32:	2b24      	cmp	r3, #36	@ 0x24
10005a34:	d101      	bne.n	10005a3a <cdcd_open+0x76>
10005a36:	4295      	cmp	r5, r2
10005a38:	d9f6      	bls.n	10005a28 <cdcd_open+0x64>
10005a3a:	2b05      	cmp	r3, #5
10005a3c:	d009      	beq.n	10005a52 <cdcd_open+0x8e>
10005a3e:	7863      	ldrb	r3, [r4, #1]
10005a40:	2b04      	cmp	r3, #4
10005a42:	d102      	bne.n	10005a4a <cdcd_open+0x86>
10005a44:	7963      	ldrb	r3, [r4, #5]
10005a46:	2b0a      	cmp	r3, #10
10005a48:	d018      	beq.n	10005a7c <cdcd_open+0xb8>
10005a4a:	0030      	movs	r0, r6
10005a4c:	f7ff fdfa 	bl	10005644 <_prep_out_transaction>
10005a50:	e7c4      	b.n	100059dc <cdcd_open+0x18>
10005a52:	0021      	movs	r1, r4
10005a54:	0038      	movs	r0, r7
10005a56:	f7ff f919 	bl	10004c8c <usbd_edpt_open>
10005a5a:	2800      	cmp	r0, #0
10005a5c:	d007      	beq.n	10005a6e <cdcd_open+0xaa>
10005a5e:	78a3      	ldrb	r3, [r4, #2]
10005a60:	4642      	mov	r2, r8
10005a62:	7053      	strb	r3, [r2, #1]
10005a64:	7823      	ldrb	r3, [r4, #0]
10005a66:	195d      	adds	r5, r3, r5
10005a68:	b2ad      	uxth	r5, r5
10005a6a:	18e4      	adds	r4, r4, r3
10005a6c:	e7e7      	b.n	10005a3e <cdcd_open+0x7a>
10005a6e:	2254      	movs	r2, #84	@ 0x54
10005a70:	4910      	ldr	r1, [pc, #64]	@ (10005ab4 <cdcd_open+0xf0>)
10005a72:	4811      	ldr	r0, [pc, #68]	@ (10005ab8 <cdcd_open+0xf4>)
10005a74:	32ff      	adds	r2, #255	@ 0xff
10005a76:	f7fe f84f 	bl	10003b18 <__wrap_printf>
10005a7a:	e7ae      	b.n	100059da <cdcd_open+0x16>
10005a7c:	7821      	ldrb	r1, [r4, #0]
10005a7e:	194d      	adds	r5, r1, r5
10005a80:	b2ad      	uxth	r5, r5
10005a82:	1861      	adds	r1, r4, r1
10005a84:	4642      	mov	r2, r8
10005a86:	1c93      	adds	r3, r2, #2
10005a88:	9301      	str	r3, [sp, #4]
10005a8a:	1cd3      	adds	r3, r2, #3
10005a8c:	9300      	str	r3, [sp, #0]
10005a8e:	2302      	movs	r3, #2
10005a90:	2202      	movs	r2, #2
10005a92:	0038      	movs	r0, r7
10005a94:	f7ff f92c 	bl	10004cf0 <usbd_open_edpt_pair>
10005a98:	2800      	cmp	r0, #0
10005a9a:	d002      	beq.n	10005aa2 <cdcd_open+0xde>
10005a9c:	350e      	adds	r5, #14
10005a9e:	b2ad      	uxth	r5, r5
10005aa0:	e7d3      	b.n	10005a4a <cdcd_open+0x86>
10005aa2:	22b1      	movs	r2, #177	@ 0xb1
10005aa4:	4903      	ldr	r1, [pc, #12]	@ (10005ab4 <cdcd_open+0xf0>)
10005aa6:	4804      	ldr	r0, [pc, #16]	@ (10005ab8 <cdcd_open+0xf4>)
10005aa8:	0052      	lsls	r2, r2, #1
10005aaa:	f7fe f835 	bl	10003b18 <__wrap_printf>
10005aae:	e794      	b.n	100059da <cdcd_open+0x16>
10005ab0:	200160a8 	.word	0x200160a8
10005ab4:	10008e6c 	.word	0x10008e6c
10005ab8:	10008760 	.word	0x10008760

10005abc <cdcd_control_xfer_cb>:
10005abc:	b570      	push	{r4, r5, r6, lr}
10005abe:	0006      	movs	r6, r0
10005ac0:	000d      	movs	r5, r1
10005ac2:	0011      	movs	r1, r2
10005ac4:	7812      	ldrb	r2, [r2, #0]
10005ac6:	2360      	movs	r3, #96	@ 0x60
10005ac8:	4013      	ands	r3, r2
10005aca:	2b20      	cmp	r3, #32
10005acc:	d010      	beq.n	10005af0 <cdcd_control_xfer_cb+0x34>
10005ace:	2000      	movs	r0, #0
10005ad0:	bd70      	pop	{r4, r5, r6, pc}
10005ad2:	23c8      	movs	r3, #200	@ 0xc8
10005ad4:	4363      	muls	r3, r4
10005ad6:	4a3a      	ldr	r2, [pc, #232]	@ (10005bc0 <cdcd_control_xfer_cb+0x104>)
10005ad8:	1898      	adds	r0, r3, r2
10005ada:	4684      	mov	ip, r0
10005adc:	5cd2      	ldrb	r2, [r2, r3]
10005ade:	7908      	ldrb	r0, [r1, #4]
10005ae0:	794b      	ldrb	r3, [r1, #5]
10005ae2:	021b      	lsls	r3, r3, #8
10005ae4:	4303      	orrs	r3, r0
10005ae6:	429a      	cmp	r2, r3
10005ae8:	d005      	beq.n	10005af6 <cdcd_control_xfer_cb+0x3a>
10005aea:	3401      	adds	r4, #1
10005aec:	b2e4      	uxtb	r4, r4
10005aee:	e000      	b.n	10005af2 <cdcd_control_xfer_cb+0x36>
10005af0:	2400      	movs	r4, #0
10005af2:	2c00      	cmp	r4, #0
10005af4:	d0ed      	beq.n	10005ad2 <cdcd_control_xfer_cb+0x16>
10005af6:	2c00      	cmp	r4, #0
10005af8:	d1e9      	bne.n	10005ace <cdcd_control_xfer_cb+0x12>
10005afa:	784b      	ldrb	r3, [r1, #1]
10005afc:	2b22      	cmp	r3, #34	@ 0x22
10005afe:	d036      	beq.n	10005b6e <cdcd_control_xfer_cb+0xb2>
10005b00:	d808      	bhi.n	10005b14 <cdcd_control_xfer_cb+0x58>
10005b02:	2b20      	cmp	r3, #32
10005b04:	d017      	beq.n	10005b36 <cdcd_control_xfer_cb+0x7a>
10005b06:	2b21      	cmp	r3, #33	@ 0x21
10005b08:	d1e1      	bne.n	10005ace <cdcd_control_xfer_cb+0x12>
10005b0a:	002b      	movs	r3, r5
10005b0c:	2d01      	cmp	r5, #1
10005b0e:	d027      	beq.n	10005b60 <cdcd_control_xfer_cb+0xa4>
10005b10:	2001      	movs	r0, #1
10005b12:	e7dd      	b.n	10005ad0 <cdcd_control_xfer_cb+0x14>
10005b14:	2b23      	cmp	r3, #35	@ 0x23
10005b16:	d1da      	bne.n	10005ace <cdcd_control_xfer_cb+0x12>
10005b18:	2d01      	cmp	r5, #1
10005b1a:	d04c      	beq.n	10005bb6 <cdcd_control_xfer_cb+0xfa>
10005b1c:	2d03      	cmp	r5, #3
10005b1e:	d1f7      	bne.n	10005b10 <cdcd_control_xfer_cb+0x54>
10005b20:	4b28      	ldr	r3, [pc, #160]	@ (10005bc4 <cdcd_control_xfer_cb+0x108>)
10005b22:	2b00      	cmp	r3, #0
10005b24:	d0f4      	beq.n	10005b10 <cdcd_control_xfer_cb+0x54>
10005b26:	788b      	ldrb	r3, [r1, #2]
10005b28:	78c9      	ldrb	r1, [r1, #3]
10005b2a:	0209      	lsls	r1, r1, #8
10005b2c:	4319      	orrs	r1, r3
10005b2e:	0020      	movs	r0, r4
10005b30:	e000      	b.n	10005b34 <cdcd_control_xfer_cb+0x78>
10005b32:	bf00      	nop
10005b34:	e7ec      	b.n	10005b10 <cdcd_control_xfer_cb+0x54>
10005b36:	002b      	movs	r3, r5
10005b38:	2d01      	cmp	r5, #1
10005b3a:	d00a      	beq.n	10005b52 <cdcd_control_xfer_cb+0x96>
10005b3c:	2d03      	cmp	r5, #3
10005b3e:	d1e7      	bne.n	10005b10 <cdcd_control_xfer_cb+0x54>
10005b40:	4b21      	ldr	r3, [pc, #132]	@ (10005bc8 <cdcd_control_xfer_cb+0x10c>)
10005b42:	2b00      	cmp	r3, #0
10005b44:	d0e4      	beq.n	10005b10 <cdcd_control_xfer_cb+0x54>
10005b46:	4661      	mov	r1, ip
10005b48:	3108      	adds	r1, #8
10005b4a:	0020      	movs	r0, r4
10005b4c:	f7fe fc44 	bl	100043d8 <tud_cdc_line_coding_cb>
10005b50:	e7de      	b.n	10005b10 <cdcd_control_xfer_cb+0x54>
10005b52:	4662      	mov	r2, ip
10005b54:	3208      	adds	r2, #8
10005b56:	3306      	adds	r3, #6
10005b58:	0030      	movs	r0, r6
10005b5a:	f7ff fc97 	bl	1000548c <tud_control_xfer>
10005b5e:	e7d7      	b.n	10005b10 <cdcd_control_xfer_cb+0x54>
10005b60:	4662      	mov	r2, ip
10005b62:	3208      	adds	r2, #8
10005b64:	3306      	adds	r3, #6
10005b66:	0030      	movs	r0, r6
10005b68:	f7ff fc90 	bl	1000548c <tud_control_xfer>
10005b6c:	e7d0      	b.n	10005b10 <cdcd_control_xfer_cb+0x54>
10005b6e:	2d01      	cmp	r5, #1
10005b70:	d01d      	beq.n	10005bae <cdcd_control_xfer_cb+0xf2>
10005b72:	2d03      	cmp	r5, #3
10005b74:	d1cc      	bne.n	10005b10 <cdcd_control_xfer_cb+0x54>
10005b76:	788a      	ldrb	r2, [r1, #2]
10005b78:	78cb      	ldrb	r3, [r1, #3]
10005b7a:	021b      	lsls	r3, r3, #8
10005b7c:	4313      	orrs	r3, r2
10005b7e:	2201      	movs	r2, #1
10005b80:	0015      	movs	r5, r2
10005b82:	401d      	ands	r5, r3
10005b84:	0859      	lsrs	r1, r3, #1
10005b86:	400a      	ands	r2, r1
10005b88:	0016      	movs	r6, r2
10005b8a:	4662      	mov	r2, ip
10005b8c:	7113      	strb	r3, [r2, #4]
10005b8e:	2101      	movs	r1, #1
10005b90:	4069      	eors	r1, r5
10005b92:	b2c9      	uxtb	r1, r1
10005b94:	4660      	mov	r0, ip
10005b96:	3024      	adds	r0, #36	@ 0x24
10005b98:	f000 fc14 	bl	100063c4 <tu_fifo_set_overwritable>
10005b9c:	4b0b      	ldr	r3, [pc, #44]	@ (10005bcc <cdcd_control_xfer_cb+0x110>)
10005b9e:	2b00      	cmp	r3, #0
10005ba0:	d0b6      	beq.n	10005b10 <cdcd_control_xfer_cb+0x54>
10005ba2:	0032      	movs	r2, r6
10005ba4:	0029      	movs	r1, r5
10005ba6:	0020      	movs	r0, r4
10005ba8:	e000      	b.n	10005bac <cdcd_control_xfer_cb+0xf0>
10005baa:	bf00      	nop
10005bac:	e7b0      	b.n	10005b10 <cdcd_control_xfer_cb+0x54>
10005bae:	0030      	movs	r0, r6
10005bb0:	f7ff fc58 	bl	10005464 <tud_control_status>
10005bb4:	e7ac      	b.n	10005b10 <cdcd_control_xfer_cb+0x54>
10005bb6:	0030      	movs	r0, r6
10005bb8:	f7ff fc54 	bl	10005464 <tud_control_status>
10005bbc:	e7a8      	b.n	10005b10 <cdcd_control_xfer_cb+0x54>
10005bbe:	46c0      	nop			@ (mov r8, r8)
10005bc0:	200160a8 	.word	0x200160a8
10005bc4:	00000000 	.word	0x00000000
10005bc8:	100043d9 	.word	0x100043d9
10005bcc:	00000000 	.word	0x00000000

10005bd0 <cdcd_xfer_cb>:
10005bd0:	b5f0      	push	{r4, r5, r6, r7, lr}
10005bd2:	46ce      	mov	lr, r9
10005bd4:	4647      	mov	r7, r8
10005bd6:	b580      	push	{r7, lr}
10005bd8:	b083      	sub	sp, #12
10005bda:	9001      	str	r0, [sp, #4]
10005bdc:	000e      	movs	r6, r1
10005bde:	9300      	str	r3, [sp, #0]
10005be0:	2400      	movs	r4, #0
10005be2:	2c00      	cmp	r4, #0
10005be4:	d00f      	beq.n	10005c06 <cdcd_xfer_cb+0x36>
10005be6:	2c00      	cmp	r4, #0
10005be8:	d11a      	bne.n	10005c20 <cdcd_xfer_cb+0x50>
10005bea:	46a0      	mov	r8, r4
10005bec:	78eb      	ldrb	r3, [r5, #3]
10005bee:	42b3      	cmp	r3, r6
10005bf0:	d01e      	beq.n	10005c30 <cdcd_xfer_cb+0x60>
10005bf2:	78ab      	ldrb	r3, [r5, #2]
10005bf4:	42b3      	cmp	r3, r6
10005bf6:	d055      	beq.n	10005ca4 <cdcd_xfer_cb+0xd4>
10005bf8:	2401      	movs	r4, #1
10005bfa:	0020      	movs	r0, r4
10005bfc:	b003      	add	sp, #12
10005bfe:	bcc0      	pop	{r6, r7}
10005c00:	46b9      	mov	r9, r7
10005c02:	46b0      	mov	r8, r6
10005c04:	bdf0      	pop	{r4, r5, r6, r7, pc}
10005c06:	25c8      	movs	r5, #200	@ 0xc8
10005c08:	4365      	muls	r5, r4
10005c0a:	4b38      	ldr	r3, [pc, #224]	@ (10005cec <cdcd_xfer_cb+0x11c>)
10005c0c:	18ed      	adds	r5, r5, r3
10005c0e:	78eb      	ldrb	r3, [r5, #3]
10005c10:	42b3      	cmp	r3, r6
10005c12:	d0e8      	beq.n	10005be6 <cdcd_xfer_cb+0x16>
10005c14:	78ab      	ldrb	r3, [r5, #2]
10005c16:	42b3      	cmp	r3, r6
10005c18:	d0e5      	beq.n	10005be6 <cdcd_xfer_cb+0x16>
10005c1a:	3401      	adds	r4, #1
10005c1c:	b2e4      	uxtb	r4, r4
10005c1e:	e7e0      	b.n	10005be2 <cdcd_xfer_cb+0x12>
10005c20:	22e6      	movs	r2, #230	@ 0xe6
10005c22:	4933      	ldr	r1, [pc, #204]	@ (10005cf0 <cdcd_xfer_cb+0x120>)
10005c24:	4833      	ldr	r0, [pc, #204]	@ (10005cf4 <cdcd_xfer_cb+0x124>)
10005c26:	0052      	lsls	r2, r2, #1
10005c28:	f7fd ff76 	bl	10003b18 <__wrap_printf>
10005c2c:	2400      	movs	r4, #0
10005c2e:	e7e4      	b.n	10005bfa <cdcd_xfer_cb+0x2a>
10005c30:	2310      	movs	r3, #16
10005c32:	469c      	mov	ip, r3
10005c34:	44ac      	add	ip, r5
10005c36:	4660      	mov	r0, ip
10005c38:	46e1      	mov	r9, ip
10005c3a:	01e1      	lsls	r1, r4, #7
10005c3c:	4b2e      	ldr	r3, [pc, #184]	@ (10005cf8 <cdcd_xfer_cb+0x128>)
10005c3e:	18c9      	adds	r1, r1, r3
10005c40:	466b      	mov	r3, sp
10005c42:	881a      	ldrh	r2, [r3, #0]
10005c44:	f000 fb9a 	bl	1000637c <tu_fifo_write_n>
10005c48:	4b2c      	ldr	r3, [pc, #176]	@ (10005cfc <cdcd_xfer_cb+0x12c>)
10005c4a:	2b00      	cmp	r3, #0
10005c4c:	d01a      	beq.n	10005c84 <cdcd_xfer_cb+0xb4>
10005c4e:	796b      	ldrb	r3, [r5, #5]
10005c50:	2bff      	cmp	r3, #255	@ 0xff
10005c52:	d017      	beq.n	10005c84 <cdcd_xfer_cb+0xb4>
10005c54:	2700      	movs	r7, #0
10005c56:	e000      	b.n	10005c5a <cdcd_xfer_cb+0x8a>
10005c58:	3701      	adds	r7, #1
10005c5a:	9b00      	ldr	r3, [sp, #0]
10005c5c:	429f      	cmp	r7, r3
10005c5e:	d211      	bcs.n	10005c84 <cdcd_xfer_cb+0xb4>
10005c60:	796a      	ldrb	r2, [r5, #5]
10005c62:	4b25      	ldr	r3, [pc, #148]	@ (10005cf8 <cdcd_xfer_cb+0x128>)
10005c64:	4641      	mov	r1, r8
10005c66:	01c9      	lsls	r1, r1, #7
10005c68:	185b      	adds	r3, r3, r1
10005c6a:	5ddb      	ldrb	r3, [r3, r7]
10005c6c:	429a      	cmp	r2, r3
10005c6e:	d1f3      	bne.n	10005c58 <cdcd_xfer_cb+0x88>
10005c70:	4648      	mov	r0, r9
10005c72:	f000 fb01 	bl	10006278 <tu_fifo_empty>
10005c76:	2800      	cmp	r0, #0
10005c78:	d1ee      	bne.n	10005c58 <cdcd_xfer_cb+0x88>
10005c7a:	7969      	ldrb	r1, [r5, #5]
10005c7c:	0020      	movs	r0, r4
10005c7e:	e000      	b.n	10005c82 <cdcd_xfer_cb+0xb2>
10005c80:	bf00      	nop
10005c82:	e7e9      	b.n	10005c58 <cdcd_xfer_cb+0x88>
10005c84:	4b1e      	ldr	r3, [pc, #120]	@ (10005d00 <cdcd_xfer_cb+0x130>)
10005c86:	2b00      	cmp	r3, #0
10005c88:	d004      	beq.n	10005c94 <cdcd_xfer_cb+0xc4>
10005c8a:	4648      	mov	r0, r9
10005c8c:	f000 faf4 	bl	10006278 <tu_fifo_empty>
10005c90:	2800      	cmp	r0, #0
10005c92:	d003      	beq.n	10005c9c <cdcd_xfer_cb+0xcc>
10005c94:	0020      	movs	r0, r4
10005c96:	f7ff fcd5 	bl	10005644 <_prep_out_transaction>
10005c9a:	e7aa      	b.n	10005bf2 <cdcd_xfer_cb+0x22>
10005c9c:	0020      	movs	r0, r4
10005c9e:	e000      	b.n	10005ca2 <cdcd_xfer_cb+0xd2>
10005ca0:	bf00      	nop
10005ca2:	e7f7      	b.n	10005c94 <cdcd_xfer_cb+0xc4>
10005ca4:	4b17      	ldr	r3, [pc, #92]	@ (10005d04 <cdcd_xfer_cb+0x134>)
10005ca6:	2b00      	cmp	r3, #0
10005ca8:	d002      	beq.n	10005cb0 <cdcd_xfer_cb+0xe0>
10005caa:	0020      	movs	r0, r4
10005cac:	e000      	b.n	10005cb0 <cdcd_xfer_cb+0xe0>
10005cae:	bf00      	nop
10005cb0:	0020      	movs	r0, r4
10005cb2:	f7ff fd55 	bl	10005760 <tud_cdc_n_write_flush>
10005cb6:	2800      	cmp	r0, #0
10005cb8:	d19e      	bne.n	10005bf8 <cdcd_xfer_cb+0x28>
10005cba:	0028      	movs	r0, r5
10005cbc:	3024      	adds	r0, #36	@ 0x24
10005cbe:	f000 fac8 	bl	10006252 <tu_fifo_count>
10005cc2:	2800      	cmp	r0, #0
10005cc4:	d198      	bne.n	10005bf8 <cdcd_xfer_cb+0x28>
10005cc6:	9b00      	ldr	r3, [sp, #0]
10005cc8:	2b00      	cmp	r3, #0
10005cca:	d095      	beq.n	10005bf8 <cdcd_xfer_cb+0x28>
10005ccc:	069b      	lsls	r3, r3, #26
10005cce:	d193      	bne.n	10005bf8 <cdcd_xfer_cb+0x28>
10005cd0:	78a9      	ldrb	r1, [r5, #2]
10005cd2:	9801      	ldr	r0, [sp, #4]
10005cd4:	f7ff f84c 	bl	10004d70 <usbd_edpt_claim>
10005cd8:	1e04      	subs	r4, r0, #0
10005cda:	d100      	bne.n	10005cde <cdcd_xfer_cb+0x10e>
10005cdc:	e78c      	b.n	10005bf8 <cdcd_xfer_cb+0x28>
10005cde:	78a9      	ldrb	r1, [r5, #2]
10005ce0:	2300      	movs	r3, #0
10005ce2:	2200      	movs	r2, #0
10005ce4:	9801      	ldr	r0, [sp, #4]
10005ce6:	f7ff f86b 	bl	10004dc0 <usbd_edpt_xfer>
10005cea:	e786      	b.n	10005bfa <cdcd_xfer_cb+0x2a>
10005cec:	200160a8 	.word	0x200160a8
10005cf0:	10008e5c 	.word	0x10008e5c
10005cf4:	10008760 	.word	0x10008760
10005cf8:	20016024 	.word	0x20016024
	...

10005d08 <tusb_rhport_init>:
10005d08:	b510      	push	{r4, lr}
10005d0a:	b082      	sub	sp, #8
10005d0c:	2900      	cmp	r1, #0
10005d0e:	d00b      	beq.n	10005d28 <tusb_rhport_init+0x20>
10005d10:	2801      	cmp	r0, #1
10005d12:	d81d      	bhi.n	10005d50 <tusb_rhport_init+0x48>
10005d14:	780b      	ldrb	r3, [r1, #0]
10005d16:	2b00      	cmp	r3, #0
10005d18:	d01a      	beq.n	10005d50 <tusb_rhport_init+0x48>
10005d1a:	4a17      	ldr	r2, [pc, #92]	@ (10005d78 <tusb_rhport_init+0x70>)
10005d1c:	5413      	strb	r3, [r2, r0]
10005d1e:	2b01      	cmp	r3, #1
10005d20:	d020      	beq.n	10005d64 <tusb_rhport_init+0x5c>
10005d22:	2301      	movs	r3, #1
10005d24:	001c      	movs	r4, r3
10005d26:	e01a      	b.n	10005d5e <tusb_rhport_init+0x56>
10005d28:	a901      	add	r1, sp, #4
10005d2a:	2301      	movs	r3, #1
10005d2c:	700b      	strb	r3, [r1, #0]
10005d2e:	2300      	movs	r3, #0
10005d30:	704b      	strb	r3, [r1, #1]
10005d32:	2000      	movs	r0, #0
10005d34:	f7fe ff2c 	bl	10004b90 <tud_rhport_init>
10005d38:	1e04      	subs	r4, r0, #0
10005d3a:	d003      	beq.n	10005d44 <tusb_rhport_init+0x3c>
10005d3c:	4b0e      	ldr	r3, [pc, #56]	@ (10005d78 <tusb_rhport_init+0x70>)
10005d3e:	2201      	movs	r2, #1
10005d40:	701a      	strb	r2, [r3, #0]
10005d42:	e00c      	b.n	10005d5e <tusb_rhport_init+0x56>
10005d44:	490d      	ldr	r1, [pc, #52]	@ (10005d7c <tusb_rhport_init+0x74>)
10005d46:	480e      	ldr	r0, [pc, #56]	@ (10005d80 <tusb_rhport_init+0x78>)
10005d48:	2247      	movs	r2, #71	@ 0x47
10005d4a:	f7fd fee5 	bl	10003b18 <__wrap_printf>
10005d4e:	e006      	b.n	10005d5e <tusb_rhport_init+0x56>
10005d50:	490a      	ldr	r1, [pc, #40]	@ (10005d7c <tusb_rhport_init+0x74>)
10005d52:	480b      	ldr	r0, [pc, #44]	@ (10005d80 <tusb_rhport_init+0x78>)
10005d54:	225a      	movs	r2, #90	@ 0x5a
10005d56:	f7fd fedf 	bl	10003b18 <__wrap_printf>
10005d5a:	2300      	movs	r3, #0
10005d5c:	001c      	movs	r4, r3
10005d5e:	0020      	movs	r0, r4
10005d60:	b002      	add	sp, #8
10005d62:	bd10      	pop	{r4, pc}
10005d64:	f7fe ff14 	bl	10004b90 <tud_rhport_init>
10005d68:	1e04      	subs	r4, r0, #0
10005d6a:	d1f8      	bne.n	10005d5e <tusb_rhport_init+0x56>
10005d6c:	4903      	ldr	r1, [pc, #12]	@ (10005d7c <tusb_rhport_init+0x74>)
10005d6e:	4804      	ldr	r0, [pc, #16]	@ (10005d80 <tusb_rhport_init+0x78>)
10005d70:	225f      	movs	r2, #95	@ 0x5f
10005d72:	f7fd fed1 	bl	10003b18 <__wrap_printf>
10005d76:	e7f2      	b.n	10005d5e <tusb_rhport_init+0x56>
10005d78:	200161c4 	.word	0x200161c4
10005d7c:	10008ea4 	.word	0x10008ea4
10005d80:	10008760 	.word	0x10008760

10005d84 <tu_edpt_claim>:
10005d84:	b570      	push	{r4, r5, r6, lr}
10005d86:	0004      	movs	r4, r0
10005d88:	000a      	movs	r2, r1
10005d8a:	000d      	movs	r5, r1
10005d8c:	7803      	ldrb	r3, [r0, #0]
10005d8e:	07db      	lsls	r3, r3, #31
10005d90:	0fd8      	lsrs	r0, r3, #31
10005d92:	2b00      	cmp	r3, #0
10005d94:	d11f      	bne.n	10005dd6 <tu_edpt_claim+0x52>
10005d96:	7823      	ldrb	r3, [r4, #0]
10005d98:	075b      	lsls	r3, r3, #29
10005d9a:	0fd9      	lsrs	r1, r3, #31
10005d9c:	000e      	movs	r6, r1
10005d9e:	2b00      	cmp	r3, #0
10005da0:	db1a      	blt.n	10005dd8 <tu_edpt_claim+0x54>
10005da2:	2101      	movs	r1, #1
10005da4:	4249      	negs	r1, r1
10005da6:	0010      	movs	r0, r2
10005da8:	f001 fcb2 	bl	10007710 <__mutex_enter_timeout_ms_veneer>
10005dac:	7823      	ldrb	r3, [r4, #0]
10005dae:	07db      	lsls	r3, r3, #31
10005db0:	0fda      	lsrs	r2, r3, #31
10005db2:	2b00      	cmp	r3, #0
10005db4:	d108      	bne.n	10005dc8 <tu_edpt_claim+0x44>
10005db6:	7823      	ldrb	r3, [r4, #0]
10005db8:	075b      	lsls	r3, r3, #29
10005dba:	d40a      	bmi.n	10005dd2 <tu_edpt_claim+0x4e>
10005dbc:	7823      	ldrb	r3, [r4, #0]
10005dbe:	2204      	movs	r2, #4
10005dc0:	4313      	orrs	r3, r2
10005dc2:	7023      	strb	r3, [r4, #0]
10005dc4:	2301      	movs	r3, #1
10005dc6:	001e      	movs	r6, r3
10005dc8:	0028      	movs	r0, r5
10005dca:	f001 fce1 	bl	10007790 <__mutex_exit_veneer>
10005dce:	0030      	movs	r0, r6
10005dd0:	e002      	b.n	10005dd8 <tu_edpt_claim+0x54>
10005dd2:	0016      	movs	r6, r2
10005dd4:	e7f8      	b.n	10005dc8 <tu_edpt_claim+0x44>
10005dd6:	2000      	movs	r0, #0
10005dd8:	bd70      	pop	{r4, r5, r6, pc}

10005dda <tu_edpt_release>:
10005dda:	b570      	push	{r4, r5, r6, lr}
10005ddc:	0004      	movs	r4, r0
10005dde:	0006      	movs	r6, r0
10005de0:	000a      	movs	r2, r1
10005de2:	000d      	movs	r5, r1
10005de4:	2101      	movs	r1, #1
10005de6:	4249      	negs	r1, r1
10005de8:	0010      	movs	r0, r2
10005dea:	f001 fc91 	bl	10007710 <__mutex_enter_timeout_ms_veneer>
10005dee:	7823      	ldrb	r3, [r4, #0]
10005df0:	075b      	lsls	r3, r3, #29
10005df2:	0fda      	lsrs	r2, r3, #31
10005df4:	0014      	movs	r4, r2
10005df6:	2b00      	cmp	r3, #0
10005df8:	db04      	blt.n	10005e04 <tu_edpt_release+0x2a>
10005dfa:	0028      	movs	r0, r5
10005dfc:	f001 fcc8 	bl	10007790 <__mutex_exit_veneer>
10005e00:	0020      	movs	r0, r4
10005e02:	bd70      	pop	{r4, r5, r6, pc}
10005e04:	7833      	ldrb	r3, [r6, #0]
10005e06:	07db      	lsls	r3, r3, #31
10005e08:	d404      	bmi.n	10005e14 <tu_edpt_release+0x3a>
10005e0a:	7833      	ldrb	r3, [r6, #0]
10005e0c:	2204      	movs	r2, #4
10005e0e:	4393      	bics	r3, r2
10005e10:	7033      	strb	r3, [r6, #0]
10005e12:	e7f2      	b.n	10005dfa <tu_edpt_release+0x20>
10005e14:	2300      	movs	r3, #0
10005e16:	001c      	movs	r4, r3
10005e18:	e7ef      	b.n	10005dfa <tu_edpt_release+0x20>
	...

10005e1c <tu_edpt_validate>:
10005e1c:	b510      	push	{r4, lr}
10005e1e:	7902      	ldrb	r2, [r0, #4]
10005e20:	7943      	ldrb	r3, [r0, #5]
10005e22:	021b      	lsls	r3, r3, #8
10005e24:	4313      	orrs	r3, r2
10005e26:	055b      	lsls	r3, r3, #21
10005e28:	0d5b      	lsrs	r3, r3, #21
10005e2a:	78c2      	ldrb	r2, [r0, #3]
10005e2c:	0792      	lsls	r2, r2, #30
10005e2e:	0f92      	lsrs	r2, r2, #30
10005e30:	2a02      	cmp	r2, #2
10005e32:	d014      	beq.n	10005e5e <tu_edpt_validate+0x42>
10005e34:	2a03      	cmp	r2, #3
10005e36:	d027      	beq.n	10005e88 <tu_edpt_validate+0x6c>
10005e38:	2a01      	cmp	r2, #1
10005e3a:	d10e      	bne.n	10005e5a <tu_edpt_validate+0x3e>
10005e3c:	2902      	cmp	r1, #2
10005e3e:	d004      	beq.n	10005e4a <tu_edpt_validate+0x2e>
10005e40:	4a18      	ldr	r2, [pc, #96]	@ (10005ea4 <tu_edpt_validate+0x88>)
10005e42:	429a      	cmp	r2, r3
10005e44:	d304      	bcc.n	10005e50 <tu_edpt_validate+0x34>
10005e46:	2001      	movs	r0, #1
10005e48:	bd10      	pop	{r4, pc}
10005e4a:	2280      	movs	r2, #128	@ 0x80
10005e4c:	00d2      	lsls	r2, r2, #3
10005e4e:	e7f8      	b.n	10005e42 <tu_edpt_validate+0x26>
10005e50:	4915      	ldr	r1, [pc, #84]	@ (10005ea8 <tu_edpt_validate+0x8c>)
10005e52:	4816      	ldr	r0, [pc, #88]	@ (10005eac <tu_edpt_validate+0x90>)
10005e54:	22d1      	movs	r2, #209	@ 0xd1
10005e56:	f7fd fe5f 	bl	10003b18 <__wrap_printf>
10005e5a:	2000      	movs	r0, #0
10005e5c:	e7f4      	b.n	10005e48 <tu_edpt_validate+0x2c>
10005e5e:	2902      	cmp	r1, #2
10005e60:	d007      	beq.n	10005e72 <tu_edpt_validate+0x56>
10005e62:	2b40      	cmp	r3, #64	@ 0x40
10005e64:	d9ef      	bls.n	10005e46 <tu_edpt_validate+0x2a>
10005e66:	4910      	ldr	r1, [pc, #64]	@ (10005ea8 <tu_edpt_validate+0x8c>)
10005e68:	4810      	ldr	r0, [pc, #64]	@ (10005eac <tu_edpt_validate+0x90>)
10005e6a:	22db      	movs	r2, #219	@ 0xdb
10005e6c:	f7fd fe54 	bl	10003b18 <__wrap_printf>
10005e70:	e7f3      	b.n	10005e5a <tu_edpt_validate+0x3e>
10005e72:	2280      	movs	r2, #128	@ 0x80
10005e74:	0092      	lsls	r2, r2, #2
10005e76:	4293      	cmp	r3, r2
10005e78:	d0e5      	beq.n	10005e46 <tu_edpt_validate+0x2a>
10005e7a:	490b      	ldr	r1, [pc, #44]	@ (10005ea8 <tu_edpt_validate+0x8c>)
10005e7c:	480b      	ldr	r0, [pc, #44]	@ (10005eac <tu_edpt_validate+0x90>)
10005e7e:	3a29      	subs	r2, #41	@ 0x29
10005e80:	3aff      	subs	r2, #255	@ 0xff
10005e82:	f7fd fe49 	bl	10003b18 <__wrap_printf>
10005e86:	e7e8      	b.n	10005e5a <tu_edpt_validate+0x3e>
10005e88:	2902      	cmp	r1, #2
10005e8a:	d008      	beq.n	10005e9e <tu_edpt_validate+0x82>
10005e8c:	2240      	movs	r2, #64	@ 0x40
10005e8e:	429a      	cmp	r2, r3
10005e90:	d2d9      	bcs.n	10005e46 <tu_edpt_validate+0x2a>
10005e92:	4905      	ldr	r1, [pc, #20]	@ (10005ea8 <tu_edpt_validate+0x8c>)
10005e94:	4805      	ldr	r0, [pc, #20]	@ (10005eac <tu_edpt_validate+0x90>)
10005e96:	22e1      	movs	r2, #225	@ 0xe1
10005e98:	f7fd fe3e 	bl	10003b18 <__wrap_printf>
10005e9c:	e7dd      	b.n	10005e5a <tu_edpt_validate+0x3e>
10005e9e:	2280      	movs	r2, #128	@ 0x80
10005ea0:	00d2      	lsls	r2, r2, #3
10005ea2:	e7f4      	b.n	10005e8e <tu_edpt_validate+0x72>
10005ea4:	000003ff 	.word	0x000003ff
10005ea8:	10008e90 	.word	0x10008e90
10005eac:	10008760 	.word	0x10008760

10005eb0 <tu_edpt_bind_driver>:
10005eb0:	b510      	push	{r4, lr}
10005eb2:	4684      	mov	ip, r0
10005eb4:	001c      	movs	r4, r3
10005eb6:	188b      	adds	r3, r1, r2
10005eb8:	e001      	b.n	10005ebe <tu_edpt_bind_driver+0xe>
10005eba:	780a      	ldrb	r2, [r1, #0]
10005ebc:	1889      	adds	r1, r1, r2
10005ebe:	4299      	cmp	r1, r3
10005ec0:	d20a      	bcs.n	10005ed8 <tu_edpt_bind_driver+0x28>
10005ec2:	784a      	ldrb	r2, [r1, #1]
10005ec4:	2a05      	cmp	r2, #5
10005ec6:	d1f8      	bne.n	10005eba <tu_edpt_bind_driver+0xa>
10005ec8:	7888      	ldrb	r0, [r1, #2]
10005eca:	327a      	adds	r2, #122	@ 0x7a
10005ecc:	4002      	ands	r2, r0
10005ece:	0052      	lsls	r2, r2, #1
10005ed0:	4462      	add	r2, ip
10005ed2:	09c0      	lsrs	r0, r0, #7
10005ed4:	5414      	strb	r4, [r2, r0]
10005ed6:	e7f0      	b.n	10005eba <tu_edpt_bind_driver+0xa>
10005ed8:	bd10      	pop	{r4, pc}

10005eda <advance_index>:
10005eda:	0003      	movs	r3, r0
10005edc:	188a      	adds	r2, r1, r2
10005ede:	b290      	uxth	r0, r2
10005ee0:	4281      	cmp	r1, r0
10005ee2:	d802      	bhi.n	10005eea <advance_index+0x10>
10005ee4:	005a      	lsls	r2, r3, #1
10005ee6:	4290      	cmp	r0, r2
10005ee8:	db03      	blt.n	10005ef2 <advance_index+0x18>
10005eea:	005b      	lsls	r3, r3, #1
10005eec:	b29b      	uxth	r3, r3
10005eee:	1ac0      	subs	r0, r0, r3
10005ef0:	b280      	uxth	r0, r0
10005ef2:	4770      	bx	lr

10005ef4 <_tu_fifo_peek>:
10005ef4:	b570      	push	{r4, r5, r6, lr}
10005ef6:	000e      	movs	r6, r1
10005ef8:	0014      	movs	r4, r2
10005efa:	8881      	ldrh	r1, [r0, #4]
10005efc:	429a      	cmp	r2, r3
10005efe:	d30b      	bcc.n	10005f18 <_tu_fifo_peek+0x24>
10005f00:	1ad2      	subs	r2, r2, r3
10005f02:	b292      	uxth	r2, r2
10005f04:	2a00      	cmp	r2, #0
10005f06:	d020      	beq.n	10005f4a <_tu_fifo_peek+0x56>
10005f08:	4291      	cmp	r1, r2
10005f0a:	d211      	bcs.n	10005f30 <_tu_fifo_peek+0x3c>
10005f0c:	42a1      	cmp	r1, r4
10005f0e:	d80a      	bhi.n	10005f26 <_tu_fifo_peek+0x32>
10005f10:	1a64      	subs	r4, r4, r1
10005f12:	b2a3      	uxth	r3, r4
10005f14:	8143      	strh	r3, [r0, #10]
10005f16:	e00b      	b.n	10005f30 <_tu_fifo_peek+0x3c>
10005f18:	1ad2      	subs	r2, r2, r3
10005f1a:	b292      	uxth	r2, r2
10005f1c:	004d      	lsls	r5, r1, #1
10005f1e:	46ac      	mov	ip, r5
10005f20:	4462      	add	r2, ip
10005f22:	b292      	uxth	r2, r2
10005f24:	e7ee      	b.n	10005f04 <_tu_fifo_peek+0x10>
10005f26:	190c      	adds	r4, r1, r4
10005f28:	b2a3      	uxth	r3, r4
10005f2a:	e7f3      	b.n	10005f14 <_tu_fifo_peek+0x20>
10005f2c:	1a5b      	subs	r3, r3, r1
10005f2e:	b29b      	uxth	r3, r3
10005f30:	4299      	cmp	r1, r3
10005f32:	d9fb      	bls.n	10005f2c <_tu_fifo_peek+0x38>
10005f34:	6801      	ldr	r1, [r0, #0]
10005f36:	88c2      	ldrh	r2, [r0, #6]
10005f38:	0452      	lsls	r2, r2, #17
10005f3a:	0c52      	lsrs	r2, r2, #17
10005f3c:	4353      	muls	r3, r2
10005f3e:	18c9      	adds	r1, r1, r3
10005f40:	0030      	movs	r0, r6
10005f42:	f7fc fb81 	bl	10002648 <__wrap___aeabi_memcpy>
10005f46:	2001      	movs	r0, #1
10005f48:	bd70      	pop	{r4, r5, r6, pc}
10005f4a:	2000      	movs	r0, #0
10005f4c:	e7fc      	b.n	10005f48 <_tu_fifo_peek+0x54>

10005f4e <_ff_pull_n>:
10005f4e:	b5f8      	push	{r3, r4, r5, r6, r7, lr}
10005f50:	46ce      	mov	lr, r9
10005f52:	4647      	mov	r7, r8
10005f54:	b580      	push	{r7, lr}
10005f56:	0004      	movs	r4, r0
10005f58:	000f      	movs	r7, r1
10005f5a:	0018      	movs	r0, r3
10005f5c:	ab08      	add	r3, sp, #32
10005f5e:	781b      	ldrb	r3, [r3, #0]
10005f60:	469c      	mov	ip, r3
10005f62:	88a3      	ldrh	r3, [r4, #4]
10005f64:	1a19      	subs	r1, r3, r0
10005f66:	b289      	uxth	r1, r1
10005f68:	1ac3      	subs	r3, r0, r3
10005f6a:	18d3      	adds	r3, r2, r3
10005f6c:	b29b      	uxth	r3, r3
10005f6e:	88e5      	ldrh	r5, [r4, #6]
10005f70:	046d      	lsls	r5, r5, #17
10005f72:	0c6d      	lsrs	r5, r5, #17
10005f74:	000e      	movs	r6, r1
10005f76:	436e      	muls	r6, r5
10005f78:	b2b6      	uxth	r6, r6
10005f7a:	46b0      	mov	r8, r6
10005f7c:	436b      	muls	r3, r5
10005f7e:	b29b      	uxth	r3, r3
10005f80:	4699      	mov	r9, r3
10005f82:	6823      	ldr	r3, [r4, #0]
10005f84:	4368      	muls	r0, r5
10005f86:	181b      	adds	r3, r3, r0
10005f88:	4666      	mov	r6, ip
10005f8a:	2e00      	cmp	r6, #0
10005f8c:	d106      	bne.n	10005f9c <_ff_pull_n+0x4e>
10005f8e:	4291      	cmp	r1, r2
10005f90:	d308      	bcc.n	10005fa4 <_ff_pull_n+0x56>
10005f92:	436a      	muls	r2, r5
10005f94:	0019      	movs	r1, r3
10005f96:	0038      	movs	r0, r7
10005f98:	f7fc fb56 	bl	10002648 <__wrap___aeabi_memcpy>
10005f9c:	bcc0      	pop	{r6, r7}
10005f9e:	46b9      	mov	r9, r7
10005fa0:	46b0      	mov	r8, r6
10005fa2:	bdf8      	pop	{r3, r4, r5, r6, r7, pc}
10005fa4:	4646      	mov	r6, r8
10005fa6:	0032      	movs	r2, r6
10005fa8:	0019      	movs	r1, r3
10005faa:	0038      	movs	r0, r7
10005fac:	f7fc fb4c 	bl	10002648 <__wrap___aeabi_memcpy>
10005fb0:	6821      	ldr	r1, [r4, #0]
10005fb2:	0038      	movs	r0, r7
10005fb4:	4440      	add	r0, r8
10005fb6:	464a      	mov	r2, r9
10005fb8:	f7fc fb46 	bl	10002648 <__wrap___aeabi_memcpy>
10005fbc:	e7ee      	b.n	10005f9c <_ff_pull_n+0x4e>

10005fbe <_tu_fifo_peek_n>:
10005fbe:	b5f0      	push	{r4, r5, r6, r7, lr}
10005fc0:	46c6      	mov	lr, r8
10005fc2:	b500      	push	{lr}
10005fc4:	b082      	sub	sp, #8
10005fc6:	000e      	movs	r6, r1
10005fc8:	0017      	movs	r7, r2
10005fca:	0019      	movs	r1, r3
10005fcc:	ab08      	add	r3, sp, #32
10005fce:	881b      	ldrh	r3, [r3, #0]
10005fd0:	aa09      	add	r2, sp, #36	@ 0x24
10005fd2:	7812      	ldrb	r2, [r2, #0]
10005fd4:	4694      	mov	ip, r2
10005fd6:	8882      	ldrh	r2, [r0, #4]
10005fd8:	4299      	cmp	r1, r3
10005fda:	d30f      	bcc.n	10005ffc <_tu_fifo_peek_n+0x3e>
10005fdc:	1acc      	subs	r4, r1, r3
10005fde:	b2a4      	uxth	r4, r4
10005fe0:	2c00      	cmp	r4, #0
10005fe2:	d01f      	beq.n	10006024 <_tu_fifo_peek_n+0x66>
10005fe4:	42a2      	cmp	r2, r4
10005fe6:	d205      	bcs.n	10005ff4 <_tu_fifo_peek_n+0x36>
10005fe8:	428a      	cmp	r2, r1
10005fea:	d80e      	bhi.n	1000600a <_tu_fifo_peek_n+0x4c>
10005fec:	1a8b      	subs	r3, r1, r2
10005fee:	b29b      	uxth	r3, r3
10005ff0:	8143      	strh	r3, [r0, #10]
10005ff2:	0014      	movs	r4, r2
10005ff4:	42bc      	cmp	r4, r7
10005ff6:	d30d      	bcc.n	10006014 <_tu_fifo_peek_n+0x56>
10005ff8:	003c      	movs	r4, r7
10005ffa:	e00b      	b.n	10006014 <_tu_fifo_peek_n+0x56>
10005ffc:	1acc      	subs	r4, r1, r3
10005ffe:	b2a4      	uxth	r4, r4
10006000:	0055      	lsls	r5, r2, #1
10006002:	46a8      	mov	r8, r5
10006004:	4444      	add	r4, r8
10006006:	b2a4      	uxth	r4, r4
10006008:	e7ea      	b.n	10005fe0 <_tu_fifo_peek_n+0x22>
1000600a:	1851      	adds	r1, r2, r1
1000600c:	b28b      	uxth	r3, r1
1000600e:	e7ef      	b.n	10005ff0 <_tu_fifo_peek_n+0x32>
10006010:	1a9b      	subs	r3, r3, r2
10006012:	b29b      	uxth	r3, r3
10006014:	429a      	cmp	r2, r3
10006016:	d9fb      	bls.n	10006010 <_tu_fifo_peek_n+0x52>
10006018:	4662      	mov	r2, ip
1000601a:	9200      	str	r2, [sp, #0]
1000601c:	0022      	movs	r2, r4
1000601e:	0031      	movs	r1, r6
10006020:	f7ff ff95 	bl	10005f4e <_ff_pull_n>
10006024:	0020      	movs	r0, r4
10006026:	b002      	add	sp, #8
10006028:	bc80      	pop	{r7}
1000602a:	46b8      	mov	r8, r7
1000602c:	bdf0      	pop	{r4, r5, r6, r7, pc}

1000602e <_tu_fifo_read_n>:
1000602e:	b5f0      	push	{r4, r5, r6, r7, lr}
10006030:	b083      	sub	sp, #12
10006032:	0004      	movs	r4, r0
10006034:	000d      	movs	r5, r1
10006036:	0016      	movs	r6, r2
10006038:	001f      	movs	r7, r3
1000603a:	6900      	ldr	r0, [r0, #16]
1000603c:	2800      	cmp	r0, #0
1000603e:	d003      	beq.n	10006048 <_tu_fifo_read_n+0x1a>
10006040:	2101      	movs	r1, #1
10006042:	4249      	negs	r1, r1
10006044:	f001 fb64 	bl	10007710 <__mutex_enter_timeout_ms_veneer>
10006048:	8923      	ldrh	r3, [r4, #8]
1000604a:	8962      	ldrh	r2, [r4, #10]
1000604c:	9701      	str	r7, [sp, #4]
1000604e:	9200      	str	r2, [sp, #0]
10006050:	0032      	movs	r2, r6
10006052:	0029      	movs	r1, r5
10006054:	0020      	movs	r0, r4
10006056:	f7ff ffb2 	bl	10005fbe <_tu_fifo_peek_n>
1000605a:	0002      	movs	r2, r0
1000605c:	0005      	movs	r5, r0
1000605e:	8961      	ldrh	r1, [r4, #10]
10006060:	88a0      	ldrh	r0, [r4, #4]
10006062:	f7ff ff3a 	bl	10005eda <advance_index>
10006066:	8160      	strh	r0, [r4, #10]
10006068:	6920      	ldr	r0, [r4, #16]
1000606a:	2800      	cmp	r0, #0
1000606c:	d001      	beq.n	10006072 <_tu_fifo_read_n+0x44>
1000606e:	f001 fb8f 	bl	10007790 <__mutex_exit_veneer>
10006072:	0028      	movs	r0, r5
10006074:	b003      	add	sp, #12
10006076:	bdf0      	pop	{r4, r5, r6, r7, pc}

10006078 <_ff_push_n>:
10006078:	b5f8      	push	{r3, r4, r5, r6, r7, lr}
1000607a:	46ce      	mov	lr, r9
1000607c:	4647      	mov	r7, r8
1000607e:	b580      	push	{r7, lr}
10006080:	0004      	movs	r4, r0
10006082:	000f      	movs	r7, r1
10006084:	0019      	movs	r1, r3
10006086:	ab08      	add	r3, sp, #32
10006088:	781b      	ldrb	r3, [r3, #0]
1000608a:	469c      	mov	ip, r3
1000608c:	8883      	ldrh	r3, [r0, #4]
1000608e:	1a58      	subs	r0, r3, r1
10006090:	b280      	uxth	r0, r0
10006092:	1acb      	subs	r3, r1, r3
10006094:	18d3      	adds	r3, r2, r3
10006096:	b29b      	uxth	r3, r3
10006098:	88e5      	ldrh	r5, [r4, #6]
1000609a:	046d      	lsls	r5, r5, #17
1000609c:	0c6d      	lsrs	r5, r5, #17
1000609e:	0006      	movs	r6, r0
100060a0:	436e      	muls	r6, r5
100060a2:	b2b6      	uxth	r6, r6
100060a4:	46b0      	mov	r8, r6
100060a6:	436b      	muls	r3, r5
100060a8:	b29b      	uxth	r3, r3
100060aa:	4699      	mov	r9, r3
100060ac:	6823      	ldr	r3, [r4, #0]
100060ae:	4369      	muls	r1, r5
100060b0:	185b      	adds	r3, r3, r1
100060b2:	4666      	mov	r6, ip
100060b4:	2e00      	cmp	r6, #0
100060b6:	d106      	bne.n	100060c6 <_ff_push_n+0x4e>
100060b8:	4290      	cmp	r0, r2
100060ba:	d308      	bcc.n	100060ce <_ff_push_n+0x56>
100060bc:	436a      	muls	r2, r5
100060be:	0039      	movs	r1, r7
100060c0:	0018      	movs	r0, r3
100060c2:	f7fc fac1 	bl	10002648 <__wrap___aeabi_memcpy>
100060c6:	bcc0      	pop	{r6, r7}
100060c8:	46b9      	mov	r9, r7
100060ca:	46b0      	mov	r8, r6
100060cc:	bdf8      	pop	{r3, r4, r5, r6, r7, pc}
100060ce:	4646      	mov	r6, r8
100060d0:	0032      	movs	r2, r6
100060d2:	0039      	movs	r1, r7
100060d4:	0018      	movs	r0, r3
100060d6:	f7fc fab7 	bl	10002648 <__wrap___aeabi_memcpy>
100060da:	6820      	ldr	r0, [r4, #0]
100060dc:	0039      	movs	r1, r7
100060de:	4441      	add	r1, r8
100060e0:	464a      	mov	r2, r9
100060e2:	f7fc fab1 	bl	10002648 <__wrap___aeabi_memcpy>
100060e6:	e7ee      	b.n	100060c6 <_ff_push_n+0x4e>

100060e8 <_tu_fifo_write_n>:
100060e8:	b5f0      	push	{r4, r5, r6, r7, lr}
100060ea:	b085      	sub	sp, #20
100060ec:	0004      	movs	r4, r0
100060ee:	9103      	str	r1, [sp, #12]
100060f0:	1e15      	subs	r5, r2, #0
100060f2:	9302      	str	r3, [sp, #8]
100060f4:	d100      	bne.n	100060f8 <_tu_fifo_write_n+0x10>
100060f6:	e06b      	b.n	100061d0 <_tu_fifo_write_n+0xe8>
100060f8:	68c0      	ldr	r0, [r0, #12]
100060fa:	2800      	cmp	r0, #0
100060fc:	d003      	beq.n	10006106 <_tu_fifo_write_n+0x1e>
100060fe:	2101      	movs	r1, #1
10006100:	4249      	negs	r1, r1
10006102:	f001 fb05 	bl	10007710 <__mutex_enter_timeout_ms_veneer>
10006106:	8927      	ldrh	r7, [r4, #8]
10006108:	8961      	ldrh	r1, [r4, #10]
1000610a:	79e3      	ldrb	r3, [r4, #7]
1000610c:	09db      	lsrs	r3, r3, #7
1000610e:	d118      	bne.n	10006142 <_tu_fifo_write_n+0x5a>
10006110:	88a3      	ldrh	r3, [r4, #4]
10006112:	428f      	cmp	r7, r1
10006114:	d30f      	bcc.n	10006136 <_tu_fifo_write_n+0x4e>
10006116:	1a79      	subs	r1, r7, r1
10006118:	b289      	uxth	r1, r1
1000611a:	428b      	cmp	r3, r1
1000611c:	d956      	bls.n	100061cc <_tu_fifo_write_n+0xe4>
1000611e:	1a5b      	subs	r3, r3, r1
10006120:	b29b      	uxth	r3, r3
10006122:	1c2e      	adds	r6, r5, #0
10006124:	429d      	cmp	r5, r3
10006126:	d900      	bls.n	1000612a <_tu_fifo_write_n+0x42>
10006128:	1c1e      	adds	r6, r3, #0
1000612a:	b2b6      	uxth	r6, r6
1000612c:	2e00      	cmp	r6, #0
1000612e:	d045      	beq.n	100061bc <_tu_fifo_write_n+0xd4>
10006130:	88a2      	ldrh	r2, [r4, #4]
10006132:	003b      	movs	r3, r7
10006134:	e033      	b.n	1000619e <_tu_fifo_write_n+0xb6>
10006136:	1a79      	subs	r1, r7, r1
10006138:	b289      	uxth	r1, r1
1000613a:	005a      	lsls	r2, r3, #1
1000613c:	1889      	adds	r1, r1, r2
1000613e:	b289      	uxth	r1, r1
10006140:	e7eb      	b.n	1000611a <_tu_fifo_write_n+0x32>
10006142:	88a6      	ldrh	r6, [r4, #4]
10006144:	42ae      	cmp	r6, r5
10006146:	d80e      	bhi.n	10006166 <_tu_fifo_write_n+0x7e>
10006148:	9b02      	ldr	r3, [sp, #8]
1000614a:	2b00      	cmp	r3, #0
1000614c:	d121      	bne.n	10006192 <_tu_fifo_write_n+0xaa>
1000614e:	1bab      	subs	r3, r5, r6
10006150:	88e5      	ldrh	r5, [r4, #6]
10006152:	046d      	lsls	r5, r5, #17
10006154:	0c6d      	lsrs	r5, r5, #17
10006156:	435d      	muls	r5, r3
10006158:	9b03      	ldr	r3, [sp, #12]
1000615a:	469c      	mov	ip, r3
1000615c:	44ac      	add	ip, r5
1000615e:	4663      	mov	r3, ip
10006160:	9303      	str	r3, [sp, #12]
10006162:	000f      	movs	r7, r1
10006164:	e7e2      	b.n	1000612c <_tu_fifo_write_n+0x44>
10006166:	428f      	cmp	r7, r1
10006168:	d30d      	bcc.n	10006186 <_tu_fifo_write_n+0x9e>
1000616a:	1a7b      	subs	r3, r7, r1
1000616c:	b29b      	uxth	r3, r3
1000616e:	195b      	adds	r3, r3, r5
10006170:	0072      	lsls	r2, r6, #1
10006172:	4293      	cmp	r3, r2
10006174:	db0f      	blt.n	10006196 <_tu_fifo_write_n+0xae>
10006176:	1b72      	subs	r2, r6, r5
10006178:	b292      	uxth	r2, r2
1000617a:	0030      	movs	r0, r6
1000617c:	f7ff fead 	bl	10005eda <advance_index>
10006180:	0007      	movs	r7, r0
10006182:	002e      	movs	r6, r5
10006184:	e7d2      	b.n	1000612c <_tu_fifo_write_n+0x44>
10006186:	1a7b      	subs	r3, r7, r1
10006188:	b29b      	uxth	r3, r3
1000618a:	0072      	lsls	r2, r6, #1
1000618c:	189b      	adds	r3, r3, r2
1000618e:	b29b      	uxth	r3, r3
10006190:	e7ed      	b.n	1000616e <_tu_fifo_write_n+0x86>
10006192:	000f      	movs	r7, r1
10006194:	e7ca      	b.n	1000612c <_tu_fifo_write_n+0x44>
10006196:	002e      	movs	r6, r5
10006198:	e7c8      	b.n	1000612c <_tu_fifo_write_n+0x44>
1000619a:	1a9b      	subs	r3, r3, r2
1000619c:	b29b      	uxth	r3, r3
1000619e:	429a      	cmp	r2, r3
100061a0:	d9fb      	bls.n	1000619a <_tu_fifo_write_n+0xb2>
100061a2:	9a02      	ldr	r2, [sp, #8]
100061a4:	9200      	str	r2, [sp, #0]
100061a6:	0032      	movs	r2, r6
100061a8:	9903      	ldr	r1, [sp, #12]
100061aa:	0020      	movs	r0, r4
100061ac:	f7ff ff64 	bl	10006078 <_ff_push_n>
100061b0:	88a0      	ldrh	r0, [r4, #4]
100061b2:	0032      	movs	r2, r6
100061b4:	0039      	movs	r1, r7
100061b6:	f7ff fe90 	bl	10005eda <advance_index>
100061ba:	8120      	strh	r0, [r4, #8]
100061bc:	68e0      	ldr	r0, [r4, #12]
100061be:	2800      	cmp	r0, #0
100061c0:	d001      	beq.n	100061c6 <_tu_fifo_write_n+0xde>
100061c2:	f001 fae5 	bl	10007790 <__mutex_exit_veneer>
100061c6:	0030      	movs	r0, r6
100061c8:	b005      	add	sp, #20
100061ca:	bdf0      	pop	{r4, r5, r6, r7, pc}
100061cc:	2600      	movs	r6, #0
100061ce:	e7f5      	b.n	100061bc <_tu_fifo_write_n+0xd4>
100061d0:	0016      	movs	r6, r2
100061d2:	e7f8      	b.n	100061c6 <_tu_fifo_write_n+0xde>

100061d4 <tu_fifo_config>:
100061d4:	b5f0      	push	{r4, r5, r6, r7, lr}
100061d6:	46c6      	mov	lr, r8
100061d8:	b500      	push	{lr}
100061da:	0004      	movs	r4, r0
100061dc:	000d      	movs	r5, r1
100061de:	0016      	movs	r6, r2
100061e0:	001f      	movs	r7, r3
100061e2:	ab06      	add	r3, sp, #24
100061e4:	781b      	ldrb	r3, [r3, #0]
100061e6:	4698      	mov	r8, r3
100061e8:	2380      	movs	r3, #128	@ 0x80
100061ea:	021b      	lsls	r3, r3, #8
100061ec:	429a      	cmp	r2, r3
100061ee:	d82e      	bhi.n	1000624e <tu_fifo_config+0x7a>
100061f0:	68c0      	ldr	r0, [r0, #12]
100061f2:	2800      	cmp	r0, #0
100061f4:	d003      	beq.n	100061fe <tu_fifo_config+0x2a>
100061f6:	2101      	movs	r1, #1
100061f8:	4249      	negs	r1, r1
100061fa:	f001 fa89 	bl	10007710 <__mutex_enter_timeout_ms_veneer>
100061fe:	6920      	ldr	r0, [r4, #16]
10006200:	2800      	cmp	r0, #0
10006202:	d003      	beq.n	1000620c <tu_fifo_config+0x38>
10006204:	2101      	movs	r1, #1
10006206:	4249      	negs	r1, r1
10006208:	f001 fa82 	bl	10007710 <__mutex_enter_timeout_ms_veneer>
1000620c:	6025      	str	r5, [r4, #0]
1000620e:	80a6      	strh	r6, [r4, #4]
10006210:	047a      	lsls	r2, r7, #17
10006212:	0c52      	lsrs	r2, r2, #17
10006214:	88e3      	ldrh	r3, [r4, #6]
10006216:	0bdb      	lsrs	r3, r3, #15
10006218:	03db      	lsls	r3, r3, #15
1000621a:	4313      	orrs	r3, r2
1000621c:	80e3      	strh	r3, [r4, #6]
1000621e:	4643      	mov	r3, r8
10006220:	01da      	lsls	r2, r3, #7
10006222:	79e1      	ldrb	r1, [r4, #7]
10006224:	237f      	movs	r3, #127	@ 0x7f
10006226:	400b      	ands	r3, r1
10006228:	4313      	orrs	r3, r2
1000622a:	71e3      	strb	r3, [r4, #7]
1000622c:	2300      	movs	r3, #0
1000622e:	8163      	strh	r3, [r4, #10]
10006230:	8123      	strh	r3, [r4, #8]
10006232:	68e0      	ldr	r0, [r4, #12]
10006234:	2800      	cmp	r0, #0
10006236:	d001      	beq.n	1000623c <tu_fifo_config+0x68>
10006238:	f001 faaa 	bl	10007790 <__mutex_exit_veneer>
1000623c:	6920      	ldr	r0, [r4, #16]
1000623e:	2800      	cmp	r0, #0
10006240:	d001      	beq.n	10006246 <tu_fifo_config+0x72>
10006242:	f001 faa5 	bl	10007790 <__mutex_exit_veneer>
10006246:	2001      	movs	r0, #1
10006248:	bc80      	pop	{r7}
1000624a:	46b8      	mov	r8, r7
1000624c:	bdf0      	pop	{r4, r5, r6, r7, pc}
1000624e:	2000      	movs	r0, #0
10006250:	e7fa      	b.n	10006248 <tu_fifo_config+0x74>

10006252 <tu_fifo_count>:
10006252:	8882      	ldrh	r2, [r0, #4]
10006254:	8903      	ldrh	r3, [r0, #8]
10006256:	8941      	ldrh	r1, [r0, #10]
10006258:	428b      	cmp	r3, r1
1000625a:	d307      	bcc.n	1000626c <tu_fifo_count+0x1a>
1000625c:	1a5b      	subs	r3, r3, r1
1000625e:	b29b      	uxth	r3, r3
10006260:	1c10      	adds	r0, r2, #0
10006262:	429a      	cmp	r2, r3
10006264:	d900      	bls.n	10006268 <tu_fifo_count+0x16>
10006266:	1c18      	adds	r0, r3, #0
10006268:	b280      	uxth	r0, r0
1000626a:	4770      	bx	lr
1000626c:	1a5b      	subs	r3, r3, r1
1000626e:	b29b      	uxth	r3, r3
10006270:	0051      	lsls	r1, r2, #1
10006272:	185b      	adds	r3, r3, r1
10006274:	b29b      	uxth	r3, r3
10006276:	e7f3      	b.n	10006260 <tu_fifo_count+0xe>

10006278 <tu_fifo_empty>:
10006278:	8903      	ldrh	r3, [r0, #8]
1000627a:	8940      	ldrh	r0, [r0, #10]
1000627c:	1a18      	subs	r0, r3, r0
1000627e:	4243      	negs	r3, r0
10006280:	4158      	adcs	r0, r3
10006282:	b2c0      	uxtb	r0, r0
10006284:	4770      	bx	lr

10006286 <tu_fifo_full>:
10006286:	8881      	ldrh	r1, [r0, #4]
10006288:	8903      	ldrh	r3, [r0, #8]
1000628a:	8942      	ldrh	r2, [r0, #10]
1000628c:	4293      	cmp	r3, r2
1000628e:	d306      	bcc.n	1000629e <tu_fifo_full+0x18>
10006290:	1a9b      	subs	r3, r3, r2
10006292:	b29b      	uxth	r3, r3
10006294:	2000      	movs	r0, #0
10006296:	428b      	cmp	r3, r1
10006298:	4140      	adcs	r0, r0
1000629a:	b2c0      	uxtb	r0, r0
1000629c:	4770      	bx	lr
1000629e:	1a9b      	subs	r3, r3, r2
100062a0:	b29b      	uxth	r3, r3
100062a2:	004a      	lsls	r2, r1, #1
100062a4:	189b      	adds	r3, r3, r2
100062a6:	b29b      	uxth	r3, r3
100062a8:	e7f4      	b.n	10006294 <tu_fifo_full+0xe>

100062aa <tu_fifo_remaining>:
100062aa:	8882      	ldrh	r2, [r0, #4]
100062ac:	8903      	ldrh	r3, [r0, #8]
100062ae:	8941      	ldrh	r1, [r0, #10]
100062b0:	428b      	cmp	r3, r1
100062b2:	d306      	bcc.n	100062c2 <tu_fifo_remaining+0x18>
100062b4:	1a5b      	subs	r3, r3, r1
100062b6:	b29b      	uxth	r3, r3
100062b8:	429a      	cmp	r2, r3
100062ba:	d908      	bls.n	100062ce <tu_fifo_remaining+0x24>
100062bc:	1ad0      	subs	r0, r2, r3
100062be:	b280      	uxth	r0, r0
100062c0:	4770      	bx	lr
100062c2:	1a5b      	subs	r3, r3, r1
100062c4:	b29b      	uxth	r3, r3
100062c6:	0051      	lsls	r1, r2, #1
100062c8:	185b      	adds	r3, r3, r1
100062ca:	b29b      	uxth	r3, r3
100062cc:	e7f4      	b.n	100062b8 <tu_fifo_remaining+0xe>
100062ce:	2000      	movs	r0, #0
100062d0:	e7f6      	b.n	100062c0 <tu_fifo_remaining+0x16>

100062d2 <tu_fifo_read>:
100062d2:	b570      	push	{r4, r5, r6, lr}
100062d4:	0004      	movs	r4, r0
100062d6:	000d      	movs	r5, r1
100062d8:	6900      	ldr	r0, [r0, #16]
100062da:	2800      	cmp	r0, #0
100062dc:	d003      	beq.n	100062e6 <tu_fifo_read+0x14>
100062de:	2101      	movs	r1, #1
100062e0:	4249      	negs	r1, r1
100062e2:	f001 fa15 	bl	10007710 <__mutex_enter_timeout_ms_veneer>
100062e6:	8922      	ldrh	r2, [r4, #8]
100062e8:	8963      	ldrh	r3, [r4, #10]
100062ea:	0029      	movs	r1, r5
100062ec:	0020      	movs	r0, r4
100062ee:	f7ff fe01 	bl	10005ef4 <_tu_fifo_peek>
100062f2:	0002      	movs	r2, r0
100062f4:	0005      	movs	r5, r0
100062f6:	8961      	ldrh	r1, [r4, #10]
100062f8:	88a0      	ldrh	r0, [r4, #4]
100062fa:	f7ff fdee 	bl	10005eda <advance_index>
100062fe:	8160      	strh	r0, [r4, #10]
10006300:	6920      	ldr	r0, [r4, #16]
10006302:	2800      	cmp	r0, #0
10006304:	d001      	beq.n	1000630a <tu_fifo_read+0x38>
10006306:	f001 fa43 	bl	10007790 <__mutex_exit_veneer>
1000630a:	0028      	movs	r0, r5
1000630c:	bd70      	pop	{r4, r5, r6, pc}

1000630e <tu_fifo_read_n>:
1000630e:	b510      	push	{r4, lr}
10006310:	2300      	movs	r3, #0
10006312:	f7ff fe8c 	bl	1000602e <_tu_fifo_read_n>
10006316:	bd10      	pop	{r4, pc}

10006318 <tu_fifo_write>:
10006318:	b5f8      	push	{r3, r4, r5, r6, r7, lr}
1000631a:	0004      	movs	r4, r0
1000631c:	000f      	movs	r7, r1
1000631e:	68c0      	ldr	r0, [r0, #12]
10006320:	2800      	cmp	r0, #0
10006322:	d003      	beq.n	1000632c <tu_fifo_write+0x14>
10006324:	2101      	movs	r1, #1
10006326:	4249      	negs	r1, r1
10006328:	f001 f9f2 	bl	10007710 <__mutex_enter_timeout_ms_veneer>
1000632c:	8923      	ldrh	r3, [r4, #8]
1000632e:	001e      	movs	r6, r3
10006330:	0020      	movs	r0, r4
10006332:	f7ff ffa8 	bl	10006286 <tu_fifo_full>
10006336:	2800      	cmp	r0, #0
10006338:	d002      	beq.n	10006340 <tu_fifo_write+0x28>
1000633a:	79e5      	ldrb	r5, [r4, #7]
1000633c:	09ed      	lsrs	r5, r5, #7
1000633e:	d016      	beq.n	1000636e <tu_fifo_write+0x56>
10006340:	88a2      	ldrh	r2, [r4, #4]
10006342:	0033      	movs	r3, r6
10006344:	e001      	b.n	1000634a <tu_fifo_write+0x32>
10006346:	1a9b      	subs	r3, r3, r2
10006348:	b29b      	uxth	r3, r3
1000634a:	429a      	cmp	r2, r3
1000634c:	d9fb      	bls.n	10006346 <tu_fifo_write+0x2e>
1000634e:	6820      	ldr	r0, [r4, #0]
10006350:	88e2      	ldrh	r2, [r4, #6]
10006352:	0452      	lsls	r2, r2, #17
10006354:	0c52      	lsrs	r2, r2, #17
10006356:	4353      	muls	r3, r2
10006358:	18c0      	adds	r0, r0, r3
1000635a:	0039      	movs	r1, r7
1000635c:	f7fc f974 	bl	10002648 <__wrap___aeabi_memcpy>
10006360:	88a0      	ldrh	r0, [r4, #4]
10006362:	2201      	movs	r2, #1
10006364:	0031      	movs	r1, r6
10006366:	f7ff fdb8 	bl	10005eda <advance_index>
1000636a:	8120      	strh	r0, [r4, #8]
1000636c:	2501      	movs	r5, #1
1000636e:	68e0      	ldr	r0, [r4, #12]
10006370:	2800      	cmp	r0, #0
10006372:	d001      	beq.n	10006378 <tu_fifo_write+0x60>
10006374:	f001 fa0c 	bl	10007790 <__mutex_exit_veneer>
10006378:	0028      	movs	r0, r5
1000637a:	bdf8      	pop	{r3, r4, r5, r6, r7, pc}

1000637c <tu_fifo_write_n>:
1000637c:	b510      	push	{r4, lr}
1000637e:	2300      	movs	r3, #0
10006380:	f7ff feb2 	bl	100060e8 <_tu_fifo_write_n>
10006384:	bd10      	pop	{r4, pc}

10006386 <tu_fifo_clear>:
10006386:	b510      	push	{r4, lr}
10006388:	0004      	movs	r4, r0
1000638a:	68c0      	ldr	r0, [r0, #12]
1000638c:	2800      	cmp	r0, #0
1000638e:	d003      	beq.n	10006398 <tu_fifo_clear+0x12>
10006390:	2101      	movs	r1, #1
10006392:	4249      	negs	r1, r1
10006394:	f001 f9bc 	bl	10007710 <__mutex_enter_timeout_ms_veneer>
10006398:	6920      	ldr	r0, [r4, #16]
1000639a:	2800      	cmp	r0, #0
1000639c:	d003      	beq.n	100063a6 <tu_fifo_clear+0x20>
1000639e:	2101      	movs	r1, #1
100063a0:	4249      	negs	r1, r1
100063a2:	f001 f9b5 	bl	10007710 <__mutex_enter_timeout_ms_veneer>
100063a6:	2300      	movs	r3, #0
100063a8:	8163      	strh	r3, [r4, #10]
100063aa:	8123      	strh	r3, [r4, #8]
100063ac:	68e0      	ldr	r0, [r4, #12]
100063ae:	2800      	cmp	r0, #0
100063b0:	d001      	beq.n	100063b6 <tu_fifo_clear+0x30>
100063b2:	f001 f9ed 	bl	10007790 <__mutex_exit_veneer>
100063b6:	6920      	ldr	r0, [r4, #16]
100063b8:	2800      	cmp	r0, #0
100063ba:	d001      	beq.n	100063c0 <tu_fifo_clear+0x3a>
100063bc:	f001 f9e8 	bl	10007790 <__mutex_exit_veneer>
100063c0:	2001      	movs	r0, #1
100063c2:	bd10      	pop	{r4, pc}

100063c4 <tu_fifo_set_overwritable>:
100063c4:	b570      	push	{r4, r5, r6, lr}
100063c6:	0004      	movs	r4, r0
100063c8:	000d      	movs	r5, r1
100063ca:	68c0      	ldr	r0, [r0, #12]
100063cc:	2800      	cmp	r0, #0
100063ce:	d003      	beq.n	100063d8 <tu_fifo_set_overwritable+0x14>
100063d0:	2101      	movs	r1, #1
100063d2:	4249      	negs	r1, r1
100063d4:	f001 f99c 	bl	10007710 <__mutex_enter_timeout_ms_veneer>
100063d8:	6920      	ldr	r0, [r4, #16]
100063da:	2800      	cmp	r0, #0
100063dc:	d003      	beq.n	100063e6 <tu_fifo_set_overwritable+0x22>
100063de:	2101      	movs	r1, #1
100063e0:	4249      	negs	r1, r1
100063e2:	f001 f995 	bl	10007710 <__mutex_enter_timeout_ms_veneer>
100063e6:	01eb      	lsls	r3, r5, #7
100063e8:	79e2      	ldrb	r2, [r4, #7]
100063ea:	217f      	movs	r1, #127	@ 0x7f
100063ec:	4011      	ands	r1, r2
100063ee:	4319      	orrs	r1, r3
100063f0:	71e1      	strb	r1, [r4, #7]
100063f2:	68e0      	ldr	r0, [r4, #12]
100063f4:	2800      	cmp	r0, #0
100063f6:	d001      	beq.n	100063fc <tu_fifo_set_overwritable+0x38>
100063f8:	f001 f9ca 	bl	10007790 <__mutex_exit_veneer>
100063fc:	6920      	ldr	r0, [r4, #16]
100063fe:	2800      	cmp	r0, #0
10006400:	d001      	beq.n	10006406 <tu_fifo_set_overwritable+0x42>
10006402:	f001 f9c5 	bl	10007790 <__mutex_exit_veneer>
10006406:	2001      	movs	r0, #1
10006408:	bd70      	pop	{r4, r5, r6, pc}
	...

1000640c <spi_unreset>:
1000640c:	4b07      	ldr	r3, [pc, #28]	@ (1000642c <spi_unreset+0x20>)
1000640e:	4298      	cmp	r0, r3
10006410:	d00a      	beq.n	10006428 <spi_unreset+0x1c>
10006412:	2310      	movs	r3, #16
10006414:	2201      	movs	r2, #1
10006416:	409a      	lsls	r2, r3
10006418:	4b05      	ldr	r3, [pc, #20]	@ (10006430 <spi_unreset+0x24>)
1000641a:	601a      	str	r2, [r3, #0]
1000641c:	4b05      	ldr	r3, [pc, #20]	@ (10006434 <spi_unreset+0x28>)
1000641e:	681b      	ldr	r3, [r3, #0]
10006420:	0011      	movs	r1, r2
10006422:	4399      	bics	r1, r3
10006424:	d1fa      	bne.n	1000641c <spi_unreset+0x10>
10006426:	4770      	bx	lr
10006428:	2311      	movs	r3, #17
1000642a:	e7f3      	b.n	10006414 <spi_unreset+0x8>
1000642c:	40040000 	.word	0x40040000
10006430:	4000f000 	.word	0x4000f000
10006434:	4000c008 	.word	0x4000c008

10006438 <spi_set_baudrate>:
10006438:	b5f8      	push	{r3, r4, r5, r6, r7, lr}
1000643a:	46de      	mov	lr, fp
1000643c:	4657      	mov	r7, sl
1000643e:	464e      	mov	r6, r9
10006440:	4645      	mov	r5, r8
10006442:	b5e0      	push	{r5, r6, r7, lr}
10006444:	4681      	mov	r9, r0
10006446:	000e      	movs	r6, r1
10006448:	2006      	movs	r0, #6
1000644a:	f7fb fabd 	bl	100019c8 <clock_get_hz>
1000644e:	4680      	mov	r8, r0
10006450:	464b      	mov	r3, r9
10006452:	685a      	ldr	r2, [r3, #4]
10006454:	2302      	movs	r3, #2
10006456:	401a      	ands	r2, r3
10006458:	4692      	mov	sl, r2
1000645a:	464a      	mov	r2, r9
1000645c:	3204      	adds	r2, #4
1000645e:	4693      	mov	fp, r2
10006460:	4a22      	ldr	r2, [pc, #136]	@ (100064ec <spi_set_baudrate+0xb4>)
10006462:	444a      	add	r2, r9
10006464:	6013      	str	r3, [r2, #0]
10006466:	2402      	movs	r4, #2
10006468:	e000      	b.n	1000646c <spi_set_baudrate+0x34>
1000646a:	3402      	adds	r4, #2
1000646c:	2cfe      	cmp	r4, #254	@ 0xfe
1000646e:	d81a      	bhi.n	100064a6 <spi_set_baudrate+0x6e>
10006470:	2500      	movs	r5, #0
10006472:	0220      	lsls	r0, r4, #8
10006474:	0032      	movs	r2, r6
10006476:	2300      	movs	r3, #0
10006478:	2100      	movs	r1, #0
1000647a:	f7fc f8bd 	bl	100025f8 <__wrap___aeabi_lmul>
1000647e:	2900      	cmp	r1, #0
10006480:	d103      	bne.n	1000648a <spi_set_baudrate+0x52>
10006482:	42a9      	cmp	r1, r5
10006484:	d1f1      	bne.n	1000646a <spi_set_baudrate+0x32>
10006486:	4540      	cmp	r0, r8
10006488:	d9ef      	bls.n	1000646a <spi_set_baudrate+0x32>
1000648a:	2780      	movs	r7, #128	@ 0x80
1000648c:	007f      	lsls	r7, r7, #1
1000648e:	2f01      	cmp	r7, #1
10006490:	d90c      	bls.n	100064ac <spi_set_baudrate+0x74>
10006492:	1e7d      	subs	r5, r7, #1
10006494:	0021      	movs	r1, r4
10006496:	4369      	muls	r1, r5
10006498:	4640      	mov	r0, r8
1000649a:	f7fb fd17 	bl	10001ecc <__wrap___aeabi_uidiv>
1000649e:	42b0      	cmp	r0, r6
100064a0:	d804      	bhi.n	100064ac <spi_set_baudrate+0x74>
100064a2:	002f      	movs	r7, r5
100064a4:	e7f3      	b.n	1000648e <spi_set_baudrate+0x56>
100064a6:	2780      	movs	r7, #128	@ 0x80
100064a8:	007f      	lsls	r7, r7, #1
100064aa:	e7f0      	b.n	1000648e <spi_set_baudrate+0x56>
100064ac:	464b      	mov	r3, r9
100064ae:	611c      	str	r4, [r3, #16]
100064b0:	1e7a      	subs	r2, r7, #1
100064b2:	0212      	lsls	r2, r2, #8
100064b4:	681b      	ldr	r3, [r3, #0]
100064b6:	405a      	eors	r2, r3
100064b8:	23ff      	movs	r3, #255	@ 0xff
100064ba:	021b      	lsls	r3, r3, #8
100064bc:	401a      	ands	r2, r3
100064be:	2380      	movs	r3, #128	@ 0x80
100064c0:	015b      	lsls	r3, r3, #5
100064c2:	444b      	add	r3, r9
100064c4:	601a      	str	r2, [r3, #0]
100064c6:	465b      	mov	r3, fp
100064c8:	2280      	movs	r2, #128	@ 0x80
100064ca:	0192      	lsls	r2, r2, #6
100064cc:	4694      	mov	ip, r2
100064ce:	4463      	add	r3, ip
100064d0:	4652      	mov	r2, sl
100064d2:	601a      	str	r2, [r3, #0]
100064d4:	0039      	movs	r1, r7
100064d6:	4361      	muls	r1, r4
100064d8:	4640      	mov	r0, r8
100064da:	f7fb fcf7 	bl	10001ecc <__wrap___aeabi_uidiv>
100064de:	bcf0      	pop	{r4, r5, r6, r7}
100064e0:	46bb      	mov	fp, r7
100064e2:	46b2      	mov	sl, r6
100064e4:	46a9      	mov	r9, r5
100064e6:	46a0      	mov	r8, r4
100064e8:	bdf8      	pop	{r3, r4, r5, r6, r7, pc}
100064ea:	46c0      	nop			@ (mov r8, r8)
100064ec:	00003004 	.word	0x00003004

100064f0 <spi_init>:
100064f0:	b570      	push	{r4, r5, r6, lr}
100064f2:	0004      	movs	r4, r0
100064f4:	000d      	movs	r5, r1
100064f6:	4b16      	ldr	r3, [pc, #88]	@ (10006550 <spi_init+0x60>)
100064f8:	4298      	cmp	r0, r3
100064fa:	d026      	beq.n	1000654a <spi_init+0x5a>
100064fc:	2210      	movs	r2, #16
100064fe:	2301      	movs	r3, #1
10006500:	4093      	lsls	r3, r2
10006502:	4a14      	ldr	r2, [pc, #80]	@ (10006554 <spi_init+0x64>)
10006504:	6013      	str	r3, [r2, #0]
10006506:	0020      	movs	r0, r4
10006508:	f7ff ff80 	bl	1000640c <spi_unreset>
1000650c:	0029      	movs	r1, r5
1000650e:	0020      	movs	r0, r4
10006510:	f7ff ff92 	bl	10006438 <spi_set_baudrate>
10006514:	6862      	ldr	r2, [r4, #4]
10006516:	2302      	movs	r3, #2
10006518:	401a      	ands	r2, r3
1000651a:	490f      	ldr	r1, [pc, #60]	@ (10006558 <spi_init+0x68>)
1000651c:	1861      	adds	r1, r4, r1
1000651e:	600b      	str	r3, [r1, #0]
10006520:	6821      	ldr	r1, [r4, #0]
10006522:	2507      	movs	r5, #7
10006524:	404d      	eors	r5, r1
10006526:	21cf      	movs	r1, #207	@ 0xcf
10006528:	4029      	ands	r1, r5
1000652a:	2580      	movs	r5, #128	@ 0x80
1000652c:	016d      	lsls	r5, r5, #5
1000652e:	46ac      	mov	ip, r5
10006530:	44a4      	add	ip, r4
10006532:	4665      	mov	r5, ip
10006534:	6029      	str	r1, [r5, #0]
10006536:	4909      	ldr	r1, [pc, #36]	@ (1000655c <spi_init+0x6c>)
10006538:	1861      	adds	r1, r4, r1
1000653a:	600a      	str	r2, [r1, #0]
1000653c:	4a08      	ldr	r2, [pc, #32]	@ (10006560 <spi_init+0x70>)
1000653e:	4694      	mov	ip, r2
10006540:	4464      	add	r4, ip
10006542:	2203      	movs	r2, #3
10006544:	6022      	str	r2, [r4, #0]
10006546:	600b      	str	r3, [r1, #0]
10006548:	bd70      	pop	{r4, r5, r6, pc}
1000654a:	2211      	movs	r2, #17
1000654c:	e7d7      	b.n	100064fe <spi_init+0xe>
1000654e:	46c0      	nop			@ (mov r8, r8)
10006550:	40040000 	.word	0x40040000
10006554:	4000e000 	.word	0x4000e000
10006558:	00003004 	.word	0x00003004
1000655c:	00002004 	.word	0x00002004
10006560:	00002024 	.word	0x00002024

10006564 <i2c_unreset>:
10006564:	4b07      	ldr	r3, [pc, #28]	@ (10006584 <i2c_unreset+0x20>)
10006566:	4298      	cmp	r0, r3
10006568:	d00a      	beq.n	10006580 <i2c_unreset+0x1c>
1000656a:	2303      	movs	r3, #3
1000656c:	2201      	movs	r2, #1
1000656e:	409a      	lsls	r2, r3
10006570:	4b05      	ldr	r3, [pc, #20]	@ (10006588 <i2c_unreset+0x24>)
10006572:	601a      	str	r2, [r3, #0]
10006574:	4b05      	ldr	r3, [pc, #20]	@ (1000658c <i2c_unreset+0x28>)
10006576:	681b      	ldr	r3, [r3, #0]
10006578:	0011      	movs	r1, r2
1000657a:	4399      	bics	r1, r3
1000657c:	d1fa      	bne.n	10006574 <i2c_unreset+0x10>
1000657e:	4770      	bx	lr
10006580:	2304      	movs	r3, #4
10006582:	e7f3      	b.n	1000656c <i2c_unreset+0x8>
10006584:	20000cf0 	.word	0x20000cf0
10006588:	4000f000 	.word	0x4000f000
1000658c:	4000c008 	.word	0x4000c008

10006590 <i2c_set_baudrate>:
10006590:	b5f0      	push	{r4, r5, r6, r7, lr}
10006592:	46d6      	mov	lr, sl
10006594:	464f      	mov	r7, r9
10006596:	4646      	mov	r6, r8
10006598:	b5c0      	push	{r6, r7, lr}
1000659a:	0004      	movs	r4, r0
1000659c:	000d      	movs	r5, r1
1000659e:	2005      	movs	r0, #5
100065a0:	f7fb fa12 	bl	100019c8 <clock_get_hz>
100065a4:	0006      	movs	r6, r0
100065a6:	0868      	lsrs	r0, r5, #1
100065a8:	1980      	adds	r0, r0, r6
100065aa:	46a8      	mov	r8, r5
100065ac:	0029      	movs	r1, r5
100065ae:	f7fb fc8d 	bl	10001ecc <__wrap___aeabi_uidiv>
100065b2:	0007      	movs	r7, r0
100065b4:	0043      	lsls	r3, r0, #1
100065b6:	181a      	adds	r2, r3, r0
100065b8:	4691      	mov	r9, r2
100065ba:	2105      	movs	r1, #5
100065bc:	0010      	movs	r0, r2
100065be:	f7fb fc85 	bl	10001ecc <__wrap___aeabi_uidiv>
100065c2:	0005      	movs	r5, r0
100065c4:	1a3a      	subs	r2, r7, r0
100065c6:	4692      	mov	sl, r2
100065c8:	4b25      	ldr	r3, [pc, #148]	@ (10006660 <i2c_set_baudrate+0xd0>)
100065ca:	4642      	mov	r2, r8
100065cc:	429a      	cmp	r2, r3
100065ce:	d837      	bhi.n	10006640 <i2c_set_baudrate+0xb0>
100065d0:	0070      	lsls	r0, r6, #1
100065d2:	1980      	adds	r0, r0, r6
100065d4:	4923      	ldr	r1, [pc, #140]	@ (10006664 <i2c_set_baudrate+0xd4>)
100065d6:	f7fb fc79 	bl	10001ecc <__wrap___aeabi_uidiv>
100065da:	1c43      	adds	r3, r0, #1
100065dc:	1eaa      	subs	r2, r5, #2
100065de:	429a      	cmp	r2, r3
100065e0:	d335      	bcc.n	1000664e <i2c_set_baudrate+0xbe>
100065e2:	6822      	ldr	r2, [r4, #0]
100065e4:	2100      	movs	r1, #0
100065e6:	66d1      	str	r1, [r2, #108]	@ 0x6c
100065e8:	6822      	ldr	r2, [r4, #0]
100065ea:	6810      	ldr	r0, [r2, #0]
100065ec:	3104      	adds	r1, #4
100065ee:	4048      	eors	r0, r1
100065f0:	3102      	adds	r1, #2
100065f2:	4001      	ands	r1, r0
100065f4:	2080      	movs	r0, #128	@ 0x80
100065f6:	0140      	lsls	r0, r0, #5
100065f8:	4684      	mov	ip, r0
100065fa:	4462      	add	r2, ip
100065fc:	6011      	str	r1, [r2, #0]
100065fe:	6822      	ldr	r2, [r4, #0]
10006600:	4651      	mov	r1, sl
10006602:	61d1      	str	r1, [r2, #28]
10006604:	6822      	ldr	r2, [r4, #0]
10006606:	6215      	str	r5, [r2, #32]
10006608:	464a      	mov	r2, r9
1000660a:	2a4f      	cmp	r2, #79	@ 0x4f
1000660c:	d925      	bls.n	1000665a <i2c_set_baudrate+0xca>
1000660e:	092d      	lsrs	r5, r5, #4
10006610:	6821      	ldr	r1, [r4, #0]
10006612:	22a0      	movs	r2, #160	@ 0xa0
10006614:	508d      	str	r5, [r1, r2]
10006616:	6822      	ldr	r2, [r4, #0]
10006618:	6fd1      	ldr	r1, [r2, #124]	@ 0x7c
1000661a:	404b      	eors	r3, r1
1000661c:	041b      	lsls	r3, r3, #16
1000661e:	0c1b      	lsrs	r3, r3, #16
10006620:	4911      	ldr	r1, [pc, #68]	@ (10006668 <i2c_set_baudrate+0xd8>)
10006622:	468c      	mov	ip, r1
10006624:	4462      	add	r2, ip
10006626:	6013      	str	r3, [r2, #0]
10006628:	6823      	ldr	r3, [r4, #0]
1000662a:	2201      	movs	r2, #1
1000662c:	66da      	str	r2, [r3, #108]	@ 0x6c
1000662e:	0039      	movs	r1, r7
10006630:	0030      	movs	r0, r6
10006632:	f7fb fc4b 	bl	10001ecc <__wrap___aeabi_uidiv>
10006636:	bce0      	pop	{r5, r6, r7}
10006638:	46ba      	mov	sl, r7
1000663a:	46b1      	mov	r9, r6
1000663c:	46a8      	mov	r8, r5
1000663e:	bdf0      	pop	{r4, r5, r6, r7, pc}
10006640:	0070      	lsls	r0, r6, #1
10006642:	1980      	adds	r0, r0, r6
10006644:	4909      	ldr	r1, [pc, #36]	@ (1000666c <i2c_set_baudrate+0xdc>)
10006646:	f7fb fc41 	bl	10001ecc <__wrap___aeabi_uidiv>
1000664a:	1c43      	adds	r3, r0, #1
1000664c:	e7c6      	b.n	100065dc <i2c_set_baudrate+0x4c>
1000664e:	4b08      	ldr	r3, [pc, #32]	@ (10006670 <i2c_set_baudrate+0xe0>)
10006650:	4a08      	ldr	r2, [pc, #32]	@ (10006674 <i2c_set_baudrate+0xe4>)
10006652:	4809      	ldr	r0, [pc, #36]	@ (10006678 <i2c_set_baudrate+0xe8>)
10006654:	215d      	movs	r1, #93	@ 0x5d
10006656:	f7fd f8f1 	bl	1000383c <__assert_func>
1000665a:	2501      	movs	r5, #1
1000665c:	e7d8      	b.n	10006610 <i2c_set_baudrate+0x80>
1000665e:	46c0      	nop			@ (mov r8, r8)
10006660:	000f423f 	.word	0x000f423f
10006664:	00989680 	.word	0x00989680
10006668:	0000107c 	.word	0x0000107c
1000666c:	017d7840 	.word	0x017d7840
10006670:	10008778 	.word	0x10008778
10006674:	10008eb8 	.word	0x10008eb8
10006678:	10008798 	.word	0x10008798

1000667c <i2c_init>:
1000667c:	b570      	push	{r4, r5, r6, lr}
1000667e:	0004      	movs	r4, r0
10006680:	000d      	movs	r5, r1
10006682:	4b11      	ldr	r3, [pc, #68]	@ (100066c8 <i2c_init+0x4c>)
10006684:	4298      	cmp	r0, r3
10006686:	d01d      	beq.n	100066c4 <i2c_init+0x48>
10006688:	2203      	movs	r2, #3
1000668a:	2301      	movs	r3, #1
1000668c:	4093      	lsls	r3, r2
1000668e:	4a0f      	ldr	r2, [pc, #60]	@ (100066cc <i2c_init+0x50>)
10006690:	6013      	str	r3, [r2, #0]
10006692:	0020      	movs	r0, r4
10006694:	f7ff ff66 	bl	10006564 <i2c_unreset>
10006698:	2300      	movs	r3, #0
1000669a:	7123      	strb	r3, [r4, #4]
1000669c:	6822      	ldr	r2, [r4, #0]
1000669e:	66d3      	str	r3, [r2, #108]	@ 0x6c
100066a0:	6822      	ldr	r2, [r4, #0]
100066a2:	2166      	movs	r1, #102	@ 0x66
100066a4:	31ff      	adds	r1, #255	@ 0xff
100066a6:	6011      	str	r1, [r2, #0]
100066a8:	6822      	ldr	r2, [r4, #0]
100066aa:	63d3      	str	r3, [r2, #60]	@ 0x3c
100066ac:	6822      	ldr	r2, [r4, #0]
100066ae:	6393      	str	r3, [r2, #56]	@ 0x38
100066b0:	6822      	ldr	r2, [r4, #0]
100066b2:	3388      	adds	r3, #136	@ 0x88
100066b4:	3963      	subs	r1, #99	@ 0x63
100066b6:	39ff      	subs	r1, #255	@ 0xff
100066b8:	50d1      	str	r1, [r2, r3]
100066ba:	0029      	movs	r1, r5
100066bc:	0020      	movs	r0, r4
100066be:	f7ff ff67 	bl	10006590 <i2c_set_baudrate>
100066c2:	bd70      	pop	{r4, r5, r6, pc}
100066c4:	2204      	movs	r2, #4
100066c6:	e7e0      	b.n	1000668a <i2c_init+0xe>
100066c8:	20000cf0 	.word	0x20000cf0
100066cc:	4000e000 	.word	0x4000e000

100066d0 <adc_init>:
100066d0:	2301      	movs	r3, #1
100066d2:	4a08      	ldr	r2, [pc, #32]	@ (100066f4 <adc_init+0x24>)
100066d4:	6013      	str	r3, [r2, #0]
100066d6:	4a08      	ldr	r2, [pc, #32]	@ (100066f8 <adc_init+0x28>)
100066d8:	6013      	str	r3, [r2, #0]
100066da:	4b08      	ldr	r3, [pc, #32]	@ (100066fc <adc_init+0x2c>)
100066dc:	681a      	ldr	r2, [r3, #0]
100066de:	2301      	movs	r3, #1
100066e0:	4393      	bics	r3, r2
100066e2:	d1fa      	bne.n	100066da <adc_init+0xa>
100066e4:	4b06      	ldr	r3, [pc, #24]	@ (10006700 <adc_init+0x30>)
100066e6:	2201      	movs	r2, #1
100066e8:	601a      	str	r2, [r3, #0]
100066ea:	4b05      	ldr	r3, [pc, #20]	@ (10006700 <adc_init+0x30>)
100066ec:	681b      	ldr	r3, [r3, #0]
100066ee:	05db      	lsls	r3, r3, #23
100066f0:	d5fb      	bpl.n	100066ea <adc_init+0x1a>
100066f2:	4770      	bx	lr
100066f4:	4000e000 	.word	0x4000e000
100066f8:	4000f000 	.word	0x4000f000
100066fc:	4000c008 	.word	0x4000c008
10006700:	4004c000 	.word	0x4004c000

10006704 <LCD_1IN28_Reset>:
10006704:	b510      	push	{r4, lr}
10006706:	2101      	movs	r1, #1
10006708:	200d      	movs	r0, #13
1000670a:	f000 fede 	bl	100074ca <DEV_Digital_Write>
1000670e:	2064      	movs	r0, #100	@ 0x64
10006710:	f000 fed7 	bl	100074c2 <DEV_Delay_ms>
10006714:	2100      	movs	r1, #0
10006716:	200d      	movs	r0, #13
10006718:	f000 fed7 	bl	100074ca <DEV_Digital_Write>
1000671c:	2064      	movs	r0, #100	@ 0x64
1000671e:	f000 fed0 	bl	100074c2 <DEV_Delay_ms>
10006722:	2101      	movs	r1, #1
10006724:	200d      	movs	r0, #13
10006726:	f000 fed0 	bl	100074ca <DEV_Digital_Write>
1000672a:	2100      	movs	r1, #0
1000672c:	2009      	movs	r0, #9
1000672e:	f000 fecc 	bl	100074ca <DEV_Digital_Write>
10006732:	2064      	movs	r0, #100	@ 0x64
10006734:	f000 fec5 	bl	100074c2 <DEV_Delay_ms>
10006738:	bd10      	pop	{r4, pc}
	...

1000673c <LCD_1IN28_SendCommand>:
1000673c:	b510      	push	{r4, lr}
1000673e:	0004      	movs	r4, r0
10006740:	2100      	movs	r1, #0
10006742:	2008      	movs	r0, #8
10006744:	f000 fec1 	bl	100074ca <DEV_Digital_Write>
10006748:	0021      	movs	r1, r4
1000674a:	4802      	ldr	r0, [pc, #8]	@ (10006754 <LCD_1IN28_SendCommand+0x18>)
1000674c:	f000 fec9 	bl	100074e2 <DEV_SPI_WriteByte>
10006750:	bd10      	pop	{r4, pc}
10006752:	46c0      	nop			@ (mov r8, r8)
10006754:	40040000 	.word	0x40040000

10006758 <LCD_1IN28_SendData_8Bit>:
10006758:	b510      	push	{r4, lr}
1000675a:	0004      	movs	r4, r0
1000675c:	2101      	movs	r1, #1
1000675e:	2008      	movs	r0, #8
10006760:	f000 feb3 	bl	100074ca <DEV_Digital_Write>
10006764:	0021      	movs	r1, r4
10006766:	4802      	ldr	r0, [pc, #8]	@ (10006770 <LCD_1IN28_SendData_8Bit+0x18>)
10006768:	f000 febb 	bl	100074e2 <DEV_SPI_WriteByte>
1000676c:	bd10      	pop	{r4, pc}
1000676e:	46c0      	nop			@ (mov r8, r8)
10006770:	40040000 	.word	0x40040000

10006774 <LCD_1IN28_SetAttributes>:
10006774:	b510      	push	{r4, lr}
10006776:	4b0b      	ldr	r3, [pc, #44]	@ (100067a4 <LCD_1IN28_SetAttributes+0x30>)
10006778:	7118      	strb	r0, [r3, #4]
1000677a:	2800      	cmp	r0, #0
1000677c:	d10b      	bne.n	10006796 <LCD_1IN28_SetAttributes+0x22>
1000677e:	22f0      	movs	r2, #240	@ 0xf0
10006780:	805a      	strh	r2, [r3, #2]
10006782:	801a      	strh	r2, [r3, #0]
10006784:	23c8      	movs	r3, #200	@ 0xc8
10006786:	001c      	movs	r4, r3
10006788:	2036      	movs	r0, #54	@ 0x36
1000678a:	f7ff ffd7 	bl	1000673c <LCD_1IN28_SendCommand>
1000678e:	0020      	movs	r0, r4
10006790:	f7ff ffe2 	bl	10006758 <LCD_1IN28_SendData_8Bit>
10006794:	bd10      	pop	{r4, pc}
10006796:	4b03      	ldr	r3, [pc, #12]	@ (100067a4 <LCD_1IN28_SetAttributes+0x30>)
10006798:	22f0      	movs	r2, #240	@ 0xf0
1000679a:	805a      	strh	r2, [r3, #2]
1000679c:	801a      	strh	r2, [r3, #0]
1000679e:	2368      	movs	r3, #104	@ 0x68
100067a0:	001c      	movs	r4, r3
100067a2:	e7f1      	b.n	10006788 <LCD_1IN28_SetAttributes+0x14>
100067a4:	20016008 	.word	0x20016008

100067a8 <LCD_1IN28_InitReg>:
100067a8:	b510      	push	{r4, lr}
100067aa:	20ef      	movs	r0, #239	@ 0xef
100067ac:	f7ff ffc6 	bl	1000673c <LCD_1IN28_SendCommand>
100067b0:	20eb      	movs	r0, #235	@ 0xeb
100067b2:	f7ff ffc3 	bl	1000673c <LCD_1IN28_SendCommand>
100067b6:	2014      	movs	r0, #20
100067b8:	f7ff ffce 	bl	10006758 <LCD_1IN28_SendData_8Bit>
100067bc:	20fe      	movs	r0, #254	@ 0xfe
100067be:	f7ff ffbd 	bl	1000673c <LCD_1IN28_SendCommand>
100067c2:	20ef      	movs	r0, #239	@ 0xef
100067c4:	f7ff ffba 	bl	1000673c <LCD_1IN28_SendCommand>
100067c8:	20eb      	movs	r0, #235	@ 0xeb
100067ca:	f7ff ffb7 	bl	1000673c <LCD_1IN28_SendCommand>
100067ce:	2014      	movs	r0, #20
100067d0:	f7ff ffc2 	bl	10006758 <LCD_1IN28_SendData_8Bit>
100067d4:	2084      	movs	r0, #132	@ 0x84
100067d6:	f7ff ffb1 	bl	1000673c <LCD_1IN28_SendCommand>
100067da:	2040      	movs	r0, #64	@ 0x40
100067dc:	f7ff ffbc 	bl	10006758 <LCD_1IN28_SendData_8Bit>
100067e0:	2085      	movs	r0, #133	@ 0x85
100067e2:	f7ff ffab 	bl	1000673c <LCD_1IN28_SendCommand>
100067e6:	20ff      	movs	r0, #255	@ 0xff
100067e8:	f7ff ffb6 	bl	10006758 <LCD_1IN28_SendData_8Bit>
100067ec:	2086      	movs	r0, #134	@ 0x86
100067ee:	f7ff ffa5 	bl	1000673c <LCD_1IN28_SendCommand>
100067f2:	20ff      	movs	r0, #255	@ 0xff
100067f4:	f7ff ffb0 	bl	10006758 <LCD_1IN28_SendData_8Bit>
100067f8:	2087      	movs	r0, #135	@ 0x87
100067fa:	f7ff ff9f 	bl	1000673c <LCD_1IN28_SendCommand>
100067fe:	20ff      	movs	r0, #255	@ 0xff
10006800:	f7ff ffaa 	bl	10006758 <LCD_1IN28_SendData_8Bit>
10006804:	2088      	movs	r0, #136	@ 0x88
10006806:	f7ff ff99 	bl	1000673c <LCD_1IN28_SendCommand>
1000680a:	200a      	movs	r0, #10
1000680c:	f7ff ffa4 	bl	10006758 <LCD_1IN28_SendData_8Bit>
10006810:	2089      	movs	r0, #137	@ 0x89
10006812:	f7ff ff93 	bl	1000673c <LCD_1IN28_SendCommand>
10006816:	2021      	movs	r0, #33	@ 0x21
10006818:	f7ff ff9e 	bl	10006758 <LCD_1IN28_SendData_8Bit>
1000681c:	208a      	movs	r0, #138	@ 0x8a
1000681e:	f7ff ff8d 	bl	1000673c <LCD_1IN28_SendCommand>
10006822:	2000      	movs	r0, #0
10006824:	f7ff ff98 	bl	10006758 <LCD_1IN28_SendData_8Bit>
10006828:	208b      	movs	r0, #139	@ 0x8b
1000682a:	f7ff ff87 	bl	1000673c <LCD_1IN28_SendCommand>
1000682e:	2080      	movs	r0, #128	@ 0x80
10006830:	f7ff ff92 	bl	10006758 <LCD_1IN28_SendData_8Bit>
10006834:	208c      	movs	r0, #140	@ 0x8c
10006836:	f7ff ff81 	bl	1000673c <LCD_1IN28_SendCommand>
1000683a:	2001      	movs	r0, #1
1000683c:	f7ff ff8c 	bl	10006758 <LCD_1IN28_SendData_8Bit>
10006840:	208d      	movs	r0, #141	@ 0x8d
10006842:	f7ff ff7b 	bl	1000673c <LCD_1IN28_SendCommand>
10006846:	2001      	movs	r0, #1
10006848:	f7ff ff86 	bl	10006758 <LCD_1IN28_SendData_8Bit>
1000684c:	208e      	movs	r0, #142	@ 0x8e
1000684e:	f7ff ff75 	bl	1000673c <LCD_1IN28_SendCommand>
10006852:	20ff      	movs	r0, #255	@ 0xff
10006854:	f7ff ff80 	bl	10006758 <LCD_1IN28_SendData_8Bit>
10006858:	208f      	movs	r0, #143	@ 0x8f
1000685a:	f7ff ff6f 	bl	1000673c <LCD_1IN28_SendCommand>
1000685e:	20ff      	movs	r0, #255	@ 0xff
10006860:	f7ff ff7a 	bl	10006758 <LCD_1IN28_SendData_8Bit>
10006864:	20b6      	movs	r0, #182	@ 0xb6
10006866:	f7ff ff69 	bl	1000673c <LCD_1IN28_SendCommand>
1000686a:	2000      	movs	r0, #0
1000686c:	f7ff ff74 	bl	10006758 <LCD_1IN28_SendData_8Bit>
10006870:	2020      	movs	r0, #32
10006872:	f7ff ff71 	bl	10006758 <LCD_1IN28_SendData_8Bit>
10006876:	2036      	movs	r0, #54	@ 0x36
10006878:	f7ff ff60 	bl	1000673c <LCD_1IN28_SendCommand>
1000687c:	2008      	movs	r0, #8
1000687e:	f7ff ff6b 	bl	10006758 <LCD_1IN28_SendData_8Bit>
10006882:	203a      	movs	r0, #58	@ 0x3a
10006884:	f7ff ff5a 	bl	1000673c <LCD_1IN28_SendCommand>
10006888:	2005      	movs	r0, #5
1000688a:	f7ff ff65 	bl	10006758 <LCD_1IN28_SendData_8Bit>
1000688e:	2090      	movs	r0, #144	@ 0x90
10006890:	f7ff ff54 	bl	1000673c <LCD_1IN28_SendCommand>
10006894:	2008      	movs	r0, #8
10006896:	f7ff ff5f 	bl	10006758 <LCD_1IN28_SendData_8Bit>
1000689a:	2008      	movs	r0, #8
1000689c:	f7ff ff5c 	bl	10006758 <LCD_1IN28_SendData_8Bit>
100068a0:	2008      	movs	r0, #8
100068a2:	f7ff ff59 	bl	10006758 <LCD_1IN28_SendData_8Bit>
100068a6:	2008      	movs	r0, #8
100068a8:	f7ff ff56 	bl	10006758 <LCD_1IN28_SendData_8Bit>
100068ac:	20bd      	movs	r0, #189	@ 0xbd
100068ae:	f7ff ff45 	bl	1000673c <LCD_1IN28_SendCommand>
100068b2:	2006      	movs	r0, #6
100068b4:	f7ff ff50 	bl	10006758 <LCD_1IN28_SendData_8Bit>
100068b8:	20bc      	movs	r0, #188	@ 0xbc
100068ba:	f7ff ff3f 	bl	1000673c <LCD_1IN28_SendCommand>
100068be:	2000      	movs	r0, #0
100068c0:	f7ff ff4a 	bl	10006758 <LCD_1IN28_SendData_8Bit>
100068c4:	20ff      	movs	r0, #255	@ 0xff
100068c6:	f7ff ff39 	bl	1000673c <LCD_1IN28_SendCommand>
100068ca:	2060      	movs	r0, #96	@ 0x60
100068cc:	f7ff ff44 	bl	10006758 <LCD_1IN28_SendData_8Bit>
100068d0:	2001      	movs	r0, #1
100068d2:	f7ff ff41 	bl	10006758 <LCD_1IN28_SendData_8Bit>
100068d6:	2004      	movs	r0, #4
100068d8:	f7ff ff3e 	bl	10006758 <LCD_1IN28_SendData_8Bit>
100068dc:	20c3      	movs	r0, #195	@ 0xc3
100068de:	f7ff ff2d 	bl	1000673c <LCD_1IN28_SendCommand>
100068e2:	2013      	movs	r0, #19
100068e4:	f7ff ff38 	bl	10006758 <LCD_1IN28_SendData_8Bit>
100068e8:	20c4      	movs	r0, #196	@ 0xc4
100068ea:	f7ff ff27 	bl	1000673c <LCD_1IN28_SendCommand>
100068ee:	2013      	movs	r0, #19
100068f0:	f7ff ff32 	bl	10006758 <LCD_1IN28_SendData_8Bit>
100068f4:	20c9      	movs	r0, #201	@ 0xc9
100068f6:	f7ff ff21 	bl	1000673c <LCD_1IN28_SendCommand>
100068fa:	2022      	movs	r0, #34	@ 0x22
100068fc:	f7ff ff2c 	bl	10006758 <LCD_1IN28_SendData_8Bit>
10006900:	20be      	movs	r0, #190	@ 0xbe
10006902:	f7ff ff1b 	bl	1000673c <LCD_1IN28_SendCommand>
10006906:	2011      	movs	r0, #17
10006908:	f7ff ff26 	bl	10006758 <LCD_1IN28_SendData_8Bit>
1000690c:	20e1      	movs	r0, #225	@ 0xe1
1000690e:	f7ff ff15 	bl	1000673c <LCD_1IN28_SendCommand>
10006912:	2010      	movs	r0, #16
10006914:	f7ff ff20 	bl	10006758 <LCD_1IN28_SendData_8Bit>
10006918:	200e      	movs	r0, #14
1000691a:	f7ff ff1d 	bl	10006758 <LCD_1IN28_SendData_8Bit>
1000691e:	20df      	movs	r0, #223	@ 0xdf
10006920:	f7ff ff0c 	bl	1000673c <LCD_1IN28_SendCommand>
10006924:	2021      	movs	r0, #33	@ 0x21
10006926:	f7ff ff17 	bl	10006758 <LCD_1IN28_SendData_8Bit>
1000692a:	200c      	movs	r0, #12
1000692c:	f7ff ff14 	bl	10006758 <LCD_1IN28_SendData_8Bit>
10006930:	2002      	movs	r0, #2
10006932:	f7ff ff11 	bl	10006758 <LCD_1IN28_SendData_8Bit>
10006936:	20f0      	movs	r0, #240	@ 0xf0
10006938:	f7ff ff00 	bl	1000673c <LCD_1IN28_SendCommand>
1000693c:	2045      	movs	r0, #69	@ 0x45
1000693e:	f7ff ff0b 	bl	10006758 <LCD_1IN28_SendData_8Bit>
10006942:	2009      	movs	r0, #9
10006944:	f7ff ff08 	bl	10006758 <LCD_1IN28_SendData_8Bit>
10006948:	2008      	movs	r0, #8
1000694a:	f7ff ff05 	bl	10006758 <LCD_1IN28_SendData_8Bit>
1000694e:	2008      	movs	r0, #8
10006950:	f7ff ff02 	bl	10006758 <LCD_1IN28_SendData_8Bit>
10006954:	2026      	movs	r0, #38	@ 0x26
10006956:	f7ff feff 	bl	10006758 <LCD_1IN28_SendData_8Bit>
1000695a:	202a      	movs	r0, #42	@ 0x2a
1000695c:	f7ff fefc 	bl	10006758 <LCD_1IN28_SendData_8Bit>
10006960:	20f1      	movs	r0, #241	@ 0xf1
10006962:	f7ff feeb 	bl	1000673c <LCD_1IN28_SendCommand>
10006966:	2043      	movs	r0, #67	@ 0x43
10006968:	f7ff fef6 	bl	10006758 <LCD_1IN28_SendData_8Bit>
1000696c:	2070      	movs	r0, #112	@ 0x70
1000696e:	f7ff fef3 	bl	10006758 <LCD_1IN28_SendData_8Bit>
10006972:	2072      	movs	r0, #114	@ 0x72
10006974:	f7ff fef0 	bl	10006758 <LCD_1IN28_SendData_8Bit>
10006978:	2036      	movs	r0, #54	@ 0x36
1000697a:	f7ff feed 	bl	10006758 <LCD_1IN28_SendData_8Bit>
1000697e:	2037      	movs	r0, #55	@ 0x37
10006980:	f7ff feea 	bl	10006758 <LCD_1IN28_SendData_8Bit>
10006984:	206f      	movs	r0, #111	@ 0x6f
10006986:	f7ff fee7 	bl	10006758 <LCD_1IN28_SendData_8Bit>
1000698a:	20f2      	movs	r0, #242	@ 0xf2
1000698c:	f7ff fed6 	bl	1000673c <LCD_1IN28_SendCommand>
10006990:	2045      	movs	r0, #69	@ 0x45
10006992:	f7ff fee1 	bl	10006758 <LCD_1IN28_SendData_8Bit>
10006996:	2009      	movs	r0, #9
10006998:	f7ff fede 	bl	10006758 <LCD_1IN28_SendData_8Bit>
1000699c:	2008      	movs	r0, #8
1000699e:	f7ff fedb 	bl	10006758 <LCD_1IN28_SendData_8Bit>
100069a2:	2008      	movs	r0, #8
100069a4:	f7ff fed8 	bl	10006758 <LCD_1IN28_SendData_8Bit>
100069a8:	2026      	movs	r0, #38	@ 0x26
100069aa:	f7ff fed5 	bl	10006758 <LCD_1IN28_SendData_8Bit>
100069ae:	202a      	movs	r0, #42	@ 0x2a
100069b0:	f7ff fed2 	bl	10006758 <LCD_1IN28_SendData_8Bit>
100069b4:	20f3      	movs	r0, #243	@ 0xf3
100069b6:	f7ff fec1 	bl	1000673c <LCD_1IN28_SendCommand>
100069ba:	2043      	movs	r0, #67	@ 0x43
100069bc:	f7ff fecc 	bl	10006758 <LCD_1IN28_SendData_8Bit>
100069c0:	2070      	movs	r0, #112	@ 0x70
100069c2:	f7ff fec9 	bl	10006758 <LCD_1IN28_SendData_8Bit>
100069c6:	2072      	movs	r0, #114	@ 0x72
100069c8:	f7ff fec6 	bl	10006758 <LCD_1IN28_SendData_8Bit>
100069cc:	2036      	movs	r0, #54	@ 0x36
100069ce:	f7ff fec3 	bl	10006758 <LCD_1IN28_SendData_8Bit>
100069d2:	2037      	movs	r0, #55	@ 0x37
100069d4:	f7ff fec0 	bl	10006758 <LCD_1IN28_SendData_8Bit>
100069d8:	206f      	movs	r0, #111	@ 0x6f
100069da:	f7ff febd 	bl	10006758 <LCD_1IN28_SendData_8Bit>
100069de:	20ed      	movs	r0, #237	@ 0xed
100069e0:	f7ff feac 	bl	1000673c <LCD_1IN28_SendCommand>
100069e4:	201b      	movs	r0, #27
100069e6:	f7ff feb7 	bl	10006758 <LCD_1IN28_SendData_8Bit>
100069ea:	200b      	movs	r0, #11
100069ec:	f7ff feb4 	bl	10006758 <LCD_1IN28_SendData_8Bit>
100069f0:	20ae      	movs	r0, #174	@ 0xae
100069f2:	f7ff fea3 	bl	1000673c <LCD_1IN28_SendCommand>
100069f6:	2077      	movs	r0, #119	@ 0x77
100069f8:	f7ff feae 	bl	10006758 <LCD_1IN28_SendData_8Bit>
100069fc:	20cd      	movs	r0, #205	@ 0xcd
100069fe:	f7ff fe9d 	bl	1000673c <LCD_1IN28_SendCommand>
10006a02:	2063      	movs	r0, #99	@ 0x63
10006a04:	f7ff fea8 	bl	10006758 <LCD_1IN28_SendData_8Bit>
10006a08:	2070      	movs	r0, #112	@ 0x70
10006a0a:	f7ff fe97 	bl	1000673c <LCD_1IN28_SendCommand>
10006a0e:	2007      	movs	r0, #7
10006a10:	f7ff fea2 	bl	10006758 <LCD_1IN28_SendData_8Bit>
10006a14:	2007      	movs	r0, #7
10006a16:	f7ff fe9f 	bl	10006758 <LCD_1IN28_SendData_8Bit>
10006a1a:	2004      	movs	r0, #4
10006a1c:	f7ff fe9c 	bl	10006758 <LCD_1IN28_SendData_8Bit>
10006a20:	200e      	movs	r0, #14
10006a22:	f7ff fe99 	bl	10006758 <LCD_1IN28_SendData_8Bit>
10006a26:	200f      	movs	r0, #15
10006a28:	f7ff fe96 	bl	10006758 <LCD_1IN28_SendData_8Bit>
10006a2c:	2009      	movs	r0, #9
10006a2e:	f7ff fe93 	bl	10006758 <LCD_1IN28_SendData_8Bit>
10006a32:	2007      	movs	r0, #7
10006a34:	f7ff fe90 	bl	10006758 <LCD_1IN28_SendData_8Bit>
10006a38:	2008      	movs	r0, #8
10006a3a:	f7ff fe8d 	bl	10006758 <LCD_1IN28_SendData_8Bit>
10006a3e:	2003      	movs	r0, #3
10006a40:	f7ff fe8a 	bl	10006758 <LCD_1IN28_SendData_8Bit>
10006a44:	20e8      	movs	r0, #232	@ 0xe8
10006a46:	f7ff fe79 	bl	1000673c <LCD_1IN28_SendCommand>
10006a4a:	2034      	movs	r0, #52	@ 0x34
10006a4c:	f7ff fe84 	bl	10006758 <LCD_1IN28_SendData_8Bit>
10006a50:	2062      	movs	r0, #98	@ 0x62
10006a52:	f7ff fe73 	bl	1000673c <LCD_1IN28_SendCommand>
10006a56:	2018      	movs	r0, #24
10006a58:	f7ff fe7e 	bl	10006758 <LCD_1IN28_SendData_8Bit>
10006a5c:	200d      	movs	r0, #13
10006a5e:	f7ff fe7b 	bl	10006758 <LCD_1IN28_SendData_8Bit>
10006a62:	2071      	movs	r0, #113	@ 0x71
10006a64:	f7ff fe78 	bl	10006758 <LCD_1IN28_SendData_8Bit>
10006a68:	20ed      	movs	r0, #237	@ 0xed
10006a6a:	f7ff fe75 	bl	10006758 <LCD_1IN28_SendData_8Bit>
10006a6e:	2070      	movs	r0, #112	@ 0x70
10006a70:	f7ff fe72 	bl	10006758 <LCD_1IN28_SendData_8Bit>
10006a74:	2070      	movs	r0, #112	@ 0x70
10006a76:	f7ff fe6f 	bl	10006758 <LCD_1IN28_SendData_8Bit>
10006a7a:	2018      	movs	r0, #24
10006a7c:	f7ff fe6c 	bl	10006758 <LCD_1IN28_SendData_8Bit>
10006a80:	200f      	movs	r0, #15
10006a82:	f7ff fe69 	bl	10006758 <LCD_1IN28_SendData_8Bit>
10006a86:	2071      	movs	r0, #113	@ 0x71
10006a88:	f7ff fe66 	bl	10006758 <LCD_1IN28_SendData_8Bit>
10006a8c:	20ef      	movs	r0, #239	@ 0xef
10006a8e:	f7ff fe63 	bl	10006758 <LCD_1IN28_SendData_8Bit>
10006a92:	2070      	movs	r0, #112	@ 0x70
10006a94:	f7ff fe60 	bl	10006758 <LCD_1IN28_SendData_8Bit>
10006a98:	2070      	movs	r0, #112	@ 0x70
10006a9a:	f7ff fe5d 	bl	10006758 <LCD_1IN28_SendData_8Bit>
10006a9e:	2063      	movs	r0, #99	@ 0x63
10006aa0:	f7ff fe4c 	bl	1000673c <LCD_1IN28_SendCommand>
10006aa4:	2018      	movs	r0, #24
10006aa6:	f7ff fe57 	bl	10006758 <LCD_1IN28_SendData_8Bit>
10006aaa:	2011      	movs	r0, #17
10006aac:	f7ff fe54 	bl	10006758 <LCD_1IN28_SendData_8Bit>
10006ab0:	2071      	movs	r0, #113	@ 0x71
10006ab2:	f7ff fe51 	bl	10006758 <LCD_1IN28_SendData_8Bit>
10006ab6:	20f1      	movs	r0, #241	@ 0xf1
10006ab8:	f7ff fe4e 	bl	10006758 <LCD_1IN28_SendData_8Bit>
10006abc:	2070      	movs	r0, #112	@ 0x70
10006abe:	f7ff fe4b 	bl	10006758 <LCD_1IN28_SendData_8Bit>
10006ac2:	2070      	movs	r0, #112	@ 0x70
10006ac4:	f7ff fe48 	bl	10006758 <LCD_1IN28_SendData_8Bit>
10006ac8:	2018      	movs	r0, #24
10006aca:	f7ff fe45 	bl	10006758 <LCD_1IN28_SendData_8Bit>
10006ace:	2013      	movs	r0, #19
10006ad0:	f7ff fe42 	bl	10006758 <LCD_1IN28_SendData_8Bit>
10006ad4:	2071      	movs	r0, #113	@ 0x71
10006ad6:	f7ff fe3f 	bl	10006758 <LCD_1IN28_SendData_8Bit>
10006ada:	20f3      	movs	r0, #243	@ 0xf3
10006adc:	f7ff fe3c 	bl	10006758 <LCD_1IN28_SendData_8Bit>
10006ae0:	2070      	movs	r0, #112	@ 0x70
10006ae2:	f7ff fe39 	bl	10006758 <LCD_1IN28_SendData_8Bit>
10006ae6:	2070      	movs	r0, #112	@ 0x70
10006ae8:	f7ff fe36 	bl	10006758 <LCD_1IN28_SendData_8Bit>
10006aec:	2064      	movs	r0, #100	@ 0x64
10006aee:	f7ff fe25 	bl	1000673c <LCD_1IN28_SendCommand>
10006af2:	2028      	movs	r0, #40	@ 0x28
10006af4:	f7ff fe30 	bl	10006758 <LCD_1IN28_SendData_8Bit>
10006af8:	2029      	movs	r0, #41	@ 0x29
10006afa:	f7ff fe2d 	bl	10006758 <LCD_1IN28_SendData_8Bit>
10006afe:	20f1      	movs	r0, #241	@ 0xf1
10006b00:	f7ff fe2a 	bl	10006758 <LCD_1IN28_SendData_8Bit>
10006b04:	2001      	movs	r0, #1
10006b06:	f7ff fe27 	bl	10006758 <LCD_1IN28_SendData_8Bit>
10006b0a:	20f1      	movs	r0, #241	@ 0xf1
10006b0c:	f7ff fe24 	bl	10006758 <LCD_1IN28_SendData_8Bit>
10006b10:	2000      	movs	r0, #0
10006b12:	f7ff fe21 	bl	10006758 <LCD_1IN28_SendData_8Bit>
10006b16:	2007      	movs	r0, #7
10006b18:	f7ff fe1e 	bl	10006758 <LCD_1IN28_SendData_8Bit>
10006b1c:	2066      	movs	r0, #102	@ 0x66
10006b1e:	f7ff fe0d 	bl	1000673c <LCD_1IN28_SendCommand>
10006b22:	203c      	movs	r0, #60	@ 0x3c
10006b24:	f7ff fe18 	bl	10006758 <LCD_1IN28_SendData_8Bit>
10006b28:	2000      	movs	r0, #0
10006b2a:	f7ff fe15 	bl	10006758 <LCD_1IN28_SendData_8Bit>
10006b2e:	20cd      	movs	r0, #205	@ 0xcd
10006b30:	f7ff fe12 	bl	10006758 <LCD_1IN28_SendData_8Bit>
10006b34:	2067      	movs	r0, #103	@ 0x67
10006b36:	f7ff fe0f 	bl	10006758 <LCD_1IN28_SendData_8Bit>
10006b3a:	2045      	movs	r0, #69	@ 0x45
10006b3c:	f7ff fe0c 	bl	10006758 <LCD_1IN28_SendData_8Bit>
10006b40:	2045      	movs	r0, #69	@ 0x45
10006b42:	f7ff fe09 	bl	10006758 <LCD_1IN28_SendData_8Bit>
10006b46:	2010      	movs	r0, #16
10006b48:	f7ff fe06 	bl	10006758 <LCD_1IN28_SendData_8Bit>
10006b4c:	2000      	movs	r0, #0
10006b4e:	f7ff fe03 	bl	10006758 <LCD_1IN28_SendData_8Bit>
10006b52:	2000      	movs	r0, #0
10006b54:	f7ff fe00 	bl	10006758 <LCD_1IN28_SendData_8Bit>
10006b58:	2000      	movs	r0, #0
10006b5a:	f7ff fdfd 	bl	10006758 <LCD_1IN28_SendData_8Bit>
10006b5e:	2067      	movs	r0, #103	@ 0x67
10006b60:	f7ff fdec 	bl	1000673c <LCD_1IN28_SendCommand>
10006b64:	2000      	movs	r0, #0
10006b66:	f7ff fdf7 	bl	10006758 <LCD_1IN28_SendData_8Bit>
10006b6a:	203c      	movs	r0, #60	@ 0x3c
10006b6c:	f7ff fdf4 	bl	10006758 <LCD_1IN28_SendData_8Bit>
10006b70:	2000      	movs	r0, #0
10006b72:	f7ff fdf1 	bl	10006758 <LCD_1IN28_SendData_8Bit>
10006b76:	2000      	movs	r0, #0
10006b78:	f7ff fdee 	bl	10006758 <LCD_1IN28_SendData_8Bit>
10006b7c:	2000      	movs	r0, #0
10006b7e:	f7ff fdeb 	bl	10006758 <LCD_1IN28_SendData_8Bit>
10006b82:	2001      	movs	r0, #1
10006b84:	f7ff fde8 	bl	10006758 <LCD_1IN28_SendData_8Bit>
10006b88:	2054      	movs	r0, #84	@ 0x54
10006b8a:	f7ff fde5 	bl	10006758 <LCD_1IN28_SendData_8Bit>
10006b8e:	2010      	movs	r0, #16
10006b90:	f7ff fde2 	bl	10006758 <LCD_1IN28_SendData_8Bit>
10006b94:	2032      	movs	r0, #50	@ 0x32
10006b96:	f7ff fddf 	bl	10006758 <LCD_1IN28_SendData_8Bit>
10006b9a:	2098      	movs	r0, #152	@ 0x98
10006b9c:	f7ff fddc 	bl	10006758 <LCD_1IN28_SendData_8Bit>
10006ba0:	2074      	movs	r0, #116	@ 0x74
10006ba2:	f7ff fdcb 	bl	1000673c <LCD_1IN28_SendCommand>
10006ba6:	2010      	movs	r0, #16
10006ba8:	f7ff fdd6 	bl	10006758 <LCD_1IN28_SendData_8Bit>
10006bac:	2085      	movs	r0, #133	@ 0x85
10006bae:	f7ff fdd3 	bl	10006758 <LCD_1IN28_SendData_8Bit>
10006bb2:	2080      	movs	r0, #128	@ 0x80
10006bb4:	f7ff fdd0 	bl	10006758 <LCD_1IN28_SendData_8Bit>
10006bb8:	2000      	movs	r0, #0
10006bba:	f7ff fdcd 	bl	10006758 <LCD_1IN28_SendData_8Bit>
10006bbe:	2000      	movs	r0, #0
10006bc0:	f7ff fdca 	bl	10006758 <LCD_1IN28_SendData_8Bit>
10006bc4:	204e      	movs	r0, #78	@ 0x4e
10006bc6:	f7ff fdc7 	bl	10006758 <LCD_1IN28_SendData_8Bit>
10006bca:	2000      	movs	r0, #0
10006bcc:	f7ff fdc4 	bl	10006758 <LCD_1IN28_SendData_8Bit>
10006bd0:	2098      	movs	r0, #152	@ 0x98
10006bd2:	f7ff fdb3 	bl	1000673c <LCD_1IN28_SendCommand>
10006bd6:	203e      	movs	r0, #62	@ 0x3e
10006bd8:	f7ff fdbe 	bl	10006758 <LCD_1IN28_SendData_8Bit>
10006bdc:	2007      	movs	r0, #7
10006bde:	f7ff fdbb 	bl	10006758 <LCD_1IN28_SendData_8Bit>
10006be2:	2035      	movs	r0, #53	@ 0x35
10006be4:	f7ff fdaa 	bl	1000673c <LCD_1IN28_SendCommand>
10006be8:	2021      	movs	r0, #33	@ 0x21
10006bea:	f7ff fda7 	bl	1000673c <LCD_1IN28_SendCommand>
10006bee:	2011      	movs	r0, #17
10006bf0:	f7ff fda4 	bl	1000673c <LCD_1IN28_SendCommand>
10006bf4:	2078      	movs	r0, #120	@ 0x78
10006bf6:	f000 fc64 	bl	100074c2 <DEV_Delay_ms>
10006bfa:	2029      	movs	r0, #41	@ 0x29
10006bfc:	f7ff fd9e 	bl	1000673c <LCD_1IN28_SendCommand>
10006c00:	2014      	movs	r0, #20
10006c02:	f000 fc5e 	bl	100074c2 <DEV_Delay_ms>
10006c06:	bd10      	pop	{r4, pc}

10006c08 <LCD_1IN28_Init>:
10006c08:	b510      	push	{r4, lr}
10006c0a:	0004      	movs	r4, r0
10006c0c:	f7ff fd7a 	bl	10006704 <LCD_1IN28_Reset>
10006c10:	0020      	movs	r0, r4
10006c12:	f7ff fdaf 	bl	10006774 <LCD_1IN28_SetAttributes>
10006c16:	f7ff fdc7 	bl	100067a8 <LCD_1IN28_InitReg>
10006c1a:	bd10      	pop	{r4, pc}

10006c1c <LCD_1IN28_SetWindows>:
10006c1c:	b5f8      	push	{r3, r4, r5, r6, r7, lr}
10006c1e:	0005      	movs	r5, r0
10006c20:	000e      	movs	r6, r1
10006c22:	0014      	movs	r4, r2
10006c24:	001f      	movs	r7, r3
10006c26:	202a      	movs	r0, #42	@ 0x2a
10006c28:	f7ff fd88 	bl	1000673c <LCD_1IN28_SendCommand>
10006c2c:	2000      	movs	r0, #0
10006c2e:	f7ff fd93 	bl	10006758 <LCD_1IN28_SendData_8Bit>
10006c32:	b2e8      	uxtb	r0, r5
10006c34:	f7ff fd90 	bl	10006758 <LCD_1IN28_SendData_8Bit>
10006c38:	1e65      	subs	r5, r4, #1
10006c3a:	122d      	asrs	r5, r5, #8
10006c3c:	b2ed      	uxtb	r5, r5
10006c3e:	0028      	movs	r0, r5
10006c40:	f7ff fd8a 	bl	10006758 <LCD_1IN28_SendData_8Bit>
10006c44:	3c01      	subs	r4, #1
10006c46:	b2e0      	uxtb	r0, r4
10006c48:	f7ff fd86 	bl	10006758 <LCD_1IN28_SendData_8Bit>
10006c4c:	202b      	movs	r0, #43	@ 0x2b
10006c4e:	f7ff fd75 	bl	1000673c <LCD_1IN28_SendCommand>
10006c52:	2000      	movs	r0, #0
10006c54:	f7ff fd80 	bl	10006758 <LCD_1IN28_SendData_8Bit>
10006c58:	b2f0      	uxtb	r0, r6
10006c5a:	f7ff fd7d 	bl	10006758 <LCD_1IN28_SendData_8Bit>
10006c5e:	0028      	movs	r0, r5
10006c60:	f7ff fd7a 	bl	10006758 <LCD_1IN28_SendData_8Bit>
10006c64:	0038      	movs	r0, r7
10006c66:	3801      	subs	r0, #1
10006c68:	b2c0      	uxtb	r0, r0
10006c6a:	f7ff fd75 	bl	10006758 <LCD_1IN28_SendData_8Bit>
10006c6e:	202c      	movs	r0, #44	@ 0x2c
10006c70:	f7ff fd64 	bl	1000673c <LCD_1IN28_SendCommand>
10006c74:	bdf8      	pop	{r3, r4, r5, r6, r7, pc}
	...

10006c78 <LCD_1IN28_Clear>:
10006c78:	b510      	push	{r4, lr}
10006c7a:	4c16      	ldr	r4, [pc, #88]	@ (10006cd4 <LCD_1IN28_Clear+0x5c>)
10006c7c:	44a5      	add	sp, r4
10006c7e:	ba40      	rev16	r0, r0
10006c80:	b280      	uxth	r0, r0
10006c82:	2300      	movs	r3, #0
10006c84:	e004      	b.n	10006c90 <LCD_1IN28_Clear+0x18>
10006c86:	0059      	lsls	r1, r3, #1
10006c88:	466a      	mov	r2, sp
10006c8a:	5288      	strh	r0, [r1, r2]
10006c8c:	3301      	adds	r3, #1
10006c8e:	b29b      	uxth	r3, r3
10006c90:	4a11      	ldr	r2, [pc, #68]	@ (10006cd8 <LCD_1IN28_Clear+0x60>)
10006c92:	4293      	cmp	r3, r2
10006c94:	d9f7      	bls.n	10006c86 <LCD_1IN28_Clear+0xe>
10006c96:	23f0      	movs	r3, #240	@ 0xf0
10006c98:	22f0      	movs	r2, #240	@ 0xf0
10006c9a:	2100      	movs	r1, #0
10006c9c:	2000      	movs	r0, #0
10006c9e:	f7ff ffbd 	bl	10006c1c <LCD_1IN28_SetWindows>
10006ca2:	2101      	movs	r1, #1
10006ca4:	2008      	movs	r0, #8
10006ca6:	f000 fc10 	bl	100074ca <DEV_Digital_Write>
10006caa:	2400      	movs	r4, #0
10006cac:	e00b      	b.n	10006cc6 <LCD_1IN28_Clear+0x4e>
10006cae:	0123      	lsls	r3, r4, #4
10006cb0:	1b1b      	subs	r3, r3, r4
10006cb2:	015b      	lsls	r3, r3, #5
10006cb4:	4669      	mov	r1, sp
10006cb6:	18c9      	adds	r1, r1, r3
10006cb8:	22f0      	movs	r2, #240	@ 0xf0
10006cba:	0052      	lsls	r2, r2, #1
10006cbc:	4807      	ldr	r0, [pc, #28]	@ (10006cdc <LCD_1IN28_Clear+0x64>)
10006cbe:	f000 fc1b 	bl	100074f8 <DEV_SPI_Write_nByte>
10006cc2:	3401      	adds	r4, #1
10006cc4:	b2a4      	uxth	r4, r4
10006cc6:	2cef      	cmp	r4, #239	@ 0xef
10006cc8:	d9f1      	bls.n	10006cae <LCD_1IN28_Clear+0x36>
10006cca:	23e1      	movs	r3, #225	@ 0xe1
10006ccc:	025b      	lsls	r3, r3, #9
10006cce:	449d      	add	sp, r3
10006cd0:	bd10      	pop	{r4, pc}
10006cd2:	46c0      	nop			@ (mov r8, r8)
10006cd4:	fffe3e00 	.word	0xfffe3e00
10006cd8:	0000e0ff 	.word	0x0000e0ff
10006cdc:	40040000 	.word	0x40040000

10006ce0 <LCD_1IN28_Display>:
10006ce0:	b570      	push	{r4, r5, r6, lr}
10006ce2:	0005      	movs	r5, r0
10006ce4:	23f0      	movs	r3, #240	@ 0xf0
10006ce6:	22f0      	movs	r2, #240	@ 0xf0
10006ce8:	2100      	movs	r1, #0
10006cea:	2000      	movs	r0, #0
10006cec:	f7ff ff96 	bl	10006c1c <LCD_1IN28_SetWindows>
10006cf0:	2101      	movs	r1, #1
10006cf2:	2008      	movs	r0, #8
10006cf4:	f000 fbe9 	bl	100074ca <DEV_Digital_Write>
10006cf8:	2400      	movs	r4, #0
10006cfa:	e00a      	b.n	10006d12 <LCD_1IN28_Display+0x32>
10006cfc:	0121      	lsls	r1, r4, #4
10006cfe:	1b09      	subs	r1, r1, r4
10006d00:	0149      	lsls	r1, r1, #5
10006d02:	1869      	adds	r1, r5, r1
10006d04:	22f0      	movs	r2, #240	@ 0xf0
10006d06:	0052      	lsls	r2, r2, #1
10006d08:	4803      	ldr	r0, [pc, #12]	@ (10006d18 <LCD_1IN28_Display+0x38>)
10006d0a:	f000 fbf5 	bl	100074f8 <DEV_SPI_Write_nByte>
10006d0e:	3401      	adds	r4, #1
10006d10:	b2a4      	uxth	r4, r4
10006d12:	2cef      	cmp	r4, #239	@ 0xef
10006d14:	d9f2      	bls.n	10006cfc <LCD_1IN28_Display+0x1c>
10006d16:	bd70      	pop	{r4, r5, r6, pc}
10006d18:	40040000 	.word	0x40040000

10006d1c <Paint_NewImage>:
10006d1c:	b510      	push	{r4, lr}
10006d1e:	4684      	mov	ip, r0
10006d20:	0010      	movs	r0, r2
10006d22:	4a07      	ldr	r2, [pc, #28]	@ (10006d40 <Paint_NewImage+0x24>)
10006d24:	2400      	movs	r4, #0
10006d26:	6014      	str	r4, [r2, #0]
10006d28:	4664      	mov	r4, ip
10006d2a:	6014      	str	r4, [r2, #0]
10006d2c:	8091      	strh	r1, [r2, #4]
10006d2e:	80d0      	strh	r0, [r2, #6]
10006d30:	8113      	strh	r3, [r2, #8]
10006d32:	0849      	lsrs	r1, r1, #1
10006d34:	004b      	lsls	r3, r1, #1
10006d36:	18c9      	adds	r1, r1, r3
10006d38:	8191      	strh	r1, [r2, #12]
10006d3a:	81d0      	strh	r0, [r2, #14]
10006d3c:	bd10      	pop	{r4, pc}
10006d3e:	46c0      	nop			@ (mov r8, r8)
10006d40:	20016010 	.word	0x20016010

10006d44 <Paint_SetPixel>:
10006d44:	b530      	push	{r4, r5, lr}
10006d46:	4b17      	ldr	r3, [pc, #92]	@ (10006da4 <Paint_SetPixel+0x60>)
10006d48:	889b      	ldrh	r3, [r3, #4]
10006d4a:	4283      	cmp	r3, r0
10006d4c:	d328      	bcc.n	10006da0 <Paint_SetPixel+0x5c>
10006d4e:	4b15      	ldr	r3, [pc, #84]	@ (10006da4 <Paint_SetPixel+0x60>)
10006d50:	88db      	ldrh	r3, [r3, #6]
10006d52:	428b      	cmp	r3, r1
10006d54:	d324      	bcc.n	10006da0 <Paint_SetPixel+0x5c>
10006d56:	0843      	lsrs	r3, r0, #1
10006d58:	469c      	mov	ip, r3
10006d5a:	4484      	add	ip, r0
10006d5c:	4b11      	ldr	r3, [pc, #68]	@ (10006da4 <Paint_SetPixel+0x60>)
10006d5e:	899b      	ldrh	r3, [r3, #12]
10006d60:	4359      	muls	r1, r3
10006d62:	4461      	add	r1, ip
10006d64:	07c0      	lsls	r0, r0, #31
10006d66:	d40e      	bmi.n	10006d86 <Paint_SetPixel+0x42>
10006d68:	4b0e      	ldr	r3, [pc, #56]	@ (10006da4 <Paint_SetPixel+0x60>)
10006d6a:	6818      	ldr	r0, [r3, #0]
10006d6c:	0914      	lsrs	r4, r2, #4
10006d6e:	5444      	strb	r4, [r0, r1]
10006d70:	6818      	ldr	r0, [r3, #0]
10006d72:	3101      	adds	r1, #1
10006d74:	5c43      	ldrb	r3, [r0, r1]
10006d76:	469c      	mov	ip, r3
10006d78:	230f      	movs	r3, #15
10006d7a:	4664      	mov	r4, ip
10006d7c:	4023      	ands	r3, r4
10006d7e:	0112      	lsls	r2, r2, #4
10006d80:	431a      	orrs	r2, r3
10006d82:	5442      	strb	r2, [r0, r1]
10006d84:	e00c      	b.n	10006da0 <Paint_SetPixel+0x5c>
10006d86:	4807      	ldr	r0, [pc, #28]	@ (10006da4 <Paint_SetPixel+0x60>)
10006d88:	6803      	ldr	r3, [r0, #0]
10006d8a:	469c      	mov	ip, r3
10006d8c:	5c5b      	ldrb	r3, [r3, r1]
10006d8e:	0a14      	lsrs	r4, r2, #8
10006d90:	250f      	movs	r5, #15
10006d92:	43ab      	bics	r3, r5
10006d94:	4323      	orrs	r3, r4
10006d96:	4664      	mov	r4, ip
10006d98:	5463      	strb	r3, [r4, r1]
10006d9a:	6803      	ldr	r3, [r0, #0]
10006d9c:	3101      	adds	r1, #1
10006d9e:	545a      	strb	r2, [r3, r1]
10006da0:	bd30      	pop	{r4, r5, pc}
10006da2:	46c0      	nop			@ (mov r8, r8)
10006da4:	20016010 	.word	0x20016010

10006da8 <Paint_Clear>:
10006da8:	b5f0      	push	{r4, r5, r6, r7, lr}
10006daa:	46c6      	mov	lr, r8
10006dac:	b500      	push	{lr}
10006dae:	b082      	sub	sp, #8
10006db0:	2400      	movs	r4, #0
10006db2:	e02c      	b.n	10006e0e <Paint_Clear+0x66>
10006db4:	4e1b      	ldr	r6, [pc, #108]	@ (10006e24 <Paint_Clear+0x7c>)
10006db6:	6837      	ldr	r7, [r6, #0]
10006db8:	5cfa      	ldrb	r2, [r7, r3]
10006dba:	4690      	mov	r8, r2
10006dbc:	0a02      	lsrs	r2, r0, #8
10006dbe:	9201      	str	r2, [sp, #4]
10006dc0:	220f      	movs	r2, #15
10006dc2:	4645      	mov	r5, r8
10006dc4:	4395      	bics	r5, r2
10006dc6:	002a      	movs	r2, r5
10006dc8:	9d01      	ldr	r5, [sp, #4]
10006dca:	432a      	orrs	r2, r5
10006dcc:	54fa      	strb	r2, [r7, r3]
10006dce:	6832      	ldr	r2, [r6, #0]
10006dd0:	3301      	adds	r3, #1
10006dd2:	54d0      	strb	r0, [r2, r3]
10006dd4:	3101      	adds	r1, #1
10006dd6:	b289      	uxth	r1, r1
10006dd8:	4b12      	ldr	r3, [pc, #72]	@ (10006e24 <Paint_Clear+0x7c>)
10006dda:	889b      	ldrh	r3, [r3, #4]
10006ddc:	428b      	cmp	r3, r1
10006dde:	d914      	bls.n	10006e0a <Paint_Clear+0x62>
10006de0:	084b      	lsrs	r3, r1, #1
10006de2:	18cb      	adds	r3, r1, r3
10006de4:	4a0f      	ldr	r2, [pc, #60]	@ (10006e24 <Paint_Clear+0x7c>)
10006de6:	8992      	ldrh	r2, [r2, #12]
10006de8:	4362      	muls	r2, r4
10006dea:	189b      	adds	r3, r3, r2
10006dec:	07ca      	lsls	r2, r1, #31
10006dee:	d4e1      	bmi.n	10006db4 <Paint_Clear+0xc>
10006df0:	4a0c      	ldr	r2, [pc, #48]	@ (10006e24 <Paint_Clear+0x7c>)
10006df2:	6815      	ldr	r5, [r2, #0]
10006df4:	0906      	lsrs	r6, r0, #4
10006df6:	54ee      	strb	r6, [r5, r3]
10006df8:	6815      	ldr	r5, [r2, #0]
10006dfa:	3301      	adds	r3, #1
10006dfc:	5cee      	ldrb	r6, [r5, r3]
10006dfe:	220f      	movs	r2, #15
10006e00:	4032      	ands	r2, r6
10006e02:	0106      	lsls	r6, r0, #4
10006e04:	4332      	orrs	r2, r6
10006e06:	54ea      	strb	r2, [r5, r3]
10006e08:	e7e4      	b.n	10006dd4 <Paint_Clear+0x2c>
10006e0a:	3401      	adds	r4, #1
10006e0c:	b2a4      	uxth	r4, r4
10006e0e:	4b05      	ldr	r3, [pc, #20]	@ (10006e24 <Paint_Clear+0x7c>)
10006e10:	88db      	ldrh	r3, [r3, #6]
10006e12:	42a3      	cmp	r3, r4
10006e14:	d901      	bls.n	10006e1a <Paint_Clear+0x72>
10006e16:	2100      	movs	r1, #0
10006e18:	e7de      	b.n	10006dd8 <Paint_Clear+0x30>
10006e1a:	b002      	add	sp, #8
10006e1c:	bc80      	pop	{r7}
10006e1e:	46b8      	mov	r8, r7
10006e20:	bdf0      	pop	{r4, r5, r6, r7, pc}
10006e22:	46c0      	nop			@ (mov r8, r8)
10006e24:	20016010 	.word	0x20016010

10006e28 <mat_vec_mult4q16>:
10006e28:	b5f0      	push	{r4, r5, r6, r7, lr}
10006e2a:	46de      	mov	lr, fp
10006e2c:	4657      	mov	r7, sl
10006e2e:	464e      	mov	r6, r9
10006e30:	4645      	mov	r5, r8
10006e32:	b5e0      	push	{r5, r6, r7, lr}
10006e34:	b085      	sub	sp, #20
10006e36:	0006      	movs	r6, r0
10006e38:	000c      	movs	r4, r1
10006e3a:	0017      	movs	r7, r2
10006e3c:	2210      	movs	r2, #16
10006e3e:	2100      	movs	r1, #0
10006e40:	f7fb fbfc 	bl	1000263c <__wrap_memset>
10006e44:	6820      	ldr	r0, [r4, #0]
10006e46:	683b      	ldr	r3, [r7, #0]
10006e48:	17c1      	asrs	r1, r0, #31
10006e4a:	17dd      	asrs	r5, r3, #31
10006e4c:	9300      	str	r3, [sp, #0]
10006e4e:	001a      	movs	r2, r3
10006e50:	9502      	str	r5, [sp, #8]
10006e52:	002b      	movs	r3, r5
10006e54:	f7fb fbd0 	bl	100025f8 <__wrap___aeabi_lmul>
10006e58:	0409      	lsls	r1, r1, #16
10006e5a:	0c05      	lsrs	r5, r0, #16
10006e5c:	194d      	adds	r5, r1, r5
10006e5e:	6860      	ldr	r0, [r4, #4]
10006e60:	6879      	ldr	r1, [r7, #4]
10006e62:	000a      	movs	r2, r1
10006e64:	17c1      	asrs	r1, r0, #31
10006e66:	17d3      	asrs	r3, r2, #31
10006e68:	9201      	str	r2, [sp, #4]
10006e6a:	469b      	mov	fp, r3
10006e6c:	f7fb fbc4 	bl	100025f8 <__wrap___aeabi_lmul>
10006e70:	0409      	lsls	r1, r1, #16
10006e72:	0c00      	lsrs	r0, r0, #16
10006e74:	1808      	adds	r0, r1, r0
10006e76:	1945      	adds	r5, r0, r5
10006e78:	68a0      	ldr	r0, [r4, #8]
10006e7a:	68b9      	ldr	r1, [r7, #8]
10006e7c:	000b      	movs	r3, r1
10006e7e:	17c1      	asrs	r1, r0, #31
10006e80:	17da      	asrs	r2, r3, #31
10006e82:	9203      	str	r2, [sp, #12]
10006e84:	469a      	mov	sl, r3
10006e86:	001a      	movs	r2, r3
10006e88:	9b03      	ldr	r3, [sp, #12]
10006e8a:	4699      	mov	r9, r3
10006e8c:	f7fb fbb4 	bl	100025f8 <__wrap___aeabi_lmul>
10006e90:	0409      	lsls	r1, r1, #16
10006e92:	0c00      	lsrs	r0, r0, #16
10006e94:	1808      	adds	r0, r1, r0
10006e96:	182d      	adds	r5, r5, r0
10006e98:	68e0      	ldr	r0, [r4, #12]
10006e9a:	68ff      	ldr	r7, [r7, #12]
10006e9c:	17c1      	asrs	r1, r0, #31
10006e9e:	17fa      	asrs	r2, r7, #31
10006ea0:	0013      	movs	r3, r2
10006ea2:	003a      	movs	r2, r7
10006ea4:	4698      	mov	r8, r3
10006ea6:	f7fb fba7 	bl	100025f8 <__wrap___aeabi_lmul>
10006eaa:	0409      	lsls	r1, r1, #16
10006eac:	0c00      	lsrs	r0, r0, #16
10006eae:	1808      	adds	r0, r1, r0
10006eb0:	182d      	adds	r5, r5, r0
10006eb2:	6035      	str	r5, [r6, #0]
10006eb4:	6920      	ldr	r0, [r4, #16]
10006eb6:	17c1      	asrs	r1, r0, #31
10006eb8:	9a00      	ldr	r2, [sp, #0]
10006eba:	9b02      	ldr	r3, [sp, #8]
10006ebc:	f7fb fb9c 	bl	100025f8 <__wrap___aeabi_lmul>
10006ec0:	0409      	lsls	r1, r1, #16
10006ec2:	0c05      	lsrs	r5, r0, #16
10006ec4:	194d      	adds	r5, r1, r5
10006ec6:	6960      	ldr	r0, [r4, #20]
10006ec8:	17c1      	asrs	r1, r0, #31
10006eca:	9a01      	ldr	r2, [sp, #4]
10006ecc:	465b      	mov	r3, fp
10006ece:	f7fb fb93 	bl	100025f8 <__wrap___aeabi_lmul>
10006ed2:	0409      	lsls	r1, r1, #16
10006ed4:	0c00      	lsrs	r0, r0, #16
10006ed6:	1808      	adds	r0, r1, r0
10006ed8:	1945      	adds	r5, r0, r5
10006eda:	69a0      	ldr	r0, [r4, #24]
10006edc:	17c1      	asrs	r1, r0, #31
10006ede:	4652      	mov	r2, sl
10006ee0:	464b      	mov	r3, r9
10006ee2:	f7fb fb89 	bl	100025f8 <__wrap___aeabi_lmul>
10006ee6:	0409      	lsls	r1, r1, #16
10006ee8:	0c00      	lsrs	r0, r0, #16
10006eea:	1808      	adds	r0, r1, r0
10006eec:	182d      	adds	r5, r5, r0
10006eee:	69e0      	ldr	r0, [r4, #28]
10006ef0:	17c1      	asrs	r1, r0, #31
10006ef2:	003a      	movs	r2, r7
10006ef4:	4643      	mov	r3, r8
10006ef6:	f7fb fb7f 	bl	100025f8 <__wrap___aeabi_lmul>
10006efa:	0409      	lsls	r1, r1, #16
10006efc:	0c00      	lsrs	r0, r0, #16
10006efe:	1808      	adds	r0, r1, r0
10006f00:	182d      	adds	r5, r5, r0
10006f02:	6075      	str	r5, [r6, #4]
10006f04:	6a20      	ldr	r0, [r4, #32]
10006f06:	17c1      	asrs	r1, r0, #31
10006f08:	9a00      	ldr	r2, [sp, #0]
10006f0a:	9b02      	ldr	r3, [sp, #8]
10006f0c:	f7fb fb74 	bl	100025f8 <__wrap___aeabi_lmul>
10006f10:	0409      	lsls	r1, r1, #16
10006f12:	0c05      	lsrs	r5, r0, #16
10006f14:	194d      	adds	r5, r1, r5
10006f16:	6a60      	ldr	r0, [r4, #36]	@ 0x24
10006f18:	17c1      	asrs	r1, r0, #31
10006f1a:	9a01      	ldr	r2, [sp, #4]
10006f1c:	465b      	mov	r3, fp
10006f1e:	f7fb fb6b 	bl	100025f8 <__wrap___aeabi_lmul>
10006f22:	0409      	lsls	r1, r1, #16
10006f24:	0c00      	lsrs	r0, r0, #16
10006f26:	1808      	adds	r0, r1, r0
10006f28:	1945      	adds	r5, r0, r5
10006f2a:	6aa0      	ldr	r0, [r4, #40]	@ 0x28
10006f2c:	17c1      	asrs	r1, r0, #31
10006f2e:	4652      	mov	r2, sl
10006f30:	464b      	mov	r3, r9
10006f32:	f7fb fb61 	bl	100025f8 <__wrap___aeabi_lmul>
10006f36:	0409      	lsls	r1, r1, #16
10006f38:	0c00      	lsrs	r0, r0, #16
10006f3a:	1808      	adds	r0, r1, r0
10006f3c:	182d      	adds	r5, r5, r0
10006f3e:	6ae0      	ldr	r0, [r4, #44]	@ 0x2c
10006f40:	17c1      	asrs	r1, r0, #31
10006f42:	003a      	movs	r2, r7
10006f44:	4643      	mov	r3, r8
10006f46:	f7fb fb57 	bl	100025f8 <__wrap___aeabi_lmul>
10006f4a:	0409      	lsls	r1, r1, #16
10006f4c:	0c00      	lsrs	r0, r0, #16
10006f4e:	1808      	adds	r0, r1, r0
10006f50:	182d      	adds	r5, r5, r0
10006f52:	60b5      	str	r5, [r6, #8]
10006f54:	6b20      	ldr	r0, [r4, #48]	@ 0x30
10006f56:	17c1      	asrs	r1, r0, #31
10006f58:	9a00      	ldr	r2, [sp, #0]
10006f5a:	9b02      	ldr	r3, [sp, #8]
10006f5c:	f7fb fb4c 	bl	100025f8 <__wrap___aeabi_lmul>
10006f60:	0409      	lsls	r1, r1, #16
10006f62:	0c05      	lsrs	r5, r0, #16
10006f64:	194d      	adds	r5, r1, r5
10006f66:	6b60      	ldr	r0, [r4, #52]	@ 0x34
10006f68:	17c1      	asrs	r1, r0, #31
10006f6a:	9a01      	ldr	r2, [sp, #4]
10006f6c:	465b      	mov	r3, fp
10006f6e:	f7fb fb43 	bl	100025f8 <__wrap___aeabi_lmul>
10006f72:	0409      	lsls	r1, r1, #16
10006f74:	0c00      	lsrs	r0, r0, #16
10006f76:	1808      	adds	r0, r1, r0
10006f78:	1945      	adds	r5, r0, r5
10006f7a:	6ba0      	ldr	r0, [r4, #56]	@ 0x38
10006f7c:	17c1      	asrs	r1, r0, #31
10006f7e:	4652      	mov	r2, sl
10006f80:	464b      	mov	r3, r9
10006f82:	f7fb fb39 	bl	100025f8 <__wrap___aeabi_lmul>
10006f86:	0409      	lsls	r1, r1, #16
10006f88:	0c00      	lsrs	r0, r0, #16
10006f8a:	1808      	adds	r0, r1, r0
10006f8c:	182d      	adds	r5, r5, r0
10006f8e:	6be0      	ldr	r0, [r4, #60]	@ 0x3c
10006f90:	17c1      	asrs	r1, r0, #31
10006f92:	003a      	movs	r2, r7
10006f94:	4643      	mov	r3, r8
10006f96:	f7fb fb2f 	bl	100025f8 <__wrap___aeabi_lmul>
10006f9a:	0409      	lsls	r1, r1, #16
10006f9c:	0c00      	lsrs	r0, r0, #16
10006f9e:	1808      	adds	r0, r1, r0
10006fa0:	1828      	adds	r0, r5, r0
10006fa2:	60f0      	str	r0, [r6, #12]
10006fa4:	0030      	movs	r0, r6
10006fa6:	b005      	add	sp, #20
10006fa8:	bcf0      	pop	{r4, r5, r6, r7}
10006faa:	46bb      	mov	fp, r7
10006fac:	46b2      	mov	sl, r6
10006fae:	46a9      	mov	r9, r5
10006fb0:	46a0      	mov	r8, r4
10006fb2:	bdf0      	pop	{r4, r5, r6, r7, pc}

10006fb4 <edge_function>:
10006fb4:	b570      	push	{r4, r5, r6, lr}
10006fb6:	b086      	sub	sp, #24
10006fb8:	0003      	movs	r3, r0
10006fba:	0010      	movs	r0, r2
10006fbc:	680a      	ldr	r2, [r1, #0]
10006fbe:	681c      	ldr	r4, [r3, #0]
10006fc0:	46a4      	mov	ip, r4
10006fc2:	1b12      	subs	r2, r2, r4
10006fc4:	9203      	str	r2, [sp, #12]
10006fc6:	6849      	ldr	r1, [r1, #4]
10006fc8:	685d      	ldr	r5, [r3, #4]
10006fca:	1b49      	subs	r1, r1, r5
10006fcc:	9104      	str	r1, [sp, #16]
10006fce:	2400      	movs	r4, #0
10006fd0:	9405      	str	r4, [sp, #20]
10006fd2:	6803      	ldr	r3, [r0, #0]
10006fd4:	4666      	mov	r6, ip
10006fd6:	1b9b      	subs	r3, r3, r6
10006fd8:	9300      	str	r3, [sp, #0]
10006fda:	6840      	ldr	r0, [r0, #4]
10006fdc:	1b40      	subs	r0, r0, r5
10006fde:	9001      	str	r0, [sp, #4]
10006fe0:	9402      	str	r4, [sp, #8]
10006fe2:	4350      	muls	r0, r2
10006fe4:	434b      	muls	r3, r1
10006fe6:	1ac0      	subs	r0, r0, r3
10006fe8:	b006      	add	sp, #24
10006fea:	bd70      	pop	{r4, r5, r6, pc}

10006fec <draw>:
10006fec:	b5f0      	push	{r4, r5, r6, r7, lr}
10006fee:	46de      	mov	lr, fp
10006ff0:	4657      	mov	r7, sl
10006ff2:	464e      	mov	r6, r9
10006ff4:	4645      	mov	r5, r8
10006ff6:	b5e0      	push	{r5, r6, r7, lr}
10006ff8:	b0bd      	sub	sp, #244	@ 0xf4
10006ffa:	9007      	str	r0, [sp, #28]
10006ffc:	2300      	movs	r3, #0
10006ffe:	9305      	str	r3, [sp, #20]
10007000:	e010      	b.n	10007024 <draw+0x38>
10007002:	2200      	movs	r2, #0
10007004:	9203      	str	r2, [sp, #12]
10007006:	e10f      	b.n	10007228 <draw+0x23c>
10007008:	2200      	movs	r2, #0
1000700a:	4692      	mov	sl, r2
1000700c:	e110      	b.n	10007230 <draw+0x244>
1000700e:	2c00      	cmp	r4, #0
10007010:	db00      	blt.n	10007014 <draw+0x28>
10007012:	e194      	b.n	1000733e <draw+0x352>
10007014:	e002      	b.n	1000701c <draw+0x30>
10007016:	2c00      	cmp	r4, #0
10007018:	da00      	bge.n	1000701c <draw+0x30>
1000701a:	e16d      	b.n	100072f8 <draw+0x30c>
1000701c:	9b05      	ldr	r3, [sp, #20]
1000701e:	3303      	adds	r3, #3
10007020:	b29b      	uxth	r3, r3
10007022:	9305      	str	r3, [sp, #20]
10007024:	9b05      	ldr	r3, [sp, #20]
10007026:	1c98      	adds	r0, r3, #2
10007028:	9b07      	ldr	r3, [sp, #28]
1000702a:	689b      	ldr	r3, [r3, #8]
1000702c:	4298      	cmp	r0, r3
1000702e:	d300      	bcc.n	10007032 <draw+0x46>
10007030:	e231      	b.n	10007496 <draw+0x4aa>
10007032:	9c05      	ldr	r4, [sp, #20]
10007034:	0022      	movs	r2, r4
10007036:	1c63      	adds	r3, r4, #1
10007038:	9907      	ldr	r1, [sp, #28]
1000703a:	6849      	ldr	r1, [r1, #4]
1000703c:	2900      	cmp	r1, #0
1000703e:	d005      	beq.n	1000704c <draw+0x60>
10007040:	00a2      	lsls	r2, r4, #2
10007042:	588a      	ldr	r2, [r1, r2]
10007044:	009b      	lsls	r3, r3, #2
10007046:	58cb      	ldr	r3, [r1, r3]
10007048:	0080      	lsls	r0, r0, #2
1000704a:	5808      	ldr	r0, [r1, r0]
1000704c:	9e07      	ldr	r6, [sp, #28]
1000704e:	6831      	ldr	r1, [r6, #0]
10007050:	0112      	lsls	r2, r2, #4
10007052:	188a      	adds	r2, r1, r2
10007054:	ac0f      	add	r4, sp, #60	@ 0x3c
10007056:	8995      	ldrh	r5, [r2, #12]
10007058:	8025      	strh	r5, [r4, #0]
1000705a:	7b95      	ldrb	r5, [r2, #14]
1000705c:	70a5      	strb	r5, [r4, #2]
1000705e:	011b      	lsls	r3, r3, #4
10007060:	18cb      	adds	r3, r1, r3
10007062:	ac10      	add	r4, sp, #64	@ 0x40
10007064:	899d      	ldrh	r5, [r3, #12]
10007066:	8025      	strh	r5, [r4, #0]
10007068:	7b9d      	ldrb	r5, [r3, #14]
1000706a:	70a5      	strb	r5, [r4, #2]
1000706c:	0100      	lsls	r0, r0, #4
1000706e:	1809      	adds	r1, r1, r0
10007070:	a811      	add	r0, sp, #68	@ 0x44
10007072:	898c      	ldrh	r4, [r1, #12]
10007074:	8004      	strh	r4, [r0, #0]
10007076:	7b8c      	ldrb	r4, [r1, #14]
10007078:	7084      	strb	r4, [r0, #2]
1000707a:	6815      	ldr	r5, [r2, #0]
1000707c:	6850      	ldr	r0, [r2, #4]
1000707e:	6892      	ldr	r2, [r2, #8]
10007080:	ac14      	add	r4, sp, #80	@ 0x50
10007082:	9514      	str	r5, [sp, #80]	@ 0x50
10007084:	9015      	str	r0, [sp, #84]	@ 0x54
10007086:	9216      	str	r2, [sp, #88]	@ 0x58
10007088:	2280      	movs	r2, #128	@ 0x80
1000708a:	0252      	lsls	r2, r2, #9
1000708c:	9217      	str	r2, [sp, #92]	@ 0x5c
1000708e:	681d      	ldr	r5, [r3, #0]
10007090:	6858      	ldr	r0, [r3, #4]
10007092:	689b      	ldr	r3, [r3, #8]
10007094:	af18      	add	r7, sp, #96	@ 0x60
10007096:	9518      	str	r5, [sp, #96]	@ 0x60
10007098:	9019      	str	r0, [sp, #100]	@ 0x64
1000709a:	931a      	str	r3, [sp, #104]	@ 0x68
1000709c:	921b      	str	r2, [sp, #108]	@ 0x6c
1000709e:	680d      	ldr	r5, [r1, #0]
100070a0:	6848      	ldr	r0, [r1, #4]
100070a2:	688b      	ldr	r3, [r1, #8]
100070a4:	951c      	str	r5, [sp, #112]	@ 0x70
100070a6:	901d      	str	r0, [sp, #116]	@ 0x74
100070a8:	931e      	str	r3, [sp, #120]	@ 0x78
100070aa:	921f      	str	r2, [sp, #124]	@ 0x7c
100070ac:	0033      	movs	r3, r6
100070ae:	3310      	adds	r3, #16
100070b0:	ad0a      	add	r5, sp, #40	@ 0x28
100070b2:	0022      	movs	r2, r4
100070b4:	4698      	mov	r8, r3
100070b6:	0019      	movs	r1, r3
100070b8:	0028      	movs	r0, r5
100070ba:	f7ff feb5 	bl	10006e28 <mat_vec_mult4q16>
100070be:	0023      	movs	r3, r4
100070c0:	002e      	movs	r6, r5
100070c2:	ce07      	ldmia	r6!, {r0, r1, r2}
100070c4:	c307      	stmia	r3!, {r0, r1, r2}
100070c6:	46b1      	mov	r9, r6
100070c8:	6832      	ldr	r2, [r6, #0]
100070ca:	601a      	str	r2, [r3, #0]
100070cc:	003a      	movs	r2, r7
100070ce:	4641      	mov	r1, r8
100070d0:	0028      	movs	r0, r5
100070d2:	f7ff fea9 	bl	10006e28 <mat_vec_mult4q16>
100070d6:	003b      	movs	r3, r7
100070d8:	002a      	movs	r2, r5
100070da:	ca43      	ldmia	r2!, {r0, r1, r6}
100070dc:	c343      	stmia	r3!, {r0, r1, r6}
100070de:	6812      	ldr	r2, [r2, #0]
100070e0:	601a      	str	r2, [r3, #0]
100070e2:	aa1c      	add	r2, sp, #112	@ 0x70
100070e4:	4641      	mov	r1, r8
100070e6:	0028      	movs	r0, r5
100070e8:	f7ff fe9e 	bl	10006e28 <mat_vec_mult4q16>
100070ec:	ab1c      	add	r3, sp, #112	@ 0x70
100070ee:	cd07      	ldmia	r5!, {r0, r1, r2}
100070f0:	c307      	stmia	r3!, {r0, r1, r2}
100070f2:	464a      	mov	r2, r9
100070f4:	6812      	ldr	r2, [r2, #0]
100070f6:	601a      	str	r2, [r3, #0]
100070f8:	ad2c      	add	r5, sp, #176	@ 0xb0
100070fa:	2210      	movs	r2, #16
100070fc:	0021      	movs	r1, r4
100070fe:	0028      	movs	r0, r5
10007100:	f7fb faa2 	bl	10002648 <__wrap___aeabi_memcpy>
10007104:	9a2c      	ldr	r2, [sp, #176]	@ 0xb0
10007106:	0113      	lsls	r3, r2, #4
10007108:	1a9b      	subs	r3, r3, r2
1000710a:	00db      	lsls	r3, r3, #3
1000710c:	9301      	str	r3, [sp, #4]
1000710e:	22f0      	movs	r2, #240	@ 0xf0
10007110:	03d2      	lsls	r2, r2, #15
10007112:	469c      	mov	ip, r3
10007114:	4462      	add	r2, ip
10007116:	4691      	mov	r9, r2
10007118:	922c      	str	r2, [sp, #176]	@ 0xb0
1000711a:	9a2d      	ldr	r2, [sp, #180]	@ 0xb4
1000711c:	0113      	lsls	r3, r2, #4
1000711e:	1a9b      	subs	r3, r3, r2
10007120:	00db      	lsls	r3, r3, #3
10007122:	9302      	str	r3, [sp, #8]
10007124:	22f0      	movs	r2, #240	@ 0xf0
10007126:	03d2      	lsls	r2, r2, #15
10007128:	469c      	mov	ip, r3
1000712a:	4462      	add	r2, ip
1000712c:	4690      	mov	r8, r2
1000712e:	922d      	str	r2, [sp, #180]	@ 0xb4
10007130:	ab38      	add	r3, sp, #224	@ 0xe0
10007132:	469a      	mov	sl, r3
10007134:	2210      	movs	r2, #16
10007136:	0029      	movs	r1, r5
10007138:	0018      	movs	r0, r3
1000713a:	f7fb fa85 	bl	10002648 <__wrap___aeabi_memcpy>
1000713e:	2210      	movs	r2, #16
10007140:	4651      	mov	r1, sl
10007142:	0020      	movs	r0, r4
10007144:	f7fb fa80 	bl	10002648 <__wrap___aeabi_memcpy>
10007148:	2210      	movs	r2, #16
1000714a:	0039      	movs	r1, r7
1000714c:	0028      	movs	r0, r5
1000714e:	f7fb fa7b 	bl	10002648 <__wrap___aeabi_memcpy>
10007152:	9a2c      	ldr	r2, [sp, #176]	@ 0xb0
10007154:	0113      	lsls	r3, r2, #4
10007156:	1a9b      	subs	r3, r3, r2
10007158:	00db      	lsls	r3, r3, #3
1000715a:	9304      	str	r3, [sp, #16]
1000715c:	24f0      	movs	r4, #240	@ 0xf0
1000715e:	03e4      	lsls	r4, r4, #15
10007160:	469c      	mov	ip, r3
10007162:	4464      	add	r4, ip
10007164:	942c      	str	r4, [sp, #176]	@ 0xb0
10007166:	9a2d      	ldr	r2, [sp, #180]	@ 0xb4
10007168:	0113      	lsls	r3, r2, #4
1000716a:	1a9b      	subs	r3, r3, r2
1000716c:	00db      	lsls	r3, r3, #3
1000716e:	001a      	movs	r2, r3
10007170:	9306      	str	r3, [sp, #24]
10007172:	23f0      	movs	r3, #240	@ 0xf0
10007174:	03db      	lsls	r3, r3, #15
10007176:	4694      	mov	ip, r2
10007178:	4463      	add	r3, ip
1000717a:	001e      	movs	r6, r3
1000717c:	932d      	str	r3, [sp, #180]	@ 0xb4
1000717e:	ab34      	add	r3, sp, #208	@ 0xd0
10007180:	469a      	mov	sl, r3
10007182:	2210      	movs	r2, #16
10007184:	0029      	movs	r1, r5
10007186:	0018      	movs	r0, r3
10007188:	f7fb fa5e 	bl	10002648 <__wrap___aeabi_memcpy>
1000718c:	2210      	movs	r2, #16
1000718e:	4651      	mov	r1, sl
10007190:	0038      	movs	r0, r7
10007192:	f7fb fa59 	bl	10002648 <__wrap___aeabi_memcpy>
10007196:	2210      	movs	r2, #16
10007198:	a91c      	add	r1, sp, #112	@ 0x70
1000719a:	0028      	movs	r0, r5
1000719c:	f7fb fa54 	bl	10002648 <__wrap___aeabi_memcpy>
100071a0:	9a2c      	ldr	r2, [sp, #176]	@ 0xb0
100071a2:	0113      	lsls	r3, r2, #4
100071a4:	1a9b      	subs	r3, r3, r2
100071a6:	00db      	lsls	r3, r3, #3
100071a8:	9308      	str	r3, [sp, #32]
100071aa:	22f0      	movs	r2, #240	@ 0xf0
100071ac:	03d2      	lsls	r2, r2, #15
100071ae:	469c      	mov	ip, r3
100071b0:	4462      	add	r2, ip
100071b2:	4692      	mov	sl, r2
100071b4:	922c      	str	r2, [sp, #176]	@ 0xb0
100071b6:	9a2d      	ldr	r2, [sp, #180]	@ 0xb4
100071b8:	0113      	lsls	r3, r2, #4
100071ba:	1a9b      	subs	r3, r3, r2
100071bc:	00db      	lsls	r3, r3, #3
100071be:	9309      	str	r3, [sp, #36]	@ 0x24
100071c0:	27f0      	movs	r7, #240	@ 0xf0
100071c2:	03ff      	lsls	r7, r7, #15
100071c4:	469c      	mov	ip, r3
100071c6:	4467      	add	r7, ip
100071c8:	972d      	str	r7, [sp, #180]	@ 0xb4
100071ca:	ab30      	add	r3, sp, #192	@ 0xc0
100071cc:	469b      	mov	fp, r3
100071ce:	2210      	movs	r2, #16
100071d0:	0029      	movs	r1, r5
100071d2:	0018      	movs	r0, r3
100071d4:	f7fb fa38 	bl	10002648 <__wrap___aeabi_memcpy>
100071d8:	2210      	movs	r2, #16
100071da:	4659      	mov	r1, fp
100071dc:	a81c      	add	r0, sp, #112	@ 0x70
100071de:	f7fb fa33 	bl	10002648 <__wrap___aeabi_memcpy>
100071e2:	0022      	movs	r2, r4
100071e4:	454c      	cmp	r4, r9
100071e6:	dd00      	ble.n	100071ea <draw+0x1fe>
100071e8:	464a      	mov	r2, r9
100071ea:	4552      	cmp	r2, sl
100071ec:	dd00      	ble.n	100071f0 <draw+0x204>
100071ee:	4652      	mov	r2, sl
100071f0:	1412      	asrs	r2, r2, #16
100071f2:	454c      	cmp	r4, r9
100071f4:	da00      	bge.n	100071f8 <draw+0x20c>
100071f6:	464c      	mov	r4, r9
100071f8:	4554      	cmp	r4, sl
100071fa:	da00      	bge.n	100071fe <draw+0x212>
100071fc:	4654      	mov	r4, sl
100071fe:	1424      	asrs	r4, r4, #16
10007200:	0035      	movs	r5, r6
10007202:	4546      	cmp	r6, r8
10007204:	dd00      	ble.n	10007208 <draw+0x21c>
10007206:	4645      	mov	r5, r8
10007208:	42bd      	cmp	r5, r7
1000720a:	dd00      	ble.n	1000720e <draw+0x222>
1000720c:	003d      	movs	r5, r7
1000720e:	142d      	asrs	r5, r5, #16
10007210:	0033      	movs	r3, r6
10007212:	4546      	cmp	r6, r8
10007214:	da00      	bge.n	10007218 <draw+0x22c>
10007216:	4643      	mov	r3, r8
10007218:	42bb      	cmp	r3, r7
1000721a:	da00      	bge.n	1000721e <draw+0x232>
1000721c:	003b      	movs	r3, r7
1000721e:	141b      	asrs	r3, r3, #16
10007220:	9203      	str	r2, [sp, #12]
10007222:	2a00      	cmp	r2, #0
10007224:	da00      	bge.n	10007228 <draw+0x23c>
10007226:	e6ec      	b.n	10007002 <draw+0x16>
10007228:	46aa      	mov	sl, r5
1000722a:	2d00      	cmp	r5, #0
1000722c:	da00      	bge.n	10007230 <draw+0x244>
1000722e:	e6eb      	b.n	10007008 <draw+0x1c>
10007230:	46a1      	mov	r9, r4
10007232:	2cf0      	cmp	r4, #240	@ 0xf0
10007234:	dd01      	ble.n	1000723a <draw+0x24e>
10007236:	22f0      	movs	r2, #240	@ 0xf0
10007238:	4691      	mov	r9, r2
1000723a:	469b      	mov	fp, r3
1000723c:	2bf0      	cmp	r3, #240	@ 0xf0
1000723e:	dd01      	ble.n	10007244 <draw+0x258>
10007240:	23f0      	movs	r3, #240	@ 0xf0
10007242:	469b      	mov	fp, r3
10007244:	9801      	ldr	r0, [sp, #4]
10007246:	23f1      	movs	r3, #241	@ 0xf1
10007248:	03db      	lsls	r3, r3, #15
1000724a:	469c      	mov	ip, r3
1000724c:	4460      	add	r0, ip
1000724e:	1400      	asrs	r0, r0, #16
10007250:	9c02      	ldr	r4, [sp, #8]
10007252:	4464      	add	r4, ip
10007254:	1424      	asrs	r4, r4, #16
10007256:	aa14      	add	r2, sp, #80	@ 0x50
10007258:	9b16      	ldr	r3, [sp, #88]	@ 0x58
1000725a:	2180      	movs	r1, #128	@ 0x80
1000725c:	0209      	lsls	r1, r1, #8
1000725e:	468c      	mov	ip, r1
10007260:	4463      	add	r3, ip
10007262:	1419      	asrs	r1, r3, #16
10007264:	230e      	movs	r3, #14
10007266:	5ed2      	ldrsh	r2, [r2, r3]
10007268:	9020      	str	r0, [sp, #128]	@ 0x80
1000726a:	9421      	str	r4, [sp, #132]	@ 0x84
1000726c:	9122      	str	r1, [sp, #136]	@ 0x88
1000726e:	9223      	str	r2, [sp, #140]	@ 0x8c
10007270:	9e04      	ldr	r6, [sp, #16]
10007272:	23f1      	movs	r3, #241	@ 0xf1
10007274:	03db      	lsls	r3, r3, #15
10007276:	469c      	mov	ip, r3
10007278:	4466      	add	r6, ip
1000727a:	1436      	asrs	r6, r6, #16
1000727c:	9906      	ldr	r1, [sp, #24]
1000727e:	4461      	add	r1, ip
10007280:	1409      	asrs	r1, r1, #16
10007282:	aa18      	add	r2, sp, #96	@ 0x60
10007284:	9b1a      	ldr	r3, [sp, #104]	@ 0x68
10007286:	2580      	movs	r5, #128	@ 0x80
10007288:	022d      	lsls	r5, r5, #8
1000728a:	46ac      	mov	ip, r5
1000728c:	4463      	add	r3, ip
1000728e:	141b      	asrs	r3, r3, #16
10007290:	270e      	movs	r7, #14
10007292:	5fd7      	ldrsh	r7, [r2, r7]
10007294:	9624      	str	r6, [sp, #144]	@ 0x90
10007296:	9125      	str	r1, [sp, #148]	@ 0x94
10007298:	9326      	str	r3, [sp, #152]	@ 0x98
1000729a:	9727      	str	r7, [sp, #156]	@ 0x9c
1000729c:	9a08      	ldr	r2, [sp, #32]
1000729e:	23f1      	movs	r3, #241	@ 0xf1
100072a0:	03db      	lsls	r3, r3, #15
100072a2:	469c      	mov	ip, r3
100072a4:	4462      	add	r2, ip
100072a6:	1412      	asrs	r2, r2, #16
100072a8:	9b09      	ldr	r3, [sp, #36]	@ 0x24
100072aa:	4463      	add	r3, ip
100072ac:	141b      	asrs	r3, r3, #16
100072ae:	ad1c      	add	r5, sp, #112	@ 0x70
100072b0:	9f1e      	ldr	r7, [sp, #120]	@ 0x78
100072b2:	46b8      	mov	r8, r7
100072b4:	2780      	movs	r7, #128	@ 0x80
100072b6:	023f      	lsls	r7, r7, #8
100072b8:	46bc      	mov	ip, r7
100072ba:	4647      	mov	r7, r8
100072bc:	4467      	add	r7, ip
100072be:	143f      	asrs	r7, r7, #16
100072c0:	46bc      	mov	ip, r7
100072c2:	270e      	movs	r7, #14
100072c4:	5fed      	ldrsh	r5, [r5, r7]
100072c6:	9228      	str	r2, [sp, #160]	@ 0xa0
100072c8:	9329      	str	r3, [sp, #164]	@ 0xa4
100072ca:	4667      	mov	r7, ip
100072cc:	972a      	str	r7, [sp, #168]	@ 0xa8
100072ce:	952b      	str	r5, [sp, #172]	@ 0xac
100072d0:	1a36      	subs	r6, r6, r0
100072d2:	1b1b      	subs	r3, r3, r4
100072d4:	4373      	muls	r3, r6
100072d6:	1b09      	subs	r1, r1, r4
100072d8:	1a12      	subs	r2, r2, r0
100072da:	434a      	muls	r2, r1
100072dc:	1a9c      	subs	r4, r3, r2
100072de:	4293      	cmp	r3, r2
100072e0:	d100      	bne.n	100072e4 <draw+0x2f8>
100072e2:	e69b      	b.n	1000701c <draw+0x30>
100072e4:	9907      	ldr	r1, [sp, #28]
100072e6:	7b09      	ldrb	r1, [r1, #12]
100072e8:	2901      	cmp	r1, #1
100072ea:	d100      	bne.n	100072ee <draw+0x302>
100072ec:	e68f      	b.n	1000700e <draw+0x22>
100072ee:	2902      	cmp	r1, #2
100072f0:	d100      	bne.n	100072f4 <draw+0x308>
100072f2:	e690      	b.n	10007016 <draw+0x2a>
100072f4:	2c00      	cmp	r4, #0
100072f6:	da22      	bge.n	1000733e <draw+0x352>
100072f8:	1ad4      	subs	r4, r2, r3
100072fa:	af2c      	add	r7, sp, #176	@ 0xb0
100072fc:	ab24      	add	r3, sp, #144	@ 0x90
100072fe:	4698      	mov	r8, r3
10007300:	2210      	movs	r2, #16
10007302:	0019      	movs	r1, r3
10007304:	0038      	movs	r0, r7
10007306:	f7fb f99f 	bl	10002648 <__wrap___aeabi_memcpy>
1000730a:	ae28      	add	r6, sp, #160	@ 0xa0
1000730c:	2210      	movs	r2, #16
1000730e:	0031      	movs	r1, r6
10007310:	4640      	mov	r0, r8
10007312:	f7fb f999 	bl	10002648 <__wrap___aeabi_memcpy>
10007316:	2210      	movs	r2, #16
10007318:	0039      	movs	r1, r7
1000731a:	0030      	movs	r0, r6
1000731c:	f7fb f994 	bl	10002648 <__wrap___aeabi_memcpy>
10007320:	aa13      	add	r2, sp, #76	@ 0x4c
10007322:	a910      	add	r1, sp, #64	@ 0x40
10007324:	880b      	ldrh	r3, [r1, #0]
10007326:	8013      	strh	r3, [r2, #0]
10007328:	788b      	ldrb	r3, [r1, #2]
1000732a:	7093      	strb	r3, [r2, #2]
1000732c:	ab11      	add	r3, sp, #68	@ 0x44
1000732e:	8818      	ldrh	r0, [r3, #0]
10007330:	8008      	strh	r0, [r1, #0]
10007332:	7898      	ldrb	r0, [r3, #2]
10007334:	7088      	strb	r0, [r1, #2]
10007336:	8811      	ldrh	r1, [r2, #0]
10007338:	8019      	strh	r1, [r3, #0]
1000733a:	7892      	ldrb	r2, [r2, #2]
1000733c:	709a      	strb	r2, [r3, #2]
1000733e:	0021      	movs	r1, r4
10007340:	2080      	movs	r0, #128	@ 0x80
10007342:	0600      	lsls	r0, r0, #24
10007344:	f7fa fdc2 	bl	10001ecc <__wrap___aeabi_uidiv>
10007348:	9004      	str	r0, [sp, #16]
1000734a:	4653      	mov	r3, sl
1000734c:	b29b      	uxth	r3, r3
1000734e:	9301      	str	r3, [sp, #4]
10007350:	465b      	mov	r3, fp
10007352:	9306      	str	r3, [sp, #24]
10007354:	e096      	b.n	10007484 <draw+0x498>
10007356:	17f1      	asrs	r1, r6, #31
10007358:	9b04      	ldr	r3, [sp, #16]
1000735a:	4698      	mov	r8, r3
1000735c:	001a      	movs	r2, r3
1000735e:	2300      	movs	r3, #0
10007360:	0030      	movs	r0, r6
10007362:	f7fb f949 	bl	100025f8 <__wrap___aeabi_lmul>
10007366:	0449      	lsls	r1, r1, #17
10007368:	0bc6      	lsrs	r6, r0, #15
1000736a:	198e      	adds	r6, r1, r6
1000736c:	17fb      	asrs	r3, r7, #31
1000736e:	003a      	movs	r2, r7
10007370:	4640      	mov	r0, r8
10007372:	2100      	movs	r1, #0
10007374:	f7fb f940 	bl	100025f8 <__wrap___aeabi_lmul>
10007378:	0449      	lsls	r1, r1, #17
1000737a:	0bc7      	lsrs	r7, r0, #15
1000737c:	19cf      	adds	r7, r1, r7
1000737e:	17eb      	asrs	r3, r5, #31
10007380:	002a      	movs	r2, r5
10007382:	4640      	mov	r0, r8
10007384:	2100      	movs	r1, #0
10007386:	f7fb f937 	bl	100025f8 <__wrap___aeabi_lmul>
1000738a:	0449      	lsls	r1, r1, #17
1000738c:	0bc2      	lsrs	r2, r0, #15
1000738e:	188a      	adds	r2, r1, r2
10007390:	ab0f      	add	r3, sp, #60	@ 0x3c
10007392:	4698      	mov	r8, r3
10007394:	781b      	ldrb	r3, [r3, #0]
10007396:	4373      	muls	r3, r6
10007398:	a910      	add	r1, sp, #64	@ 0x40
1000739a:	468c      	mov	ip, r1
1000739c:	7809      	ldrb	r1, [r1, #0]
1000739e:	4379      	muls	r1, r7
100073a0:	185b      	adds	r3, r3, r1
100073a2:	a811      	add	r0, sp, #68	@ 0x44
100073a4:	7801      	ldrb	r1, [r0, #0]
100073a6:	4351      	muls	r1, r2
100073a8:	185b      	adds	r3, r3, r1
100073aa:	141b      	asrs	r3, r3, #16
100073ac:	a912      	add	r1, sp, #72	@ 0x48
100073ae:	9302      	str	r3, [sp, #8]
100073b0:	700b      	strb	r3, [r1, #0]
100073b2:	4643      	mov	r3, r8
100073b4:	785d      	ldrb	r5, [r3, #1]
100073b6:	4375      	muls	r5, r6
100073b8:	46ab      	mov	fp, r5
100073ba:	4663      	mov	r3, ip
100073bc:	785d      	ldrb	r5, [r3, #1]
100073be:	437d      	muls	r5, r7
100073c0:	445d      	add	r5, fp
100073c2:	7843      	ldrb	r3, [r0, #1]
100073c4:	4353      	muls	r3, r2
100073c6:	469b      	mov	fp, r3
100073c8:	445d      	add	r5, fp
100073ca:	142d      	asrs	r5, r5, #16
100073cc:	704d      	strb	r5, [r1, #1]
100073ce:	4643      	mov	r3, r8
100073d0:	789b      	ldrb	r3, [r3, #2]
100073d2:	435e      	muls	r6, r3
100073d4:	4663      	mov	r3, ip
100073d6:	789b      	ldrb	r3, [r3, #2]
100073d8:	435f      	muls	r7, r3
100073da:	19f6      	adds	r6, r6, r7
100073dc:	7880      	ldrb	r0, [r0, #2]
100073de:	4342      	muls	r2, r0
100073e0:	18b6      	adds	r6, r6, r2
100073e2:	1436      	asrs	r6, r6, #16
100073e4:	708e      	strb	r6, [r1, #2]
100073e6:	aa13      	add	r2, sp, #76	@ 0x4c
100073e8:	8808      	ldrh	r0, [r1, #0]
100073ea:	8010      	strh	r0, [r2, #0]
100073ec:	7889      	ldrb	r1, [r1, #2]
100073ee:	7091      	strb	r1, [r2, #2]
100073f0:	27ff      	movs	r7, #255	@ 0xff
100073f2:	9b02      	ldr	r3, [sp, #8]
100073f4:	403b      	ands	r3, r7
100073f6:	0018      	movs	r0, r3
100073f8:	2111      	movs	r1, #17
100073fa:	f7fa fd3f 	bl	10001e7c <__wrap___aeabi_idiv>
100073fe:	b2c3      	uxtb	r3, r0
10007400:	4698      	mov	r8, r3
10007402:	0028      	movs	r0, r5
10007404:	4038      	ands	r0, r7
10007406:	2111      	movs	r1, #17
10007408:	f7fa fd38 	bl	10001e7c <__wrap___aeabi_idiv>
1000740c:	b2c5      	uxtb	r5, r0
1000740e:	0038      	movs	r0, r7
10007410:	4030      	ands	r0, r6
10007412:	2111      	movs	r1, #17
10007414:	f7fa fd32 	bl	10001e7c <__wrap___aeabi_idiv>
10007418:	b2c0      	uxtb	r0, r0
1000741a:	012a      	lsls	r2, r5, #4
1000741c:	4643      	mov	r3, r8
1000741e:	021b      	lsls	r3, r3, #8
10007420:	431a      	orrs	r2, r3
10007422:	4302      	orrs	r2, r0
10007424:	9901      	ldr	r1, [sp, #4]
10007426:	0020      	movs	r0, r4
10007428:	f7ff fc8c 	bl	10006d44 <Paint_SetPixel>
1000742c:	3401      	adds	r4, #1
1000742e:	b2a4      	uxth	r4, r4
10007430:	454c      	cmp	r4, r9
10007432:	dc23      	bgt.n	1000747c <draw+0x490>
10007434:	ad2c      	add	r5, sp, #176	@ 0xb0
10007436:	942c      	str	r4, [sp, #176]	@ 0xb0
10007438:	4653      	mov	r3, sl
1000743a:	932d      	str	r3, [sp, #180]	@ 0xb4
1000743c:	2300      	movs	r3, #0
1000743e:	932e      	str	r3, [sp, #184]	@ 0xb8
10007440:	af28      	add	r7, sp, #160	@ 0xa0
10007442:	ab24      	add	r3, sp, #144	@ 0x90
10007444:	469b      	mov	fp, r3
10007446:	002a      	movs	r2, r5
10007448:	0039      	movs	r1, r7
1000744a:	0018      	movs	r0, r3
1000744c:	f7ff fdb2 	bl	10006fb4 <edge_function>
10007450:	0006      	movs	r6, r0
10007452:	ab20      	add	r3, sp, #128	@ 0x80
10007454:	4698      	mov	r8, r3
10007456:	002a      	movs	r2, r5
10007458:	0019      	movs	r1, r3
1000745a:	0038      	movs	r0, r7
1000745c:	f7ff fdaa 	bl	10006fb4 <edge_function>
10007460:	0007      	movs	r7, r0
10007462:	002a      	movs	r2, r5
10007464:	4659      	mov	r1, fp
10007466:	4640      	mov	r0, r8
10007468:	f7ff fda4 	bl	10006fb4 <edge_function>
1000746c:	0005      	movs	r5, r0
1000746e:	2e00      	cmp	r6, #0
10007470:	dbdc      	blt.n	1000742c <draw+0x440>
10007472:	2f00      	cmp	r7, #0
10007474:	dbda      	blt.n	1000742c <draw+0x440>
10007476:	2800      	cmp	r0, #0
10007478:	dbd8      	blt.n	1000742c <draw+0x440>
1000747a:	e76c      	b.n	10007356 <draw+0x36a>
1000747c:	9b01      	ldr	r3, [sp, #4]
1000747e:	3301      	adds	r3, #1
10007480:	b29b      	uxth	r3, r3
10007482:	9301      	str	r3, [sp, #4]
10007484:	9b01      	ldr	r3, [sp, #4]
10007486:	469a      	mov	sl, r3
10007488:	9a06      	ldr	r2, [sp, #24]
1000748a:	4293      	cmp	r3, r2
1000748c:	dd00      	ble.n	10007490 <draw+0x4a4>
1000748e:	e5c5      	b.n	1000701c <draw+0x30>
10007490:	466b      	mov	r3, sp
10007492:	899c      	ldrh	r4, [r3, #12]
10007494:	e7cc      	b.n	10007430 <draw+0x444>
10007496:	b03d      	add	sp, #244	@ 0xf4
10007498:	bcf0      	pop	{r4, r5, r6, r7}
1000749a:	46bb      	mov	fp, r7
1000749c:	46b2      	mov	sl, r6
1000749e:	46a9      	mov	r9, r5
100074a0:	46a0      	mov	r8, r4
100074a2:	bdf0      	pop	{r4, r5, r6, r7, pc}

100074a4 <adc_gpio_init>:
100074a4:	b510      	push	{r4, lr}
100074a6:	0004      	movs	r4, r0
100074a8:	211f      	movs	r1, #31
100074aa:	f7f9 f81d 	bl	100004e8 <gpio_set_function>
100074ae:	2200      	movs	r2, #0
100074b0:	2100      	movs	r1, #0
100074b2:	0020      	movs	r0, r4
100074b4:	f7f9 f836 	bl	10000524 <gpio_set_pulls>
100074b8:	2100      	movs	r1, #0
100074ba:	0020      	movs	r0, r4
100074bc:	f7f9 f84c 	bl	10000558 <gpio_set_input_enabled>
100074c0:	bd10      	pop	{r4, pc}

100074c2 <DEV_Delay_ms>:
100074c2:	b510      	push	{r4, lr}
100074c4:	f7fa f824 	bl	10001510 <sleep_ms>
100074c8:	bd10      	pop	{r4, pc}

100074ca <DEV_Digital_Write>:
100074ca:	2301      	movs	r3, #1
100074cc:	4083      	lsls	r3, r0
100074ce:	2900      	cmp	r1, #0
100074d0:	d003      	beq.n	100074da <DEV_Digital_Write+0x10>
100074d2:	22d0      	movs	r2, #208	@ 0xd0
100074d4:	0612      	lsls	r2, r2, #24
100074d6:	6153      	str	r3, [r2, #20]
100074d8:	4770      	bx	lr
100074da:	22d0      	movs	r2, #208	@ 0xd0
100074dc:	0612      	lsls	r2, r2, #24
100074de:	6193      	str	r3, [r2, #24]
100074e0:	e7fa      	b.n	100074d8 <DEV_Digital_Write+0xe>

100074e2 <DEV_SPI_WriteByte>:
100074e2:	b500      	push	{lr}
100074e4:	b083      	sub	sp, #12
100074e6:	466b      	mov	r3, sp
100074e8:	71d9      	strb	r1, [r3, #7]
100074ea:	3307      	adds	r3, #7
100074ec:	2201      	movs	r2, #1
100074ee:	0019      	movs	r1, r3
100074f0:	f000 f92e 	bl	10007750 <__spi_write_blocking_veneer>
100074f4:	b003      	add	sp, #12
100074f6:	bd00      	pop	{pc}

100074f8 <DEV_SPI_Write_nByte>:
100074f8:	b510      	push	{r4, lr}
100074fa:	f000 f929 	bl	10007750 <__spi_write_blocking_veneer>
100074fe:	bd10      	pop	{r4, pc}

10007500 <DEV_GPIO_Mode>:
10007500:	b570      	push	{r4, r5, r6, lr}
10007502:	0004      	movs	r4, r0
10007504:	000d      	movs	r5, r1
10007506:	f7f9 f83b 	bl	10000580 <gpio_init>
1000750a:	1e2b      	subs	r3, r5, #0
1000750c:	d105      	bne.n	1000751a <DEV_GPIO_Mode+0x1a>
1000750e:	3301      	adds	r3, #1
10007510:	40a3      	lsls	r3, r4
10007512:	22d0      	movs	r2, #208	@ 0xd0
10007514:	0612      	lsls	r2, r2, #24
10007516:	6293      	str	r3, [r2, #40]	@ 0x28
10007518:	bd70      	pop	{r4, r5, r6, pc}
1000751a:	2301      	movs	r3, #1
1000751c:	40a3      	lsls	r3, r4
1000751e:	22d0      	movs	r2, #208	@ 0xd0
10007520:	0612      	lsls	r2, r2, #24
10007522:	6253      	str	r3, [r2, #36]	@ 0x24
10007524:	e7f8      	b.n	10007518 <DEV_GPIO_Mode+0x18>

10007526 <DEV_GPIO_Init>:
10007526:	b510      	push	{r4, lr}
10007528:	2101      	movs	r1, #1
1000752a:	200d      	movs	r0, #13
1000752c:	f7ff ffe8 	bl	10007500 <DEV_GPIO_Mode>
10007530:	2101      	movs	r1, #1
10007532:	2008      	movs	r0, #8
10007534:	f7ff ffe4 	bl	10007500 <DEV_GPIO_Mode>
10007538:	2101      	movs	r1, #1
1000753a:	2009      	movs	r0, #9
1000753c:	f7ff ffe0 	bl	10007500 <DEV_GPIO_Mode>
10007540:	2101      	movs	r1, #1
10007542:	2019      	movs	r0, #25
10007544:	f7ff ffdc 	bl	10007500 <DEV_GPIO_Mode>
10007548:	23d0      	movs	r3, #208	@ 0xd0
1000754a:	061b      	lsls	r3, r3, #24
1000754c:	2280      	movs	r2, #128	@ 0x80
1000754e:	0092      	lsls	r2, r2, #2
10007550:	615a      	str	r2, [r3, #20]
10007552:	3a01      	subs	r2, #1
10007554:	3aff      	subs	r2, #255	@ 0xff
10007556:	619a      	str	r2, [r3, #24]
10007558:	2280      	movs	r2, #128	@ 0x80
1000755a:	0492      	lsls	r2, r2, #18
1000755c:	615a      	str	r2, [r3, #20]
1000755e:	bd10      	pop	{r4, pc}

10007560 <DEV_SET_PWM>:
10007560:	b510      	push	{r4, lr}
10007562:	2864      	cmp	r0, #100	@ 0x64
10007564:	d810      	bhi.n	10007588 <DEV_SET_PWM+0x28>
10007566:	4b0a      	ldr	r3, [pc, #40]	@ (10007590 <DEV_SET_PWM+0x30>)
10007568:	681a      	ldr	r2, [r3, #0]
1000756a:	0093      	lsls	r3, r2, #2
1000756c:	189b      	adds	r3, r3, r2
1000756e:	009b      	lsls	r3, r3, #2
10007570:	4a08      	ldr	r2, [pc, #32]	@ (10007594 <DEV_SET_PWM+0x34>)
10007572:	189a      	adds	r2, r3, r2
10007574:	0400      	lsls	r0, r0, #16
10007576:	6812      	ldr	r2, [r2, #0]
10007578:	4050      	eors	r0, r2
1000757a:	0c00      	lsrs	r0, r0, #16
1000757c:	0400      	lsls	r0, r0, #16
1000757e:	4a06      	ldr	r2, [pc, #24]	@ (10007598 <DEV_SET_PWM+0x38>)
10007580:	4694      	mov	ip, r2
10007582:	4463      	add	r3, ip
10007584:	6018      	str	r0, [r3, #0]
10007586:	bd10      	pop	{r4, pc}
10007588:	4804      	ldr	r0, [pc, #16]	@ (1000759c <DEV_SET_PWM+0x3c>)
1000758a:	f7fc fa96 	bl	10003aba <__wrap_puts>
1000758e:	e7fa      	b.n	10007586 <DEV_SET_PWM+0x26>
10007590:	20016990 	.word	0x20016990
10007594:	4005000c 	.word	0x4005000c
10007598:	4005100c 	.word	0x4005100c
1000759c:	100087e8 	.word	0x100087e8

100075a0 <DEV_Module_Init>:
100075a0:	b510      	push	{r4, lr}
100075a2:	f7fc fa83 	bl	10003aac <stdio_init_all>
100075a6:	f7ff ffbe 	bl	10007526 <DEV_GPIO_Init>
100075aa:	f7ff f891 	bl	100066d0 <adc_init>
100075ae:	201d      	movs	r0, #29
100075b0:	f7ff ff78 	bl	100074a4 <adc_gpio_init>
100075b4:	4b2a      	ldr	r3, [pc, #168]	@ (10007660 <DEV_Module_Init+0xc0>)
100075b6:	681a      	ldr	r2, [r3, #0]
100075b8:	23c0      	movs	r3, #192	@ 0xc0
100075ba:	019b      	lsls	r3, r3, #6
100075bc:	4053      	eors	r3, r2
100075be:	22e0      	movs	r2, #224	@ 0xe0
100075c0:	01d2      	lsls	r2, r2, #7
100075c2:	4013      	ands	r3, r2
100075c4:	4a27      	ldr	r2, [pc, #156]	@ (10007664 <DEV_Module_Init+0xc4>)
100075c6:	6013      	str	r3, [r2, #0]
100075c8:	2104      	movs	r1, #4
100075ca:	2019      	movs	r0, #25
100075cc:	f7f8 ff8c 	bl	100004e8 <gpio_set_function>
100075d0:	4a25      	ldr	r2, [pc, #148]	@ (10007668 <DEV_Module_Init+0xc8>)
100075d2:	2304      	movs	r3, #4
100075d4:	6013      	str	r3, [r2, #0]
100075d6:	4b25      	ldr	r3, [pc, #148]	@ (1000766c <DEV_Module_Init+0xcc>)
100075d8:	2164      	movs	r1, #100	@ 0x64
100075da:	6619      	str	r1, [r3, #96]	@ 0x60
100075dc:	4b24      	ldr	r3, [pc, #144]	@ (10007670 <DEV_Module_Init+0xd0>)
100075de:	681b      	ldr	r3, [r3, #0]
100075e0:	0c1b      	lsrs	r3, r3, #16
100075e2:	041b      	lsls	r3, r3, #16
100075e4:	4923      	ldr	r1, [pc, #140]	@ (10007674 <DEV_Module_Init+0xd4>)
100075e6:	600b      	str	r3, [r1, #0]
100075e8:	6811      	ldr	r1, [r2, #0]
100075ea:	008b      	lsls	r3, r1, #2
100075ec:	185a      	adds	r2, r3, r1
100075ee:	0092      	lsls	r2, r2, #2
100075f0:	481e      	ldr	r0, [pc, #120]	@ (1000766c <DEV_Module_Init+0xcc>)
100075f2:	4684      	mov	ip, r0
100075f4:	4462      	add	r2, ip
100075f6:	20c8      	movs	r0, #200	@ 0xc8
100075f8:	0080      	lsls	r0, r0, #2
100075fa:	6050      	str	r0, [r2, #4]
100075fc:	185b      	adds	r3, r3, r1
100075fe:	009b      	lsls	r3, r3, #2
10007600:	4662      	mov	r2, ip
10007602:	189a      	adds	r2, r3, r2
10007604:	6811      	ldr	r1, [r2, #0]
10007606:	2201      	movs	r2, #1
10007608:	438a      	bics	r2, r1
1000760a:	491b      	ldr	r1, [pc, #108]	@ (10007678 <DEV_Module_Init+0xd8>)
1000760c:	468c      	mov	ip, r1
1000760e:	4463      	add	r3, ip
10007610:	601a      	str	r2, [r3, #0]
10007612:	491a      	ldr	r1, [pc, #104]	@ (1000767c <DEV_Module_Init+0xdc>)
10007614:	481a      	ldr	r0, [pc, #104]	@ (10007680 <DEV_Module_Init+0xe0>)
10007616:	f7fe ff6b 	bl	100064f0 <spi_init>
1000761a:	2101      	movs	r1, #1
1000761c:	200a      	movs	r0, #10
1000761e:	f7f8 ff63 	bl	100004e8 <gpio_set_function>
10007622:	2101      	movs	r1, #1
10007624:	200b      	movs	r0, #11
10007626:	f7f8 ff5f 	bl	100004e8 <gpio_set_function>
1000762a:	4816      	ldr	r0, [pc, #88]	@ (10007684 <DEV_Module_Init+0xe4>)
1000762c:	4916      	ldr	r1, [pc, #88]	@ (10007688 <DEV_Module_Init+0xe8>)
1000762e:	f7ff f825 	bl	1000667c <i2c_init>
10007632:	2103      	movs	r1, #3
10007634:	2006      	movs	r0, #6
10007636:	f7f8 ff57 	bl	100004e8 <gpio_set_function>
1000763a:	2103      	movs	r1, #3
1000763c:	2007      	movs	r0, #7
1000763e:	f7f8 ff53 	bl	100004e8 <gpio_set_function>
10007642:	2200      	movs	r2, #0
10007644:	2101      	movs	r1, #1
10007646:	2006      	movs	r0, #6
10007648:	f7f8 ff6c 	bl	10000524 <gpio_set_pulls>
1000764c:	2200      	movs	r2, #0
1000764e:	2101      	movs	r1, #1
10007650:	2007      	movs	r0, #7
10007652:	f7f8 ff67 	bl	10000524 <gpio_set_pulls>
10007656:	480d      	ldr	r0, [pc, #52]	@ (1000768c <DEV_Module_Init+0xec>)
10007658:	f7fc fa2f 	bl	10003aba <__wrap_puts>
1000765c:	2000      	movs	r0, #0
1000765e:	bd10      	pop	{r4, pc}
10007660:	4004c000 	.word	0x4004c000
10007664:	4004d000 	.word	0x4004d000
10007668:	20016990 	.word	0x20016990
1000766c:	40050000 	.word	0x40050000
10007670:	4005005c 	.word	0x4005005c
10007674:	4005105c 	.word	0x4005105c
10007678:	40051000 	.word	0x40051000
1000767c:	02625a00 	.word	0x02625a00
10007680:	40040000 	.word	0x40040000
10007684:	20000cf0 	.word	0x20000cf0
10007688:	00061a80 	.word	0x00061a80
1000768c:	100087fc 	.word	0x100087fc

10007690 <strlen>:
10007690:	0003      	movs	r3, r0
10007692:	4684      	mov	ip, r0
10007694:	079b      	lsls	r3, r3, #30
10007696:	d00b      	beq.n	100076b0 <strlen+0x20>
10007698:	0003      	movs	r3, r0
1000769a:	2103      	movs	r1, #3
1000769c:	e002      	b.n	100076a4 <strlen+0x14>
1000769e:	3301      	adds	r3, #1
100076a0:	420b      	tst	r3, r1
100076a2:	d006      	beq.n	100076b2 <strlen+0x22>
100076a4:	781a      	ldrb	r2, [r3, #0]
100076a6:	2a00      	cmp	r2, #0
100076a8:	d1f9      	bne.n	1000769e <strlen+0xe>
100076aa:	4662      	mov	r2, ip
100076ac:	1a98      	subs	r0, r3, r2
100076ae:	4770      	bx	lr
100076b0:	0003      	movs	r3, r0
100076b2:	6819      	ldr	r1, [r3, #0]
100076b4:	4a0c      	ldr	r2, [pc, #48]	@ (100076e8 <strlen+0x58>)
100076b6:	480d      	ldr	r0, [pc, #52]	@ (100076ec <strlen+0x5c>)
100076b8:	188a      	adds	r2, r1, r2
100076ba:	438a      	bics	r2, r1
100076bc:	4202      	tst	r2, r0
100076be:	d10f      	bne.n	100076e0 <strlen+0x50>
100076c0:	6859      	ldr	r1, [r3, #4]
100076c2:	4a09      	ldr	r2, [pc, #36]	@ (100076e8 <strlen+0x58>)
100076c4:	3304      	adds	r3, #4
100076c6:	188a      	adds	r2, r1, r2
100076c8:	438a      	bics	r2, r1
100076ca:	4202      	tst	r2, r0
100076cc:	d108      	bne.n	100076e0 <strlen+0x50>
100076ce:	6859      	ldr	r1, [r3, #4]
100076d0:	4a05      	ldr	r2, [pc, #20]	@ (100076e8 <strlen+0x58>)
100076d2:	3304      	adds	r3, #4
100076d4:	188a      	adds	r2, r1, r2
100076d6:	438a      	bics	r2, r1
100076d8:	4202      	tst	r2, r0
100076da:	d0f1      	beq.n	100076c0 <strlen+0x30>
100076dc:	e000      	b.n	100076e0 <strlen+0x50>
100076de:	3301      	adds	r3, #1
100076e0:	781a      	ldrb	r2, [r3, #0]
100076e2:	2a00      	cmp	r2, #0
100076e4:	d1fb      	bne.n	100076de <strlen+0x4e>
100076e6:	e7e0      	b.n	100076aa <strlen+0x1a>
100076e8:	fefefeff 	.word	0xfefefeff
100076ec:	80808080 	.word	0x80808080

100076f0 <__flash_do_cmd_cs_veneer>:
100076f0:	b401      	push	{r0}
100076f2:	4802      	ldr	r0, [pc, #8]	@ (100076fc <__flash_do_cmd_cs_veneer+0xc>)
100076f4:	4684      	mov	ip, r0
100076f6:	bc01      	pop	{r0}
100076f8:	4760      	bx	ip
100076fa:	bf00      	nop
100076fc:	200002c9 	.word	0x200002c9

10007700 <__hw_endpoint_reset_transfer_veneer>:
10007700:	b401      	push	{r0}
10007702:	4802      	ldr	r0, [pc, #8]	@ (1000770c <__hw_endpoint_reset_transfer_veneer+0xc>)
10007704:	4684      	mov	ip, r0
10007706:	bc01      	pop	{r0}
10007708:	4760      	bx	ip
1000770a:	bf00      	nop
1000770c:	200007fd 	.word	0x200007fd

10007710 <__mutex_enter_timeout_ms_veneer>:
10007710:	b401      	push	{r0}
10007712:	4802      	ldr	r0, [pc, #8]	@ (1000771c <__mutex_enter_timeout_ms_veneer+0xc>)
10007714:	4684      	mov	ip, r0
10007716:	bc01      	pop	{r0}
10007718:	4760      	bx	ip
1000771a:	bf00      	nop
1000771c:	200001b9 	.word	0x200001b9

10007720 <__reset_non_control_endpoints_veneer>:
10007720:	b401      	push	{r0}
10007722:	4802      	ldr	r0, [pc, #8]	@ (1000772c <__reset_non_control_endpoints_veneer+0xc>)
10007724:	4684      	mov	ip, r0
10007726:	bc01      	pop	{r0}
10007728:	4760      	bx	ip
1000772a:	bf00      	nop
1000772c:	200003cd 	.word	0x200003cd

10007730 <__mutex_try_enter_block_until_veneer>:
10007730:	b401      	push	{r0}
10007732:	4802      	ldr	r0, [pc, #8]	@ (1000773c <__mutex_try_enter_block_until_veneer+0xc>)
10007734:	4684      	mov	ip, r0
10007736:	bc01      	pop	{r0}
10007738:	4760      	bx	ip
1000773a:	bf00      	nop
1000773c:	20000185 	.word	0x20000185

10007740 <____aeabi_ldiv0_veneer>:
10007740:	b401      	push	{r0}
10007742:	4802      	ldr	r0, [pc, #8]	@ (1000774c <____aeabi_ldiv0_veneer+0xc>)
10007744:	4684      	mov	ip, r0
10007746:	bc01      	pop	{r0}
10007748:	4760      	bx	ip
1000774a:	bf00      	nop
1000774c:	20000b3d 	.word	0x20000b3d

10007750 <__spi_write_blocking_veneer>:
10007750:	b401      	push	{r0}
10007752:	4802      	ldr	r0, [pc, #8]	@ (1000775c <__spi_write_blocking_veneer+0xc>)
10007754:	4684      	mov	ip, r0
10007756:	bc01      	pop	{r0}
10007758:	4760      	bx	ip
1000775a:	bf00      	nop
1000775c:	20000b01 	.word	0x20000b01

10007760 <____aeabi_idiv0_veneer>:
10007760:	b401      	push	{r0}
10007762:	4802      	ldr	r0, [pc, #8]	@ (1000776c <____aeabi_idiv0_veneer+0xc>)
10007764:	4684      	mov	ip, r0
10007766:	bc01      	pop	{r0}
10007768:	4760      	bx	ip
1000776a:	bf00      	nop
1000776c:	20000b3d 	.word	0x20000b3d

10007770 <__mutex_try_enter_veneer>:
10007770:	b401      	push	{r0}
10007772:	4802      	ldr	r0, [pc, #8]	@ (1000777c <__mutex_try_enter_veneer+0xc>)
10007774:	4684      	mov	ip, r0
10007776:	bc01      	pop	{r0}
10007778:	4760      	bx	ip
1000777a:	bf00      	nop
1000777c:	200000c1 	.word	0x200000c1

10007780 <__e15_is_critical_frame_period_veneer>:
10007780:	b401      	push	{r0}
10007782:	4802      	ldr	r0, [pc, #8]	@ (1000778c <__e15_is_critical_frame_period_veneer+0xc>)
10007784:	4684      	mov	ip, r0
10007786:	bc01      	pop	{r0}
10007788:	4760      	bx	ip
1000778a:	bf00      	nop
1000778c:	2000072d 	.word	0x2000072d

10007790 <__mutex_exit_veneer>:
10007790:	b401      	push	{r0}
10007792:	4802      	ldr	r0, [pc, #8]	@ (1000779c <__mutex_exit_veneer+0xc>)
10007794:	4684      	mov	ip, r0
10007796:	bc01      	pop	{r0}
10007798:	4760      	bx	ip
1000779a:	bf00      	nop
1000779c:	200001f5 	.word	0x200001f5

100077a0 <___hw_endpoint_buffer_control_update32_veneer>:
100077a0:	b401      	push	{r0}
100077a2:	4802      	ldr	r0, [pc, #8]	@ (100077ac <___hw_endpoint_buffer_control_update32_veneer+0xc>)
100077a4:	4684      	mov	ip, r0
100077a6:	bc01      	pop	{r0}
100077a8:	4760      	bx	ip
100077aa:	bf00      	nop
100077ac:	20000809 	.word	0x20000809

100077b0 <__hw_endpoint_start_next_buffer_veneer>:
100077b0:	b401      	push	{r0}
100077b2:	4802      	ldr	r0, [pc, #8]	@ (100077bc <__hw_endpoint_start_next_buffer_veneer+0xc>)
100077b4:	4684      	mov	ip, r0
100077b6:	bc01      	pop	{r0}
100077b8:	4760      	bx	ip
100077ba:	bf00      	nop
100077bc:	20000855 	.word	0x20000855

100077c0 <__e15_is_bulkin_ep_veneer>:
100077c0:	b401      	push	{r0}
100077c2:	4802      	ldr	r0, [pc, #8]	@ (100077cc <__e15_is_bulkin_ep_veneer+0xc>)
100077c4:	4684      	mov	ip, r0
100077c6:	bc01      	pop	{r0}
100077c8:	4760      	bx	ip
100077ca:	bf00      	nop
100077cc:	20000705 	.word	0x20000705

100077d0 <__pre_init_runtime_init_early_resets>:
100077d0:	10001cad                                ....

100077d4 <__pre_init_runtime_init_usb_power_down>:
100077d4:	10001cd9 10001e6d 1000262d 100024f5     ....m...-&...$..

100077e4 <__pre_init_runtime_init_clocks>:
100077e4:	10001da1                                ....

100077e8 <__pre_init_runtime_init_post_clock_resets>:
100077e8:	10001cf5                                ....

100077ec <__pre_init_runtime_init_rp2040_gpio_ie_disable>:
100077ec:	10001d15                                ....

100077f0 <__pre_init_runtime_init_spin_locks_reset>:
100077f0:	10001d29                                )...

100077f4 <__pre_init_runtime_init_mutex>:
100077f4:	10000e19                                ....

100077f8 <__pre_init_runtime_init_install_ram_vector_table>:
100077f8:	10001d31                                1...

100077fc <__pre_init_runtime_init_default_alarm_pool>:
100077fc:	1000166d                                m...

10007800 <__pre_init_first_per_core_initializer>:
10007800:	10001c99                                ....

10007804 <__pre_init_runtime_init_per_core_irq_priorities>:
10007804:	1000075d                                ]...

10007808 <__init_array_start>:
10007808:	1000424d 	.word	0x1000424d

Disassembly of section .data:

200000c0 <mutex_try_enter>:
200000c0:	0003      	movs	r3, r0
200000c2:	6802      	ldr	r2, [r0, #0]
200000c4:	4694      	mov	ip, r2
200000c6:	f3ef 8210 	mrs	r2, PRIMASK
200000ca:	b672      	cpsid	i
200000cc:	4660      	mov	r0, ip
200000ce:	6800      	ldr	r0, [r0, #0]
200000d0:	2800      	cmp	r0, #0
200000d2:	d0fb      	beq.n	200000cc <mutex_try_enter+0xc>
200000d4:	f3bf 8f5f 	dmb	sy
200000d8:	2004      	movs	r0, #4
200000da:	5618      	ldrsb	r0, [r3, r0]
200000dc:	2800      	cmp	r0, #0
200000de:	db0b      	blt.n	200000f8 <mutex_try_enter+0x38>
200000e0:	2900      	cmp	r1, #0
200000e2:	d000      	beq.n	200000e6 <mutex_try_enter+0x26>
200000e4:	6008      	str	r0, [r1, #0]
200000e6:	2000      	movs	r0, #0
200000e8:	681b      	ldr	r3, [r3, #0]
200000ea:	f3bf 8f5f 	dmb	sy
200000ee:	2100      	movs	r1, #0
200000f0:	6019      	str	r1, [r3, #0]
200000f2:	f382 8810 	msr	PRIMASK, r2
200000f6:	4770      	bx	lr
200000f8:	21d0      	movs	r1, #208	@ 0xd0
200000fa:	0609      	lsls	r1, r1, #24
200000fc:	7809      	ldrb	r1, [r1, #0]
200000fe:	b249      	sxtb	r1, r1
20000100:	7119      	strb	r1, [r3, #4]
20000102:	2001      	movs	r0, #1
20000104:	e7f0      	b.n	200000e8 <mutex_try_enter+0x28>
	...

20000108 <mutex_enter_block_until>:
20000108:	b5f8      	push	{r3, r4, r5, r6, r7, lr}
2000010a:	0004      	movs	r4, r0
2000010c:	0015      	movs	r5, r2
2000010e:	001e      	movs	r6, r3
20000110:	6803      	ldr	r3, [r0, #0]
20000112:	2b00      	cmp	r3, #0
20000114:	d020      	beq.n	20000158 <mutex_enter_block_until+0x50>
20000116:	23d0      	movs	r3, #208	@ 0xd0
20000118:	061b      	lsls	r3, r3, #24
2000011a:	781b      	ldrb	r3, [r3, #0]
2000011c:	b25b      	sxtb	r3, r3
2000011e:	001f      	movs	r7, r3
20000120:	6823      	ldr	r3, [r4, #0]
20000122:	f3ef 8110 	mrs	r1, PRIMASK
20000126:	b672      	cpsid	i
20000128:	6818      	ldr	r0, [r3, #0]
2000012a:	2800      	cmp	r0, #0
2000012c:	d0fc      	beq.n	20000128 <mutex_enter_block_until+0x20>
2000012e:	f3bf 8f5f 	dmb	sy
20000132:	2304      	movs	r3, #4
20000134:	56e3      	ldrsb	r3, [r4, r3]
20000136:	2b00      	cmp	r3, #0
20000138:	db14      	blt.n	20000164 <mutex_enter_block_until+0x5c>
2000013a:	6823      	ldr	r3, [r4, #0]
2000013c:	f3bf 8f5f 	dmb	sy
20000140:	2200      	movs	r2, #0
20000142:	601a      	str	r2, [r3, #0]
20000144:	f381 8810 	msr	PRIMASK, r1
20000148:	0028      	movs	r0, r5
2000014a:	0031      	movs	r1, r6
2000014c:	f000 fd08 	bl	20000b60 <__best_effort_wfe_or_timeout_veneer>
20000150:	2800      	cmp	r0, #0
20000152:	d0e5      	beq.n	20000120 <mutex_enter_block_until+0x18>
20000154:	2000      	movs	r0, #0
20000156:	e00e      	b.n	20000176 <mutex_enter_block_until+0x6e>
20000158:	4b07      	ldr	r3, [pc, #28]	@ (20000178 <mutex_enter_block_until+0x70>)
2000015a:	4a08      	ldr	r2, [pc, #32]	@ (2000017c <mutex_enter_block_until+0x74>)
2000015c:	4808      	ldr	r0, [pc, #32]	@ (20000180 <mutex_enter_block_until+0x78>)
2000015e:	21a6      	movs	r1, #166	@ 0xa6
20000160:	f000 fd36 	bl	20000bd0 <____assert_func_veneer>
20000164:	7127      	strb	r7, [r4, #4]
20000166:	6823      	ldr	r3, [r4, #0]
20000168:	f3bf 8f5f 	dmb	sy
2000016c:	2200      	movs	r2, #0
2000016e:	601a      	str	r2, [r3, #0]
20000170:	f381 8810 	msr	PRIMASK, r1
20000174:	2001      	movs	r0, #1
20000176:	bdf8      	pop	{r3, r4, r5, r6, r7, pc}
20000178:	10007e54 	.word	0x10007e54
2000017c:	100088c4 	.word	0x100088c4
20000180:	10007e00 	.word	0x10007e00

20000184 <mutex_try_enter_block_until>:
20000184:	b570      	push	{r4, r5, r6, lr}
20000186:	b082      	sub	sp, #8
20000188:	0006      	movs	r6, r0
2000018a:	0015      	movs	r5, r2
2000018c:	001c      	movs	r4, r3
2000018e:	a901      	add	r1, sp, #4
20000190:	f7ff ff96 	bl	200000c0 <mutex_try_enter>
20000194:	2800      	cmp	r0, #0
20000196:	d107      	bne.n	200001a8 <mutex_try_enter_block_until+0x24>
20000198:	9b01      	ldr	r3, [sp, #4]
2000019a:	b25b      	sxtb	r3, r3
2000019c:	22d0      	movs	r2, #208	@ 0xd0
2000019e:	0612      	lsls	r2, r2, #24
200001a0:	7812      	ldrb	r2, [r2, #0]
200001a2:	b252      	sxtb	r2, r2
200001a4:	4293      	cmp	r3, r2
200001a6:	d101      	bne.n	200001ac <mutex_try_enter_block_until+0x28>
200001a8:	b002      	add	sp, #8
200001aa:	bd70      	pop	{r4, r5, r6, pc}
200001ac:	002a      	movs	r2, r5
200001ae:	0023      	movs	r3, r4
200001b0:	0030      	movs	r0, r6
200001b2:	f7ff ffa9 	bl	20000108 <mutex_enter_block_until>
200001b6:	e7f7      	b.n	200001a8 <mutex_try_enter_block_until+0x24>

200001b8 <mutex_enter_timeout_ms>:
200001b8:	b5f8      	push	{r3, r4, r5, r6, r7, lr}
200001ba:	0007      	movs	r7, r0
200001bc:	000c      	movs	r4, r1
200001be:	f000 fcff 	bl	20000bc0 <__time_us_64_veneer>
200001c2:	0005      	movs	r5, r0
200001c4:	000e      	movs	r6, r1
200001c6:	22fa      	movs	r2, #250	@ 0xfa
200001c8:	0092      	lsls	r2, r2, #2
200001ca:	2300      	movs	r3, #0
200001cc:	0020      	movs	r0, r4
200001ce:	2100      	movs	r1, #0
200001d0:	f000 fce6 	bl	20000ba0 <____wrap___aeabi_lmul_veneer>
200001d4:	002a      	movs	r2, r5
200001d6:	0033      	movs	r3, r6
200001d8:	1812      	adds	r2, r2, r0
200001da:	414b      	adcs	r3, r1
200001dc:	2b00      	cmp	r3, #0
200001de:	db03      	blt.n	200001e8 <mutex_enter_timeout_ms+0x30>
200001e0:	0038      	movs	r0, r7
200001e2:	f7ff ff91 	bl	20000108 <mutex_enter_block_until>
200001e6:	bdf8      	pop	{r3, r4, r5, r6, r7, pc}
200001e8:	2201      	movs	r2, #1
200001ea:	4252      	negs	r2, r2
200001ec:	4b00      	ldr	r3, [pc, #0]	@ (200001f0 <mutex_enter_timeout_ms+0x38>)
200001ee:	e7f7      	b.n	200001e0 <mutex_enter_timeout_ms+0x28>
200001f0:	7fffffff 	.word	0x7fffffff

200001f4 <mutex_exit>:
200001f4:	b510      	push	{r4, lr}
200001f6:	6801      	ldr	r1, [r0, #0]
200001f8:	f3ef 8310 	mrs	r3, PRIMASK
200001fc:	b672      	cpsid	i
200001fe:	680a      	ldr	r2, [r1, #0]
20000200:	2a00      	cmp	r2, #0
20000202:	d0fc      	beq.n	200001fe <mutex_exit+0xa>
20000204:	f3bf 8f5f 	dmb	sy
20000208:	2204      	movs	r2, #4
2000020a:	5682      	ldrsb	r2, [r0, r2]
2000020c:	2a00      	cmp	r2, #0
2000020e:	db0a      	blt.n	20000226 <mutex_exit+0x32>
20000210:	22ff      	movs	r2, #255	@ 0xff
20000212:	7102      	strb	r2, [r0, #4]
20000214:	6802      	ldr	r2, [r0, #0]
20000216:	f3bf 8f5f 	dmb	sy
2000021a:	2100      	movs	r1, #0
2000021c:	6011      	str	r1, [r2, #0]
2000021e:	f383 8810 	msr	PRIMASK, r3
20000222:	bf40      	sev
20000224:	bd10      	pop	{r4, pc}
20000226:	4b03      	ldr	r3, [pc, #12]	@ (20000234 <mutex_exit+0x40>)
20000228:	4a03      	ldr	r2, [pc, #12]	@ (20000238 <mutex_exit+0x44>)
2000022a:	4804      	ldr	r0, [pc, #16]	@ (2000023c <mutex_exit+0x48>)
2000022c:	21d5      	movs	r1, #213	@ 0xd5
2000022e:	f000 fccf 	bl	20000bd0 <____assert_func_veneer>
20000232:	46c0      	nop			@ (mov r8, r8)
20000234:	10007e68 	.word	0x10007e68
20000238:	100088b8 	.word	0x100088b8
2000023c:	10007e00 	.word	0x10007e00

20000240 <flash_init_boot2_copyout>:
20000240:	4b09      	ldr	r3, [pc, #36]	@ (20000268 <flash_init_boot2_copyout+0x28>)
20000242:	781b      	ldrb	r3, [r3, #0]
20000244:	2b00      	cmp	r3, #0
20000246:	d008      	beq.n	2000025a <flash_init_boot2_copyout+0x1a>
20000248:	e00c      	b.n	20000264 <flash_init_boot2_copyout+0x24>
2000024a:	009a      	lsls	r2, r3, #2
2000024c:	2180      	movs	r1, #128	@ 0x80
2000024e:	0549      	lsls	r1, r1, #21
20000250:	1851      	adds	r1, r2, r1
20000252:	6808      	ldr	r0, [r1, #0]
20000254:	4905      	ldr	r1, [pc, #20]	@ (2000026c <flash_init_boot2_copyout+0x2c>)
20000256:	5050      	str	r0, [r2, r1]
20000258:	3301      	adds	r3, #1
2000025a:	2b3f      	cmp	r3, #63	@ 0x3f
2000025c:	ddf5      	ble.n	2000024a <flash_init_boot2_copyout+0xa>
2000025e:	4b02      	ldr	r3, [pc, #8]	@ (20000268 <flash_init_boot2_copyout+0x28>)
20000260:	2201      	movs	r2, #1
20000262:	701a      	strb	r2, [r3, #0]
20000264:	4770      	bx	lr
20000266:	46c0      	nop			@ (mov r8, r8)
20000268:	200169b8 	.word	0x200169b8
2000026c:	200162ec 	.word	0x200162ec

20000270 <flash_enable_xip_via_boot2>:
20000270:	b510      	push	{r4, lr}
20000272:	4b01      	ldr	r3, [pc, #4]	@ (20000278 <flash_enable_xip_via_boot2+0x8>)
20000274:	4798      	blx	r3
20000276:	bd10      	pop	{r4, pc}
20000278:	200162ed 	.word	0x200162ed

2000027c <flash_save_hardware_state>:
2000027c:	2200      	movs	r2, #0
2000027e:	e006      	b.n	2000028e <flash_save_hardware_state+0x12>
20000280:	0093      	lsls	r3, r2, #2
20000282:	4906      	ldr	r1, [pc, #24]	@ (2000029c <flash_save_hardware_state+0x20>)
20000284:	1859      	adds	r1, r3, r1
20000286:	6849      	ldr	r1, [r1, #4]
20000288:	18c3      	adds	r3, r0, r3
2000028a:	6059      	str	r1, [r3, #4]
2000028c:	3201      	adds	r2, #1
2000028e:	2a05      	cmp	r2, #5
20000290:	d9f6      	bls.n	20000280 <flash_save_hardware_state+0x4>
20000292:	23a0      	movs	r3, #160	@ 0xa0
20000294:	055b      	lsls	r3, r3, #21
20000296:	681b      	ldr	r3, [r3, #0]
20000298:	6003      	str	r3, [r0, #0]
2000029a:	4770      	bx	lr
2000029c:	40020000 	.word	0x40020000

200002a0 <flash_restore_hardware_state>:
200002a0:	b510      	push	{r4, lr}
200002a2:	2200      	movs	r2, #0
200002a4:	e007      	b.n	200002b6 <flash_restore_hardware_state+0x16>
200002a6:	0093      	lsls	r3, r2, #2
200002a8:	18c1      	adds	r1, r0, r3
200002aa:	6849      	ldr	r1, [r1, #4]
200002ac:	4c05      	ldr	r4, [pc, #20]	@ (200002c4 <flash_restore_hardware_state+0x24>)
200002ae:	46a4      	mov	ip, r4
200002b0:	4463      	add	r3, ip
200002b2:	6059      	str	r1, [r3, #4]
200002b4:	3201      	adds	r2, #1
200002b6:	2a05      	cmp	r2, #5
200002b8:	d9f5      	bls.n	200002a6 <flash_restore_hardware_state+0x6>
200002ba:	6802      	ldr	r2, [r0, #0]
200002bc:	23a0      	movs	r3, #160	@ 0xa0
200002be:	055b      	lsls	r3, r3, #21
200002c0:	601a      	str	r2, [r3, #0]
200002c2:	bd10      	pop	{r4, pc}
200002c4:	40020000 	.word	0x40020000

200002c8 <flash_do_cmd_cs>:
200002c8:	b5f0      	push	{r4, r5, r6, r7, lr}
200002ca:	46d6      	mov	lr, sl
200002cc:	464f      	mov	r7, r9
200002ce:	4646      	mov	r6, r8
200002d0:	b5c0      	push	{r6, r7, lr}
200002d2:	b088      	sub	sp, #32
200002d4:	4682      	mov	sl, r0
200002d6:	000d      	movs	r5, r1
200002d8:	0014      	movs	r4, r2
200002da:	2618      	movs	r6, #24
200002dc:	8833      	ldrh	r3, [r6, #0]
200002de:	2714      	movs	r7, #20
200002e0:	8838      	ldrh	r0, [r7, #0]
200002e2:	4932      	ldr	r1, [pc, #200]	@ (200003ac <flash_do_cmd_cs+0xe4>)
200002e4:	4798      	blx	r3
200002e6:	4681      	mov	r9, r0
200002e8:	8833      	ldrh	r3, [r6, #0]
200002ea:	8838      	ldrh	r0, [r7, #0]
200002ec:	4930      	ldr	r1, [pc, #192]	@ (200003b0 <flash_do_cmd_cs+0xe8>)
200002ee:	4798      	blx	r3
200002f0:	4680      	mov	r8, r0
200002f2:	8833      	ldrh	r3, [r6, #0]
200002f4:	8838      	ldrh	r0, [r7, #0]
200002f6:	492f      	ldr	r1, [pc, #188]	@ (200003b4 <flash_do_cmd_cs+0xec>)
200002f8:	4798      	blx	r3
200002fa:	0007      	movs	r7, r0
200002fc:	464b      	mov	r3, r9
200002fe:	2b00      	cmp	r3, #0
20000300:	d017      	beq.n	20000332 <flash_do_cmd_cs+0x6a>
20000302:	4643      	mov	r3, r8
20000304:	2b00      	cmp	r3, #0
20000306:	d014      	beq.n	20000332 <flash_do_cmd_cs+0x6a>
20000308:	2800      	cmp	r0, #0
2000030a:	d012      	beq.n	20000332 <flash_do_cmd_cs+0x6a>
2000030c:	f7ff ff98 	bl	20000240 <flash_init_boot2_copyout>
20000310:	a801      	add	r0, sp, #4
20000312:	f7ff ffb3 	bl	2000027c <flash_save_hardware_state>
20000316:	47c8      	blx	r9
20000318:	47c0      	blx	r8
2000031a:	4b27      	ldr	r3, [pc, #156]	@ (200003b8 <flash_do_cmd_cs+0xf0>)
2000031c:	681a      	ldr	r2, [r3, #0]
2000031e:	2380      	movs	r3, #128	@ 0x80
20000320:	009b      	lsls	r3, r3, #2
20000322:	4053      	eors	r3, r2
20000324:	22c0      	movs	r2, #192	@ 0xc0
20000326:	0092      	lsls	r2, r2, #2
20000328:	4013      	ands	r3, r2
2000032a:	4a24      	ldr	r2, [pc, #144]	@ (200003bc <flash_do_cmd_cs+0xf4>)
2000032c:	6013      	str	r3, [r2, #0]
2000032e:	0021      	movs	r1, r4
20000330:	e010      	b.n	20000354 <flash_do_cmd_cs+0x8c>
20000332:	4b23      	ldr	r3, [pc, #140]	@ (200003c0 <flash_do_cmd_cs+0xf8>)
20000334:	4a23      	ldr	r2, [pc, #140]	@ (200003c4 <flash_do_cmd_cs+0xfc>)
20000336:	212a      	movs	r1, #42	@ 0x2a
20000338:	4823      	ldr	r0, [pc, #140]	@ (200003c8 <flash_do_cmd_cs+0x100>)
2000033a:	31ff      	adds	r1, #255	@ 0xff
2000033c:	f000 fc48 	bl	20000bd0 <____assert_func_veneer>
20000340:	2b00      	cmp	r3, #0
20000342:	d007      	beq.n	20000354 <flash_do_cmd_cs+0x8c>
20000344:	2900      	cmp	r1, #0
20000346:	d005      	beq.n	20000354 <flash_do_cmd_cs+0x8c>
20000348:	23c0      	movs	r3, #192	@ 0xc0
2000034a:	055b      	lsls	r3, r3, #21
2000034c:	6e1b      	ldr	r3, [r3, #96]	@ 0x60
2000034e:	702b      	strb	r3, [r5, #0]
20000350:	3901      	subs	r1, #1
20000352:	3501      	adds	r5, #1
20000354:	0023      	movs	r3, r4
20000356:	430b      	orrs	r3, r1
20000358:	d014      	beq.n	20000384 <flash_do_cmd_cs+0xbc>
2000035a:	23c0      	movs	r3, #192	@ 0xc0
2000035c:	055b      	lsls	r3, r3, #21
2000035e:	6a9a      	ldr	r2, [r3, #40]	@ 0x28
20000360:	2308      	movs	r3, #8
20000362:	4013      	ands	r3, r2
20000364:	0792      	lsls	r2, r2, #30
20000366:	d5eb      	bpl.n	20000340 <flash_do_cmd_cs+0x78>
20000368:	2c00      	cmp	r4, #0
2000036a:	d0e9      	beq.n	20000340 <flash_do_cmd_cs+0x78>
2000036c:	1b0a      	subs	r2, r1, r4
2000036e:	2a0d      	cmp	r2, #13
20000370:	d8e6      	bhi.n	20000340 <flash_do_cmd_cs+0x78>
20000372:	4656      	mov	r6, sl
20000374:	7830      	ldrb	r0, [r6, #0]
20000376:	22c0      	movs	r2, #192	@ 0xc0
20000378:	0552      	lsls	r2, r2, #21
2000037a:	6610      	str	r0, [r2, #96]	@ 0x60
2000037c:	3c01      	subs	r4, #1
2000037e:	1c72      	adds	r2, r6, #1
20000380:	4692      	mov	sl, r2
20000382:	e7dd      	b.n	20000340 <flash_do_cmd_cs+0x78>
20000384:	4b0c      	ldr	r3, [pc, #48]	@ (200003b8 <flash_do_cmd_cs+0xf0>)
20000386:	681a      	ldr	r2, [r3, #0]
20000388:	23c0      	movs	r3, #192	@ 0xc0
2000038a:	009b      	lsls	r3, r3, #2
2000038c:	4393      	bics	r3, r2
2000038e:	4a0b      	ldr	r2, [pc, #44]	@ (200003bc <flash_do_cmd_cs+0xf4>)
20000390:	6013      	str	r3, [r2, #0]
20000392:	47b8      	blx	r7
20000394:	f7ff ff6c 	bl	20000270 <flash_enable_xip_via_boot2>
20000398:	a801      	add	r0, sp, #4
2000039a:	f7ff ff81 	bl	200002a0 <flash_restore_hardware_state>
2000039e:	b008      	add	sp, #32
200003a0:	bce0      	pop	{r5, r6, r7}
200003a2:	46ba      	mov	sl, r7
200003a4:	46b1      	mov	r9, r6
200003a6:	46a8      	mov	r8, r5
200003a8:	bdf0      	pop	{r4, r5, r6, r7, pc}
200003aa:	46c0      	nop			@ (mov r8, r8)
200003ac:	00004649 	.word	0x00004649
200003b0:	00005845 	.word	0x00005845
200003b4:	00004346 	.word	0x00004346
200003b8:	4001800c 	.word	0x4001800c
200003bc:	4001900c 	.word	0x4001900c
200003c0:	1000851c 	.word	0x1000851c
200003c4:	10008b54 	.word	0x10008b54
200003c8:	100083c8 	.word	0x100083c8

200003cc <reset_non_control_endpoints>:
200003cc:	b510      	push	{r4, lr}
200003ce:	2300      	movs	r3, #0
200003d0:	e008      	b.n	200003e4 <reset_non_control_endpoints+0x18>
200003d2:	3301      	adds	r3, #1
200003d4:	00da      	lsls	r2, r3, #3
200003d6:	2100      	movs	r1, #0
200003d8:	4808      	ldr	r0, [pc, #32]	@ (200003fc <reset_non_control_endpoints+0x30>)
200003da:	5011      	str	r1, [r2, r0]
200003dc:	4684      	mov	ip, r0
200003de:	4462      	add	r2, ip
200003e0:	6051      	str	r1, [r2, #4]
200003e2:	b2db      	uxtb	r3, r3
200003e4:	2b0e      	cmp	r3, #14
200003e6:	d9f4      	bls.n	200003d2 <reset_non_control_endpoints+0x6>
200003e8:	4805      	ldr	r0, [pc, #20]	@ (20000400 <reset_non_control_endpoints+0x34>)
200003ea:	22f0      	movs	r2, #240	@ 0xf0
200003ec:	0092      	lsls	r2, r2, #2
200003ee:	2100      	movs	r1, #0
200003f0:	f000 fbc6 	bl	20000b80 <____wrap_memset_veneer>
200003f4:	4b03      	ldr	r3, [pc, #12]	@ (20000404 <reset_non_control_endpoints+0x38>)
200003f6:	4a04      	ldr	r2, [pc, #16]	@ (20000408 <reset_non_control_endpoints+0x3c>)
200003f8:	601a      	str	r2, [r3, #0]
200003fa:	bd10      	pop	{r4, pc}
200003fc:	50100000 	.word	0x50100000
20000400:	200164a0 	.word	0x200164a0
20000404:	20016864 	.word	0x20016864
20000408:	50100180 	.word	0x50100180

2000040c <hw_handle_buff_status>:
2000040c:	b5f0      	push	{r4, r5, r6, r7, lr}
2000040e:	46ce      	mov	lr, r9
20000410:	4647      	mov	r7, r8
20000412:	b580      	push	{r7, lr}
20000414:	b085      	sub	sp, #20
20000416:	4b1f      	ldr	r3, [pc, #124]	@ (20000494 <hw_handle_buff_status+0x88>)
20000418:	6d9f      	ldr	r7, [r3, #88]	@ 0x58
2000041a:	2400      	movs	r4, #0
2000041c:	2601      	movs	r6, #1
2000041e:	e003      	b.n	20000428 <hw_handle_buff_status+0x1c>
20000420:	43b7      	bics	r7, r6
20000422:	0076      	lsls	r6, r6, #1
20000424:	3401      	adds	r4, #1
20000426:	b2e4      	uxtb	r4, r4
20000428:	2f00      	cmp	r7, #0
2000042a:	d02e      	beq.n	2000048a <hw_handle_buff_status+0x7e>
2000042c:	2c1f      	cmp	r4, #31
2000042e:	d82c      	bhi.n	2000048a <hw_handle_buff_status+0x7e>
20000430:	423e      	tst	r6, r7
20000432:	d0f6      	beq.n	20000422 <hw_handle_buff_status+0x16>
20000434:	4b18      	ldr	r3, [pc, #96]	@ (20000498 <hw_handle_buff_status+0x8c>)
20000436:	659e      	str	r6, [r3, #88]	@ 0x58
20000438:	0863      	lsrs	r3, r4, #1
2000043a:	4699      	mov	r9, r3
2000043c:	2301      	movs	r3, #1
2000043e:	43a3      	bics	r3, r4
20000440:	4698      	mov	r8, r3
20000442:	464b      	mov	r3, r9
20000444:	005d      	lsls	r5, r3, #1
20000446:	4445      	add	r5, r8
20000448:	016d      	lsls	r5, r5, #5
2000044a:	4b14      	ldr	r3, [pc, #80]	@ (2000049c <hw_handle_buff_status+0x90>)
2000044c:	18ed      	adds	r5, r5, r3
2000044e:	0028      	movs	r0, r5
20000450:	f000 fa40 	bl	200008d4 <hw_endpoint_xfer_continue>
20000454:	2800      	cmp	r0, #0
20000456:	d0e3      	beq.n	20000420 <hw_handle_buff_status+0x14>
20000458:	4a10      	ldr	r2, [pc, #64]	@ (2000049c <hw_handle_buff_status+0x90>)
2000045a:	464b      	mov	r3, r9
2000045c:	005b      	lsls	r3, r3, #1
2000045e:	4443      	add	r3, r8
20000460:	015b      	lsls	r3, r3, #5
20000462:	18d3      	adds	r3, r2, r3
20000464:	7899      	ldrb	r1, [r3, #2]
20000466:	8ada      	ldrh	r2, [r3, #22]
20000468:	a801      	add	r0, sp, #4
2000046a:	2300      	movs	r3, #0
2000046c:	4698      	mov	r8, r3
2000046e:	7003      	strb	r3, [r0, #0]
20000470:	3307      	adds	r3, #7
20000472:	7043      	strb	r3, [r0, #1]
20000474:	7101      	strb	r1, [r0, #4]
20000476:	6082      	str	r2, [r0, #8]
20000478:	4643      	mov	r3, r8
2000047a:	7143      	strb	r3, [r0, #5]
2000047c:	2101      	movs	r1, #1
2000047e:	f000 fa49 	bl	20000914 <dcd_event_handler>
20000482:	0028      	movs	r0, r5
20000484:	f000 f9ba 	bl	200007fc <hw_endpoint_reset_transfer>
20000488:	e7ca      	b.n	20000420 <hw_handle_buff_status+0x14>
2000048a:	b005      	add	sp, #20
2000048c:	bcc0      	pop	{r6, r7}
2000048e:	46b9      	mov	r9, r7
20000490:	46b0      	mov	r8, r6
20000492:	bdf0      	pop	{r4, r5, r6, r7, pc}
20000494:	50110000 	.word	0x50110000
20000498:	50113000 	.word	0x50113000
2000049c:	20016460 	.word	0x20016460

200004a0 <dcd_rp2040_irq>:
200004a0:	b5f0      	push	{r4, r5, r6, r7, lr}
200004a2:	46ce      	mov	lr, r9
200004a4:	4647      	mov	r7, r8
200004a6:	b580      	push	{r7, lr}
200004a8:	b085      	sub	sp, #20
200004aa:	4a72      	ldr	r2, [pc, #456]	@ (20000674 <dcd_rp2040_irq+0x1d4>)
200004ac:	2398      	movs	r3, #152	@ 0x98
200004ae:	58d5      	ldr	r5, [r2, r3]
200004b0:	2380      	movs	r3, #128	@ 0x80
200004b2:	029b      	lsls	r3, r3, #10
200004b4:	002f      	movs	r7, r5
200004b6:	401f      	ands	r7, r3
200004b8:	421d      	tst	r5, r3
200004ba:	d043      	beq.n	20000544 <dcd_rp2040_irq+0xa4>
200004bc:	4b6e      	ldr	r3, [pc, #440]	@ (20000678 <dcd_rp2040_irq+0x1d8>)
200004be:	6a9a      	ldr	r2, [r3, #40]	@ 0x28
200004c0:	4b6e      	ldr	r3, [pc, #440]	@ (2000067c <dcd_rp2040_irq+0x1dc>)
200004c2:	601a      	str	r2, [r3, #0]
200004c4:	2400      	movs	r4, #0
200004c6:	2100      	movs	r1, #0
200004c8:	e002      	b.n	200004d0 <dcd_rp2040_irq+0x30>
200004ca:	0031      	movs	r1, r6
200004cc:	3401      	adds	r4, #1
200004ce:	b2e4      	uxtb	r4, r4
200004d0:	2c0f      	cmp	r4, #15
200004d2:	d81d      	bhi.n	20000510 <dcd_rp2040_irq+0x70>
200004d4:	01a2      	lsls	r2, r4, #6
200004d6:	0010      	movs	r0, r2
200004d8:	3020      	adds	r0, #32
200004da:	4b69      	ldr	r3, [pc, #420]	@ (20000680 <dcd_rp2040_irq+0x1e0>)
200004dc:	18c0      	adds	r0, r0, r3
200004de:	189b      	adds	r3, r3, r2
200004e0:	333b      	adds	r3, #59	@ 0x3b
200004e2:	781b      	ldrb	r3, [r3, #0]
200004e4:	2b02      	cmp	r3, #2
200004e6:	d1f1      	bne.n	200004cc <dcd_rp2040_irq+0x2c>
200004e8:	4b65      	ldr	r3, [pc, #404]	@ (20000680 <dcd_rp2040_irq+0x1e0>)
200004ea:	189b      	adds	r3, r3, r2
200004ec:	333a      	adds	r3, #58	@ 0x3a
200004ee:	781e      	ldrb	r6, [r3, #0]
200004f0:	2e00      	cmp	r6, #0
200004f2:	d0eb      	beq.n	200004cc <dcd_rp2040_irq+0x2c>
200004f4:	4b62      	ldr	r3, [pc, #392]	@ (20000680 <dcd_rp2040_irq+0x1e0>)
200004f6:	189b      	adds	r3, r3, r2
200004f8:	333c      	adds	r3, #60	@ 0x3c
200004fa:	781b      	ldrb	r3, [r3, #0]
200004fc:	2b00      	cmp	r3, #0
200004fe:	d0e4      	beq.n	200004ca <dcd_rp2040_irq+0x2a>
20000500:	4b5f      	ldr	r3, [pc, #380]	@ (20000680 <dcd_rp2040_irq+0x1e0>)
20000502:	189b      	adds	r3, r3, r2
20000504:	333c      	adds	r3, #60	@ 0x3c
20000506:	2200      	movs	r2, #0
20000508:	701a      	strb	r2, [r3, #0]
2000050a:	f000 f9a3 	bl	20000854 <hw_endpoint_start_next_buffer>
2000050e:	e7dc      	b.n	200004ca <dcd_rp2040_irq+0x2a>
20000510:	2900      	cmp	r1, #0
20000512:	d108      	bne.n	20000526 <dcd_rp2040_irq+0x86>
20000514:	4b5b      	ldr	r3, [pc, #364]	@ (20000684 <dcd_rp2040_irq+0x1e4>)
20000516:	781b      	ldrb	r3, [r3, #0]
20000518:	2b00      	cmp	r3, #0
2000051a:	d104      	bne.n	20000526 <dcd_rp2040_irq+0x86>
2000051c:	4a5a      	ldr	r2, [pc, #360]	@ (20000688 <dcd_rp2040_irq+0x1e8>)
2000051e:	3390      	adds	r3, #144	@ 0x90
20000520:	2180      	movs	r1, #128	@ 0x80
20000522:	0289      	lsls	r1, r1, #10
20000524:	50d1      	str	r1, [r2, r3]
20000526:	4b53      	ldr	r3, [pc, #332]	@ (20000674 <dcd_rp2040_irq+0x1d4>)
20000528:	6c9b      	ldr	r3, [r3, #72]	@ 0x48
2000052a:	055b      	lsls	r3, r3, #21
2000052c:	0d5b      	lsrs	r3, r3, #21
2000052e:	a801      	add	r0, sp, #4
20000530:	2200      	movs	r2, #0
20000532:	7002      	strb	r2, [r0, #0]
20000534:	3203      	adds	r2, #3
20000536:	7042      	strb	r2, [r0, #1]
20000538:	6043      	str	r3, [r0, #4]
2000053a:	2101      	movs	r1, #1
2000053c:	f000 f9ea 	bl	20000914 <dcd_event_handler>
20000540:	2780      	movs	r7, #128	@ 0x80
20000542:	02bf      	lsls	r7, r7, #10
20000544:	06eb      	lsls	r3, r5, #27
20000546:	d406      	bmi.n	20000556 <dcd_rp2040_irq+0xb6>
20000548:	03eb      	lsls	r3, r5, #15
2000054a:	d54d      	bpl.n	200005e8 <dcd_rp2040_irq+0x148>
2000054c:	2380      	movs	r3, #128	@ 0x80
2000054e:	025b      	lsls	r3, r3, #9
20000550:	431f      	orrs	r7, r3
20000552:	2400      	movs	r4, #0
20000554:	e016      	b.n	20000584 <dcd_rp2040_irq+0xe4>
20000556:	2310      	movs	r3, #16
20000558:	431f      	orrs	r7, r3
2000055a:	f7ff ff57 	bl	2000040c <hw_handle_buff_status>
2000055e:	e7f3      	b.n	20000548 <dcd_rp2040_irq+0xa8>
20000560:	2602      	movs	r6, #2
20000562:	e01c      	b.n	2000059e <dcd_rp2040_irq+0xfe>
20000564:	4b49      	ldr	r3, [pc, #292]	@ (2000068c <dcd_rp2040_irq+0x1ec>)
20000566:	661e      	str	r6, [r3, #96]	@ 0x60
20000568:	4b42      	ldr	r3, [pc, #264]	@ (20000674 <dcd_rp2040_irq+0x1d4>)
2000056a:	6e5b      	ldr	r3, [r3, #100]	@ 0x64
2000056c:	4033      	ands	r3, r6
2000056e:	429e      	cmp	r6, r3
20000570:	d1fa      	bne.n	20000568 <dcd_rp2040_irq+0xc8>
20000572:	e018      	b.n	200005a6 <dcd_rp2040_irq+0x106>
20000574:	4b42      	ldr	r3, [pc, #264]	@ (20000680 <dcd_rp2040_irq+0x1e0>)
20000576:	464a      	mov	r2, r9
20000578:	0152      	lsls	r2, r2, #5
2000057a:	189b      	adds	r3, r3, r2
2000057c:	2201      	movs	r2, #1
2000057e:	70da      	strb	r2, [r3, #3]
20000580:	3401      	adds	r4, #1
20000582:	b2e4      	uxtb	r4, r4
20000584:	2c01      	cmp	r4, #1
20000586:	d81f      	bhi.n	200005c8 <dcd_rp2040_irq+0x128>
20000588:	46a1      	mov	r9, r4
2000058a:	0166      	lsls	r6, r4, #5
2000058c:	4b3c      	ldr	r3, [pc, #240]	@ (20000680 <dcd_rp2040_irq+0x1e0>)
2000058e:	18f3      	adds	r3, r6, r3
20000590:	4698      	mov	r8, r3
20000592:	7e9b      	ldrb	r3, [r3, #26]
20000594:	2b00      	cmp	r3, #0
20000596:	d0ed      	beq.n	20000574 <dcd_rp2040_irq+0xd4>
20000598:	2c00      	cmp	r4, #0
2000059a:	d0e1      	beq.n	20000560 <dcd_rp2040_irq+0xc0>
2000059c:	2601      	movs	r6, #1
2000059e:	f000 fb07 	bl	20000bb0 <__rp2040_chip_version_veneer>
200005a2:	2801      	cmp	r0, #1
200005a4:	d8de      	bhi.n	20000564 <dcd_rp2040_irq+0xc4>
200005a6:	22c0      	movs	r2, #192	@ 0xc0
200005a8:	0192      	lsls	r2, r2, #6
200005aa:	2100      	movs	r1, #0
200005ac:	4640      	mov	r0, r8
200005ae:	f000 f92b 	bl	20000808 <_hw_endpoint_buffer_control_update32>
200005b2:	4640      	mov	r0, r8
200005b4:	f000 f922 	bl	200007fc <hw_endpoint_reset_transfer>
200005b8:	f000 fafa 	bl	20000bb0 <__rp2040_chip_version_veneer>
200005bc:	2801      	cmp	r0, #1
200005be:	d9d9      	bls.n	20000574 <dcd_rp2040_irq+0xd4>
200005c0:	4b31      	ldr	r3, [pc, #196]	@ (20000688 <dcd_rp2040_irq+0x1e8>)
200005c2:	665e      	str	r6, [r3, #100]	@ 0x64
200005c4:	661e      	str	r6, [r3, #96]	@ 0x60
200005c6:	e7d5      	b.n	20000574 <dcd_rp2040_irq+0xd4>
200005c8:	a801      	add	r0, sp, #4
200005ca:	2300      	movs	r3, #0
200005cc:	7003      	strb	r3, [r0, #0]
200005ce:	3306      	adds	r3, #6
200005d0:	7043      	strb	r3, [r0, #1]
200005d2:	4a2f      	ldr	r2, [pc, #188]	@ (20000690 <dcd_rp2040_irq+0x1f0>)
200005d4:	ab02      	add	r3, sp, #8
200005d6:	ca12      	ldmia	r2!, {r1, r4}
200005d8:	c312      	stmia	r3!, {r1, r4}
200005da:	2101      	movs	r1, #1
200005dc:	f000 f99a 	bl	20000914 <dcd_event_handler>
200005e0:	4b29      	ldr	r3, [pc, #164]	@ (20000688 <dcd_rp2040_irq+0x1e8>)
200005e2:	2280      	movs	r2, #128	@ 0x80
200005e4:	0292      	lsls	r2, r2, #10
200005e6:	651a      	str	r2, [r3, #80]	@ 0x50
200005e8:	04eb      	lsls	r3, r5, #19
200005ea:	d40a      	bmi.n	20000602 <dcd_rp2040_irq+0x162>
200005ec:	046b      	lsls	r3, r5, #17
200005ee:	d41d      	bmi.n	2000062c <dcd_rp2040_irq+0x18c>
200005f0:	042b      	lsls	r3, r5, #16
200005f2:	d42a      	bmi.n	2000064a <dcd_rp2040_irq+0x1aa>
200005f4:	42af      	cmp	r7, r5
200005f6:	d138      	bne.n	2000066a <dcd_rp2040_irq+0x1ca>
200005f8:	b005      	add	sp, #20
200005fa:	bcc0      	pop	{r6, r7}
200005fc:	46b9      	mov	r9, r7
200005fe:	46b0      	mov	r8, r6
20000600:	bdf0      	pop	{r4, r5, r6, r7, pc}
20000602:	2380      	movs	r3, #128	@ 0x80
20000604:	015b      	lsls	r3, r3, #5
20000606:	431f      	orrs	r7, r3
20000608:	2400      	movs	r4, #0
2000060a:	4b1a      	ldr	r3, [pc, #104]	@ (20000674 <dcd_rp2040_irq+0x1d4>)
2000060c:	601c      	str	r4, [r3, #0]
2000060e:	f7ff fedd 	bl	200003cc <reset_non_control_endpoints>
20000612:	a801      	add	r0, sp, #4
20000614:	7004      	strb	r4, [r0, #0]
20000616:	2301      	movs	r3, #1
20000618:	7043      	strb	r3, [r0, #1]
2000061a:	7104      	strb	r4, [r0, #4]
2000061c:	2101      	movs	r1, #1
2000061e:	f000 f979 	bl	20000914 <dcd_event_handler>
20000622:	4b19      	ldr	r3, [pc, #100]	@ (20000688 <dcd_rp2040_irq+0x1e8>)
20000624:	2280      	movs	r2, #128	@ 0x80
20000626:	0312      	lsls	r2, r2, #12
20000628:	651a      	str	r2, [r3, #80]	@ 0x50
2000062a:	e7df      	b.n	200005ec <dcd_rp2040_irq+0x14c>
2000062c:	2380      	movs	r3, #128	@ 0x80
2000062e:	01db      	lsls	r3, r3, #7
20000630:	431f      	orrs	r7, r3
20000632:	a801      	add	r0, sp, #4
20000634:	2300      	movs	r3, #0
20000636:	7003      	strb	r3, [r0, #0]
20000638:	3304      	adds	r3, #4
2000063a:	7043      	strb	r3, [r0, #1]
2000063c:	2101      	movs	r1, #1
2000063e:	f000 f969 	bl	20000914 <dcd_event_handler>
20000642:	4b11      	ldr	r3, [pc, #68]	@ (20000688 <dcd_rp2040_irq+0x1e8>)
20000644:	2210      	movs	r2, #16
20000646:	651a      	str	r2, [r3, #80]	@ 0x50
20000648:	e7d2      	b.n	200005f0 <dcd_rp2040_irq+0x150>
2000064a:	2380      	movs	r3, #128	@ 0x80
2000064c:	021b      	lsls	r3, r3, #8
2000064e:	431f      	orrs	r7, r3
20000650:	a801      	add	r0, sp, #4
20000652:	2300      	movs	r3, #0
20000654:	7003      	strb	r3, [r0, #0]
20000656:	3305      	adds	r3, #5
20000658:	7043      	strb	r3, [r0, #1]
2000065a:	2101      	movs	r1, #1
2000065c:	f000 f95a 	bl	20000914 <dcd_event_handler>
20000660:	4b09      	ldr	r3, [pc, #36]	@ (20000688 <dcd_rp2040_irq+0x1e8>)
20000662:	2280      	movs	r2, #128	@ 0x80
20000664:	0112      	lsls	r2, r2, #4
20000666:	651a      	str	r2, [r3, #80]	@ 0x50
20000668:	e7c4      	b.n	200005f4 <dcd_rp2040_irq+0x154>
2000066a:	0039      	movs	r1, r7
2000066c:	4069      	eors	r1, r5
2000066e:	4809      	ldr	r0, [pc, #36]	@ (20000694 <dcd_rp2040_irq+0x1f4>)
20000670:	f000 fa8e 	bl	20000b90 <__panic_veneer>
20000674:	50110000 	.word	0x50110000
20000678:	40054000 	.word	0x40054000
2000067c:	20016458 	.word	0x20016458
20000680:	20016460 	.word	0x20016460
20000684:	200169b6 	.word	0x200169b6
20000688:	50113000 	.word	0x50113000
2000068c:	50112000 	.word	0x50112000
20000690:	50100000 	.word	0x50100000
20000694:	10008618 	.word	0x10008618

20000698 <prepare_ep_buffer>:
20000698:	b5f8      	push	{r3, r4, r5, r6, r7, lr}
2000069a:	0004      	movs	r4, r0
2000069c:	000f      	movs	r7, r1
2000069e:	8a83      	ldrh	r3, [r0, #20]
200006a0:	8b02      	ldrh	r2, [r0, #24]
200006a2:	1c1e      	adds	r6, r3, #0
200006a4:	4293      	cmp	r3, r2
200006a6:	d900      	bls.n	200006aa <prepare_ep_buffer+0x12>
200006a8:	1c16      	adds	r6, r2, #0
200006aa:	b2b6      	uxth	r6, r6
200006ac:	1b9b      	subs	r3, r3, r6
200006ae:	82a3      	strh	r3, [r4, #20]
200006b0:	2280      	movs	r2, #128	@ 0x80
200006b2:	00d2      	lsls	r2, r2, #3
200006b4:	4332      	orrs	r2, r6
200006b6:	78e3      	ldrb	r3, [r4, #3]
200006b8:	2b00      	cmp	r3, #0
200006ba:	d013      	beq.n	200006e4 <prepare_ep_buffer+0x4c>
200006bc:	2580      	movs	r5, #128	@ 0x80
200006be:	01ad      	lsls	r5, r5, #6
200006c0:	4315      	orrs	r5, r2
200006c2:	2201      	movs	r2, #1
200006c4:	4053      	eors	r3, r2
200006c6:	70e3      	strb	r3, [r4, #3]
200006c8:	7863      	ldrb	r3, [r4, #1]
200006ca:	2b00      	cmp	r3, #0
200006cc:	d00c      	beq.n	200006e8 <prepare_ep_buffer+0x50>
200006ce:	8aa3      	ldrh	r3, [r4, #20]
200006d0:	2b00      	cmp	r3, #0
200006d2:	d102      	bne.n	200006da <prepare_ep_buffer+0x42>
200006d4:	2380      	movs	r3, #128	@ 0x80
200006d6:	01db      	lsls	r3, r3, #7
200006d8:	431d      	orrs	r5, r3
200006da:	2f00      	cmp	r7, #0
200006dc:	d000      	beq.n	200006e0 <prepare_ep_buffer+0x48>
200006de:	042d      	lsls	r5, r5, #16
200006e0:	0028      	movs	r0, r5
200006e2:	bdf8      	pop	{r3, r4, r5, r6, r7, pc}
200006e4:	2500      	movs	r5, #0
200006e6:	e7eb      	b.n	200006c0 <prepare_ep_buffer+0x28>
200006e8:	68e0      	ldr	r0, [r4, #12]
200006ea:	01bb      	lsls	r3, r7, #6
200006ec:	18c0      	adds	r0, r0, r3
200006ee:	6921      	ldr	r1, [r4, #16]
200006f0:	0032      	movs	r2, r6
200006f2:	f000 fa25 	bl	20000b40 <__unaligned_memcpy_veneer>
200006f6:	6923      	ldr	r3, [r4, #16]
200006f8:	199b      	adds	r3, r3, r6
200006fa:	6123      	str	r3, [r4, #16]
200006fc:	2380      	movs	r3, #128	@ 0x80
200006fe:	021b      	lsls	r3, r3, #8
20000700:	431d      	orrs	r5, r3
20000702:	e7e4      	b.n	200006ce <prepare_ep_buffer+0x36>

20000704 <e15_is_bulkin_ep>:
20000704:	4b08      	ldr	r3, [pc, #32]	@ (20000728 <e15_is_bulkin_ep+0x24>)
20000706:	6c1b      	ldr	r3, [r3, #64]	@ 0x40
20000708:	079b      	lsls	r3, r3, #30
2000070a:	d403      	bmi.n	20000714 <e15_is_bulkin_ep+0x10>
2000070c:	7883      	ldrb	r3, [r0, #2]
2000070e:	09db      	lsrs	r3, r3, #7
20000710:	2b01      	cmp	r3, #1
20000712:	d001      	beq.n	20000718 <e15_is_bulkin_ep+0x14>
20000714:	2000      	movs	r0, #0
20000716:	4770      	bx	lr
20000718:	7ec3      	ldrb	r3, [r0, #27]
2000071a:	2b02      	cmp	r3, #2
2000071c:	d001      	beq.n	20000722 <e15_is_bulkin_ep+0x1e>
2000071e:	2000      	movs	r0, #0
20000720:	e7f9      	b.n	20000716 <e15_is_bulkin_ep+0x12>
20000722:	2001      	movs	r0, #1
20000724:	e7f7      	b.n	20000716 <e15_is_bulkin_ep+0x12>
20000726:	46c0      	nop			@ (mov r8, r8)
20000728:	50110000 	.word	0x50110000

2000072c <e15_is_critical_frame_period>:
2000072c:	b510      	push	{r4, lr}
2000072e:	f7ff ffe9 	bl	20000704 <e15_is_bulkin_ep>
20000732:	2800      	cmp	r0, #0
20000734:	d009      	beq.n	2000074a <e15_is_critical_frame_period+0x1e>
20000736:	4b06      	ldr	r3, [pc, #24]	@ (20000750 <e15_is_critical_frame_period+0x24>)
20000738:	6a9b      	ldr	r3, [r3, #40]	@ 0x28
2000073a:	4a06      	ldr	r2, [pc, #24]	@ (20000754 <e15_is_critical_frame_period+0x28>)
2000073c:	6812      	ldr	r2, [r2, #0]
2000073e:	1a9b      	subs	r3, r3, r2
20000740:	4a05      	ldr	r2, [pc, #20]	@ (20000758 <e15_is_critical_frame_period+0x2c>)
20000742:	4694      	mov	ip, r2
20000744:	4463      	add	r3, ip
20000746:	2bc6      	cmp	r3, #198	@ 0xc6
20000748:	d800      	bhi.n	2000074c <e15_is_critical_frame_period+0x20>
2000074a:	bd10      	pop	{r4, pc}
2000074c:	2000      	movs	r0, #0
2000074e:	e7fc      	b.n	2000074a <e15_is_critical_frame_period+0x1e>
20000750:	40054000 	.word	0x40054000
20000754:	20016458 	.word	0x20016458
20000758:	fffffce0 	.word	0xfffffce0

2000075c <sync_ep_buffer>:
2000075c:	b570      	push	{r4, r5, r6, lr}
2000075e:	0004      	movs	r4, r0
20000760:	6883      	ldr	r3, [r0, #8]
20000762:	681b      	ldr	r3, [r3, #0]
20000764:	2900      	cmp	r1, #0
20000766:	d000      	beq.n	2000076a <sync_ep_buffer+0xe>
20000768:	0c1b      	lsrs	r3, r3, #16
2000076a:	059d      	lsls	r5, r3, #22
2000076c:	0dad      	lsrs	r5, r5, #22
2000076e:	7862      	ldrb	r2, [r4, #1]
20000770:	2a00      	cmp	r2, #0
20000772:	d111      	bne.n	20000798 <sync_ep_buffer+0x3c>
20000774:	041b      	lsls	r3, r3, #16
20000776:	d409      	bmi.n	2000078c <sync_ep_buffer+0x30>
20000778:	8ae3      	ldrh	r3, [r4, #22]
2000077a:	195b      	adds	r3, r3, r5
2000077c:	82e3      	strh	r3, [r4, #22]
2000077e:	8b23      	ldrh	r3, [r4, #24]
20000780:	42ab      	cmp	r3, r5
20000782:	d901      	bls.n	20000788 <sync_ep_buffer+0x2c>
20000784:	2300      	movs	r3, #0
20000786:	82a3      	strh	r3, [r4, #20]
20000788:	0028      	movs	r0, r5
2000078a:	bd70      	pop	{r4, r5, r6, pc}
2000078c:	4b0d      	ldr	r3, [pc, #52]	@ (200007c4 <sync_ep_buffer+0x68>)
2000078e:	4a0e      	ldr	r2, [pc, #56]	@ (200007c8 <sync_ep_buffer+0x6c>)
20000790:	480e      	ldr	r0, [pc, #56]	@ (200007cc <sync_ep_buffer+0x70>)
20000792:	21e8      	movs	r1, #232	@ 0xe8
20000794:	f000 fa1c 	bl	20000bd0 <____assert_func_veneer>
20000798:	041b      	lsls	r3, r3, #16
2000079a:	d50d      	bpl.n	200007b8 <sync_ep_buffer+0x5c>
2000079c:	6920      	ldr	r0, [r4, #16]
2000079e:	68e3      	ldr	r3, [r4, #12]
200007a0:	0189      	lsls	r1, r1, #6
200007a2:	1859      	adds	r1, r3, r1
200007a4:	002a      	movs	r2, r5
200007a6:	f000 f9cb 	bl	20000b40 <__unaligned_memcpy_veneer>
200007aa:	8ae3      	ldrh	r3, [r4, #22]
200007ac:	195b      	adds	r3, r3, r5
200007ae:	82e3      	strh	r3, [r4, #22]
200007b0:	6923      	ldr	r3, [r4, #16]
200007b2:	195b      	adds	r3, r3, r5
200007b4:	6123      	str	r3, [r4, #16]
200007b6:	e7e2      	b.n	2000077e <sync_ep_buffer+0x22>
200007b8:	4b05      	ldr	r3, [pc, #20]	@ (200007d0 <sync_ep_buffer+0x74>)
200007ba:	4a03      	ldr	r2, [pc, #12]	@ (200007c8 <sync_ep_buffer+0x6c>)
200007bc:	4803      	ldr	r0, [pc, #12]	@ (200007cc <sync_ep_buffer+0x70>)
200007be:	21ee      	movs	r1, #238	@ 0xee
200007c0:	f000 fa06 	bl	20000bd0 <____assert_func_veneer>
200007c4:	10008638 	.word	0x10008638
200007c8:	10008ca0 	.word	0x10008ca0
200007cc:	10008658 	.word	0x10008658
200007d0:	100086c0 	.word	0x100086c0

200007d4 <_hw_endpoint_xfer_sync>:
200007d4:	b510      	push	{r4, lr}
200007d6:	0004      	movs	r4, r0
200007d8:	6883      	ldr	r3, [r0, #8]
200007da:	681b      	ldr	r3, [r3, #0]
200007dc:	2100      	movs	r1, #0
200007de:	f7ff ffbd 	bl	2000075c <sync_ep_buffer>
200007e2:	6863      	ldr	r3, [r4, #4]
200007e4:	681b      	ldr	r3, [r3, #0]
200007e6:	005b      	lsls	r3, r3, #1
200007e8:	d502      	bpl.n	200007f0 <_hw_endpoint_xfer_sync+0x1c>
200007ea:	8b23      	ldrh	r3, [r4, #24]
200007ec:	4283      	cmp	r3, r0
200007ee:	d000      	beq.n	200007f2 <_hw_endpoint_xfer_sync+0x1e>
200007f0:	bd10      	pop	{r4, pc}
200007f2:	2101      	movs	r1, #1
200007f4:	0020      	movs	r0, r4
200007f6:	f7ff ffb1 	bl	2000075c <sync_ep_buffer>
200007fa:	e7f9      	b.n	200007f0 <_hw_endpoint_xfer_sync+0x1c>

200007fc <hw_endpoint_reset_transfer>:
200007fc:	2300      	movs	r3, #0
200007fe:	7683      	strb	r3, [r0, #26]
20000800:	8283      	strh	r3, [r0, #20]
20000802:	82c3      	strh	r3, [r0, #22]
20000804:	6103      	str	r3, [r0, #16]
20000806:	4770      	bx	lr

20000808 <_hw_endpoint_buffer_control_update32>:
20000808:	b510      	push	{r4, lr}
2000080a:	2900      	cmp	r1, #0
2000080c:	d002      	beq.n	20000814 <_hw_endpoint_buffer_control_update32+0xc>
2000080e:	6883      	ldr	r3, [r0, #8]
20000810:	681b      	ldr	r3, [r3, #0]
20000812:	4019      	ands	r1, r3
20000814:	2a00      	cmp	r2, #0
20000816:	d010      	beq.n	2000083a <_hw_endpoint_buffer_control_update32+0x32>
20000818:	4311      	orrs	r1, r2
2000081a:	0552      	lsls	r2, r2, #21
2000081c:	d50d      	bpl.n	2000083a <_hw_endpoint_buffer_control_update32+0x32>
2000081e:	6882      	ldr	r2, [r0, #8]
20000820:	6813      	ldr	r3, [r2, #0]
20000822:	055b      	lsls	r3, r3, #21
20000824:	d40c      	bmi.n	20000840 <_hw_endpoint_buffer_control_update32+0x38>
20000826:	4b08      	ldr	r3, [pc, #32]	@ (20000848 <_hw_endpoint_buffer_control_update32+0x40>)
20000828:	400b      	ands	r3, r1
2000082a:	6013      	str	r3, [r2, #0]
2000082c:	4b07      	ldr	r3, [pc, #28]	@ (2000084c <_hw_endpoint_buffer_control_update32+0x44>)
2000082e:	6c1b      	ldr	r3, [r3, #64]	@ 0x40
20000830:	079b      	lsls	r3, r3, #30
20000832:	d402      	bmi.n	2000083a <_hw_endpoint_buffer_control_update32+0x32>
20000834:	230c      	movs	r3, #12
20000836:	3b03      	subs	r3, #3
20000838:	d2fd      	bcs.n	20000836 <_hw_endpoint_buffer_control_update32+0x2e>
2000083a:	6883      	ldr	r3, [r0, #8]
2000083c:	6019      	str	r1, [r3, #0]
2000083e:	bd10      	pop	{r4, pc}
20000840:	7881      	ldrb	r1, [r0, #2]
20000842:	4803      	ldr	r0, [pc, #12]	@ (20000850 <_hw_endpoint_buffer_control_update32+0x48>)
20000844:	f000 f9a4 	bl	20000b90 <__panic_veneer>
20000848:	fffffbff 	.word	0xfffffbff
2000084c:	50110000 	.word	0x50110000
20000850:	100086e0 	.word	0x100086e0

20000854 <hw_endpoint_start_next_buffer>:
20000854:	b570      	push	{r4, r5, r6, lr}
20000856:	0004      	movs	r4, r0
20000858:	6843      	ldr	r3, [r0, #4]
2000085a:	681e      	ldr	r6, [r3, #0]
2000085c:	2100      	movs	r1, #0
2000085e:	f7ff ff1b 	bl	20000698 <prepare_ep_buffer>
20000862:	2580      	movs	r5, #128	@ 0x80
20000864:	016d      	lsls	r5, r5, #5
20000866:	4305      	orrs	r5, r0
20000868:	4b17      	ldr	r3, [pc, #92]	@ (200008c8 <hw_endpoint_start_next_buffer+0x74>)
2000086a:	6c1b      	ldr	r3, [r3, #64]	@ 0x40
2000086c:	079b      	lsls	r3, r3, #30
2000086e:	d416      	bmi.n	2000089e <hw_endpoint_start_next_buffer+0x4a>
20000870:	2302      	movs	r3, #2
20000872:	56e3      	ldrsb	r3, [r4, r3]
20000874:	2b00      	cmp	r3, #0
20000876:	db17      	blt.n	200008a8 <hw_endpoint_start_next_buffer+0x54>
20000878:	2301      	movs	r3, #1
2000087a:	8aa2      	ldrh	r2, [r4, #20]
2000087c:	2a00      	cmp	r2, #0
2000087e:	d001      	beq.n	20000884 <hw_endpoint_start_next_buffer+0x30>
20000880:	2b00      	cmp	r3, #0
20000882:	d015      	beq.n	200008b0 <hw_endpoint_start_next_buffer+0x5c>
20000884:	4b11      	ldr	r3, [pc, #68]	@ (200008cc <hw_endpoint_start_next_buffer+0x78>)
20000886:	401e      	ands	r6, r3
20000888:	2380      	movs	r3, #128	@ 0x80
2000088a:	059b      	lsls	r3, r3, #22
2000088c:	4333      	orrs	r3, r6
2000088e:	6862      	ldr	r2, [r4, #4]
20000890:	6013      	str	r3, [r2, #0]
20000892:	002a      	movs	r2, r5
20000894:	2100      	movs	r1, #0
20000896:	0020      	movs	r0, r4
20000898:	f7ff ffb6 	bl	20000808 <_hw_endpoint_buffer_control_update32>
2000089c:	bd70      	pop	{r4, r5, r6, pc}
2000089e:	78a3      	ldrb	r3, [r4, #2]
200008a0:	065b      	lsls	r3, r3, #25
200008a2:	d003      	beq.n	200008ac <hw_endpoint_start_next_buffer+0x58>
200008a4:	2301      	movs	r3, #1
200008a6:	e7e8      	b.n	2000087a <hw_endpoint_start_next_buffer+0x26>
200008a8:	2300      	movs	r3, #0
200008aa:	e7e6      	b.n	2000087a <hw_endpoint_start_next_buffer+0x26>
200008ac:	2300      	movs	r3, #0
200008ae:	e7e4      	b.n	2000087a <hw_endpoint_start_next_buffer+0x26>
200008b0:	2101      	movs	r1, #1
200008b2:	0020      	movs	r0, r4
200008b4:	f7ff fef0 	bl	20000698 <prepare_ep_buffer>
200008b8:	4305      	orrs	r5, r0
200008ba:	4a05      	ldr	r2, [pc, #20]	@ (200008d0 <hw_endpoint_start_next_buffer+0x7c>)
200008bc:	4032      	ands	r2, r6
200008be:	23a0      	movs	r3, #160	@ 0xa0
200008c0:	05db      	lsls	r3, r3, #23
200008c2:	4313      	orrs	r3, r2
200008c4:	e7e3      	b.n	2000088e <hw_endpoint_start_next_buffer+0x3a>
200008c6:	46c0      	nop			@ (mov r8, r8)
200008c8:	50110000 	.word	0x50110000
200008cc:	afffffff 	.word	0xafffffff
200008d0:	dfffffff 	.word	0xdfffffff

200008d4 <hw_endpoint_xfer_continue>:
200008d4:	b570      	push	{r4, r5, r6, lr}
200008d6:	0004      	movs	r4, r0
200008d8:	7e85      	ldrb	r5, [r0, #26]
200008da:	2d00      	cmp	r5, #0
200008dc:	d006      	beq.n	200008ec <hw_endpoint_xfer_continue+0x18>
200008de:	f7ff ff79 	bl	200007d4 <_hw_endpoint_xfer_sync>
200008e2:	8aa3      	ldrh	r3, [r4, #20]
200008e4:	2b00      	cmp	r3, #0
200008e6:	d105      	bne.n	200008f4 <hw_endpoint_xfer_continue+0x20>
200008e8:	0028      	movs	r0, r5
200008ea:	bd70      	pop	{r4, r5, r6, pc}
200008ec:	7881      	ldrb	r1, [r0, #2]
200008ee:	4808      	ldr	r0, [pc, #32]	@ (20000910 <hw_endpoint_xfer_continue+0x3c>)
200008f0:	f000 f94e 	bl	20000b90 <__panic_veneer>
200008f4:	0020      	movs	r0, r4
200008f6:	f7ff ff19 	bl	2000072c <e15_is_critical_frame_period>
200008fa:	1e05      	subs	r5, r0, #0
200008fc:	d003      	beq.n	20000906 <hw_endpoint_xfer_continue+0x32>
200008fe:	2301      	movs	r3, #1
20000900:	7723      	strb	r3, [r4, #28]
20000902:	2500      	movs	r5, #0
20000904:	e7f0      	b.n	200008e8 <hw_endpoint_xfer_continue+0x14>
20000906:	0020      	movs	r0, r4
20000908:	f7ff ffa4 	bl	20000854 <hw_endpoint_start_next_buffer>
2000090c:	e7ec      	b.n	200008e8 <hw_endpoint_xfer_continue+0x14>
2000090e:	46c0      	nop			@ (mov r8, r8)
20000910:	10008700 	.word	0x10008700

20000914 <dcd_event_handler>:
20000914:	b570      	push	{r4, r5, r6, lr}
20000916:	b084      	sub	sp, #16
20000918:	0005      	movs	r5, r0
2000091a:	000e      	movs	r6, r1
2000091c:	7843      	ldrb	r3, [r0, #1]
2000091e:	2b06      	cmp	r3, #6
20000920:	d812      	bhi.n	20000948 <dcd_event_handler+0x34>
20000922:	009b      	lsls	r3, r3, #2
20000924:	4a6d      	ldr	r2, [pc, #436]	@ (20000adc <dcd_event_handler+0x1c8>)
20000926:	58d3      	ldr	r3, [r2, r3]
20000928:	469f      	mov	pc, r3
2000092a:	4b6d      	ldr	r3, [pc, #436]	@ (20000ae0 <dcd_event_handler+0x1cc>)
2000092c:	781a      	ldrb	r2, [r3, #0]
2000092e:	2101      	movs	r1, #1
20000930:	438a      	bics	r2, r1
20000932:	701a      	strb	r2, [r3, #0]
20000934:	781a      	ldrb	r2, [r3, #0]
20000936:	3101      	adds	r1, #1
20000938:	438a      	bics	r2, r1
2000093a:	701a      	strb	r2, [r3, #0]
2000093c:	2200      	movs	r2, #0
2000093e:	705a      	strb	r2, [r3, #1]
20000940:	781a      	ldrb	r2, [r3, #0]
20000942:	3102      	adds	r1, #2
20000944:	438a      	bics	r2, r1
20000946:	701a      	strb	r2, [r3, #0]
20000948:	4b66      	ldr	r3, [pc, #408]	@ (20000ae4 <dcd_event_handler+0x1d0>)
2000094a:	681c      	ldr	r4, [r3, #0]
2000094c:	6962      	ldr	r2, [r4, #20]
2000094e:	f3ef 8110 	mrs	r1, PRIMASK
20000952:	b672      	cpsid	i
20000954:	6813      	ldr	r3, [r2, #0]
20000956:	2b00      	cmp	r3, #0
20000958:	d0fc      	beq.n	20000954 <dcd_event_handler+0x40>
2000095a:	f3bf 8f5f 	dmb	sy
2000095e:	61a1      	str	r1, [r4, #24]
20000960:	0029      	movs	r1, r5
20000962:	0020      	movs	r0, r4
20000964:	f000 f8f4 	bl	20000b50 <__tu_fifo_write_veneer>
20000968:	6962      	ldr	r2, [r4, #20]
2000096a:	69a3      	ldr	r3, [r4, #24]
2000096c:	f3bf 8f5f 	dmb	sy
20000970:	2100      	movs	r1, #0
20000972:	6011      	str	r1, [r2, #0]
20000974:	f383 8810 	msr	PRIMASK, r3
20000978:	2800      	cmp	r0, #0
2000097a:	d100      	bne.n	2000097e <dcd_event_handler+0x6a>
2000097c:	e0a7      	b.n	20000ace <dcd_event_handler+0x1ba>
2000097e:	7828      	ldrb	r0, [r5, #0]
20000980:	7869      	ldrb	r1, [r5, #1]
20000982:	0032      	movs	r2, r6
20000984:	f000 f92c 	bl	20000be0 <__tud_event_hook_cb_veneer>
20000988:	b004      	add	sp, #16
2000098a:	bd70      	pop	{r4, r5, r6, pc}
2000098c:	4b54      	ldr	r3, [pc, #336]	@ (20000ae0 <dcd_event_handler+0x1cc>)
2000098e:	781b      	ldrb	r3, [r3, #0]
20000990:	07db      	lsls	r3, r3, #31
20000992:	d5f9      	bpl.n	20000988 <dcd_event_handler+0x74>
20000994:	4a52      	ldr	r2, [pc, #328]	@ (20000ae0 <dcd_event_handler+0x1cc>)
20000996:	7813      	ldrb	r3, [r2, #0]
20000998:	2104      	movs	r1, #4
2000099a:	430b      	orrs	r3, r1
2000099c:	7013      	strb	r3, [r2, #0]
2000099e:	e7d3      	b.n	20000948 <dcd_event_handler+0x34>
200009a0:	4b4f      	ldr	r3, [pc, #316]	@ (20000ae0 <dcd_event_handler+0x1cc>)
200009a2:	781b      	ldrb	r3, [r3, #0]
200009a4:	07db      	lsls	r3, r3, #31
200009a6:	d5ef      	bpl.n	20000988 <dcd_event_handler+0x74>
200009a8:	4a4d      	ldr	r2, [pc, #308]	@ (20000ae0 <dcd_event_handler+0x1cc>)
200009aa:	7813      	ldrb	r3, [r2, #0]
200009ac:	2104      	movs	r1, #4
200009ae:	438b      	bics	r3, r1
200009b0:	7013      	strb	r3, [r2, #0]
200009b2:	e7c9      	b.n	20000948 <dcd_event_handler+0x34>
200009b4:	1ae3      	subs	r3, r4, r3
200009b6:	015b      	lsls	r3, r3, #5
200009b8:	4a4b      	ldr	r2, [pc, #300]	@ (20000ae8 <dcd_event_handler+0x1d4>)
200009ba:	189b      	adds	r3, r3, r2
200009bc:	69db      	ldr	r3, [r3, #28]
200009be:	2b00      	cmp	r3, #0
200009c0:	d002      	beq.n	200009c8 <dcd_event_handler+0xb4>
200009c2:	7828      	ldrb	r0, [r5, #0]
200009c4:	6869      	ldr	r1, [r5, #4]
200009c6:	4798      	blx	r3
200009c8:	3401      	adds	r4, #1
200009ca:	b2e4      	uxtb	r4, r4
200009cc:	4b47      	ldr	r3, [pc, #284]	@ (20000aec <dcd_event_handler+0x1d8>)
200009ce:	781b      	ldrb	r3, [r3, #0]
200009d0:	42a3      	cmp	r3, r4
200009d2:	d309      	bcc.n	200009e8 <dcd_event_handler+0xd4>
200009d4:	d9ee      	bls.n	200009b4 <dcd_event_handler+0xa0>
200009d6:	4b46      	ldr	r3, [pc, #280]	@ (20000af0 <dcd_event_handler+0x1dc>)
200009d8:	681b      	ldr	r3, [r3, #0]
200009da:	0162      	lsls	r2, r4, #5
200009dc:	189b      	adds	r3, r3, r2
200009de:	2b00      	cmp	r3, #0
200009e0:	d1ec      	bne.n	200009bc <dcd_event_handler+0xa8>
200009e2:	e7f1      	b.n	200009c8 <dcd_event_handler+0xb4>
200009e4:	2400      	movs	r4, #0
200009e6:	e7f1      	b.n	200009cc <dcd_event_handler+0xb8>
200009e8:	4b3d      	ldr	r3, [pc, #244]	@ (20000ae0 <dcd_event_handler+0x1cc>)
200009ea:	781b      	ldrb	r3, [r3, #0]
200009ec:	075b      	lsls	r3, r3, #29
200009ee:	d52e      	bpl.n	20000a4e <dcd_event_handler+0x13a>
200009f0:	4a3b      	ldr	r2, [pc, #236]	@ (20000ae0 <dcd_event_handler+0x1cc>)
200009f2:	7813      	ldrb	r3, [r2, #0]
200009f4:	2104      	movs	r1, #4
200009f6:	438b      	bics	r3, r1
200009f8:	7013      	strb	r3, [r2, #0]
200009fa:	ac01      	add	r4, sp, #4
200009fc:	220c      	movs	r2, #12
200009fe:	2100      	movs	r1, #0
20000a00:	0020      	movs	r0, r4
20000a02:	f000 f8bd 	bl	20000b80 <____wrap_memset_veneer>
20000a06:	782b      	ldrb	r3, [r5, #0]
20000a08:	7023      	strb	r3, [r4, #0]
20000a0a:	2305      	movs	r3, #5
20000a0c:	7063      	strb	r3, [r4, #1]
20000a0e:	4b35      	ldr	r3, [pc, #212]	@ (20000ae4 <dcd_event_handler+0x1d0>)
20000a10:	681c      	ldr	r4, [r3, #0]
20000a12:	6962      	ldr	r2, [r4, #20]
20000a14:	f3ef 8110 	mrs	r1, PRIMASK
20000a18:	b672      	cpsid	i
20000a1a:	6813      	ldr	r3, [r2, #0]
20000a1c:	2b00      	cmp	r3, #0
20000a1e:	d0fc      	beq.n	20000a1a <dcd_event_handler+0x106>
20000a20:	f3bf 8f5f 	dmb	sy
20000a24:	61a1      	str	r1, [r4, #24]
20000a26:	a901      	add	r1, sp, #4
20000a28:	0020      	movs	r0, r4
20000a2a:	f000 f891 	bl	20000b50 <__tu_fifo_write_veneer>
20000a2e:	6962      	ldr	r2, [r4, #20]
20000a30:	69a3      	ldr	r3, [r4, #24]
20000a32:	f3bf 8f5f 	dmb	sy
20000a36:	2100      	movs	r1, #0
20000a38:	6011      	str	r1, [r2, #0]
20000a3a:	f383 8810 	msr	PRIMASK, r3
20000a3e:	2800      	cmp	r0, #0
20000a40:	d032      	beq.n	20000aa8 <dcd_event_handler+0x194>
20000a42:	ab01      	add	r3, sp, #4
20000a44:	7818      	ldrb	r0, [r3, #0]
20000a46:	7859      	ldrb	r1, [r3, #1]
20000a48:	0032      	movs	r2, r6
20000a4a:	f000 f8c9 	bl	20000be0 <__tud_event_hook_cb_veneer>
20000a4e:	4b24      	ldr	r3, [pc, #144]	@ (20000ae0 <dcd_event_handler+0x1cc>)
20000a50:	78db      	ldrb	r3, [r3, #3]
20000a52:	07db      	lsls	r3, r3, #31
20000a54:	d400      	bmi.n	20000a58 <dcd_event_handler+0x144>
20000a56:	e797      	b.n	20000988 <dcd_event_handler+0x74>
20000a58:	782a      	ldrb	r2, [r5, #0]
20000a5a:	ab01      	add	r3, sp, #4
20000a5c:	701a      	strb	r2, [r3, #0]
20000a5e:	2203      	movs	r2, #3
20000a60:	705a      	strb	r2, [r3, #1]
20000a62:	686a      	ldr	r2, [r5, #4]
20000a64:	9202      	str	r2, [sp, #8]
20000a66:	4b1f      	ldr	r3, [pc, #124]	@ (20000ae4 <dcd_event_handler+0x1d0>)
20000a68:	681c      	ldr	r4, [r3, #0]
20000a6a:	6962      	ldr	r2, [r4, #20]
20000a6c:	f3ef 8110 	mrs	r1, PRIMASK
20000a70:	b672      	cpsid	i
20000a72:	6813      	ldr	r3, [r2, #0]
20000a74:	2b00      	cmp	r3, #0
20000a76:	d0fc      	beq.n	20000a72 <dcd_event_handler+0x15e>
20000a78:	f3bf 8f5f 	dmb	sy
20000a7c:	61a1      	str	r1, [r4, #24]
20000a7e:	a901      	add	r1, sp, #4
20000a80:	0020      	movs	r0, r4
20000a82:	f000 f865 	bl	20000b50 <__tu_fifo_write_veneer>
20000a86:	6962      	ldr	r2, [r4, #20]
20000a88:	69a3      	ldr	r3, [r4, #24]
20000a8a:	f3bf 8f5f 	dmb	sy
20000a8e:	2100      	movs	r1, #0
20000a90:	6011      	str	r1, [r2, #0]
20000a92:	f383 8810 	msr	PRIMASK, r3
20000a96:	2800      	cmp	r0, #0
20000a98:	d00d      	beq.n	20000ab6 <dcd_event_handler+0x1a2>
20000a9a:	ab01      	add	r3, sp, #4
20000a9c:	7818      	ldrb	r0, [r3, #0]
20000a9e:	7859      	ldrb	r1, [r3, #1]
20000aa0:	0032      	movs	r2, r6
20000aa2:	f000 f89d 	bl	20000be0 <__tud_event_hook_cb_veneer>
20000aa6:	e76f      	b.n	20000988 <dcd_event_handler+0x74>
20000aa8:	2266      	movs	r2, #102	@ 0x66
20000aaa:	4912      	ldr	r1, [pc, #72]	@ (20000af4 <dcd_event_handler+0x1e0>)
20000aac:	4812      	ldr	r0, [pc, #72]	@ (20000af8 <dcd_event_handler+0x1e4>)
20000aae:	32ff      	adds	r2, #255	@ 0xff
20000ab0:	f000 f85e 	bl	20000b70 <____wrap_printf_veneer>
20000ab4:	e7cb      	b.n	20000a4e <dcd_event_handler+0x13a>
20000ab6:	2266      	movs	r2, #102	@ 0x66
20000ab8:	490e      	ldr	r1, [pc, #56]	@ (20000af4 <dcd_event_handler+0x1e0>)
20000aba:	480f      	ldr	r0, [pc, #60]	@ (20000af8 <dcd_event_handler+0x1e4>)
20000abc:	32ff      	adds	r2, #255	@ 0xff
20000abe:	f000 f857 	bl	20000b70 <____wrap_printf_veneer>
20000ac2:	e761      	b.n	20000988 <dcd_event_handler+0x74>
20000ac4:	4a0d      	ldr	r2, [pc, #52]	@ (20000afc <dcd_event_handler+0x1e8>)
20000ac6:	7813      	ldrb	r3, [r2, #0]
20000ac8:	3301      	adds	r3, #1
20000aca:	7013      	strb	r3, [r2, #0]
20000acc:	e73c      	b.n	20000948 <dcd_event_handler+0x34>
20000ace:	2266      	movs	r2, #102	@ 0x66
20000ad0:	4908      	ldr	r1, [pc, #32]	@ (20000af4 <dcd_event_handler+0x1e0>)
20000ad2:	4809      	ldr	r0, [pc, #36]	@ (20000af8 <dcd_event_handler+0x1e4>)
20000ad4:	32ff      	adds	r2, #255	@ 0xff
20000ad6:	f000 f84b 	bl	20000b70 <____wrap_printf_veneer>
20000ada:	e755      	b.n	20000988 <dcd_event_handler+0x74>
20000adc:	10008cf0 	.word	0x10008cf0
20000ae0:	200161d0 	.word	0x200161d0
20000ae4:	20016228 	.word	0x20016228
20000ae8:	10008e10 	.word	0x10008e10
20000aec:	200169b5 	.word	0x200169b5
20000af0:	20016020 	.word	0x20016020
20000af4:	10008d8c 	.word	0x10008d8c
20000af8:	10008760 	.word	0x10008760
20000afc:	200169b7 	.word	0x200169b7

20000b00 <spi_write_blocking>:
20000b00:	b510      	push	{r4, lr}
20000b02:	000c      	movs	r4, r1
20000b04:	0011      	movs	r1, r2
20000b06:	2200      	movs	r2, #0
20000b08:	e005      	b.n	20000b16 <spi_write_blocking+0x16>
20000b0a:	68c3      	ldr	r3, [r0, #12]
20000b0c:	079b      	lsls	r3, r3, #30
20000b0e:	d5fc      	bpl.n	20000b0a <spi_write_blocking+0xa>
20000b10:	5ca3      	ldrb	r3, [r4, r2]
20000b12:	6083      	str	r3, [r0, #8]
20000b14:	3201      	adds	r2, #1
20000b16:	428a      	cmp	r2, r1
20000b18:	d3f7      	bcc.n	20000b0a <spi_write_blocking+0xa>
20000b1a:	e000      	b.n	20000b1e <spi_write_blocking+0x1e>
20000b1c:	6883      	ldr	r3, [r0, #8]
20000b1e:	68c3      	ldr	r3, [r0, #12]
20000b20:	075b      	lsls	r3, r3, #29
20000b22:	d4fb      	bmi.n	20000b1c <spi_write_blocking+0x1c>
20000b24:	68c3      	ldr	r3, [r0, #12]
20000b26:	06db      	lsls	r3, r3, #27
20000b28:	d4fc      	bmi.n	20000b24 <spi_write_blocking+0x24>
20000b2a:	e000      	b.n	20000b2e <spi_write_blocking+0x2e>
20000b2c:	6883      	ldr	r3, [r0, #8]
20000b2e:	68c3      	ldr	r3, [r0, #12]
20000b30:	075b      	lsls	r3, r3, #29
20000b32:	d4fb      	bmi.n	20000b2c <spi_write_blocking+0x2c>
20000b34:	2301      	movs	r3, #1
20000b36:	6203      	str	r3, [r0, #32]
20000b38:	0008      	movs	r0, r1
20000b3a:	bd10      	pop	{r4, pc}

20000b3c <__aeabi_idiv0>:
20000b3c:	4770      	bx	lr
20000b3e:	46c0      	nop			@ (mov r8, r8)

20000b40 <__unaligned_memcpy_veneer>:
20000b40:	b401      	push	{r0}
20000b42:	4802      	ldr	r0, [pc, #8]	@ (20000b4c <__unaligned_memcpy_veneer+0xc>)
20000b44:	4684      	mov	ip, r0
20000b46:	bc01      	pop	{r0}
20000b48:	4760      	bx	ip
20000b4a:	bf00      	nop
20000b4c:	10004795 	.word	0x10004795

20000b50 <__tu_fifo_write_veneer>:
20000b50:	b401      	push	{r0}
20000b52:	4802      	ldr	r0, [pc, #8]	@ (20000b5c <__tu_fifo_write_veneer+0xc>)
20000b54:	4684      	mov	ip, r0
20000b56:	bc01      	pop	{r0}
20000b58:	4760      	bx	ip
20000b5a:	bf00      	nop
20000b5c:	10006319 	.word	0x10006319

20000b60 <__best_effort_wfe_or_timeout_veneer>:
20000b60:	b401      	push	{r0}
20000b62:	4802      	ldr	r0, [pc, #8]	@ (20000b6c <__best_effort_wfe_or_timeout_veneer+0xc>)
20000b64:	4684      	mov	ip, r0
20000b66:	bc01      	pop	{r0}
20000b68:	4760      	bx	ip
20000b6a:	bf00      	nop
20000b6c:	10001525 	.word	0x10001525

20000b70 <____wrap_printf_veneer>:
20000b70:	b401      	push	{r0}
20000b72:	4802      	ldr	r0, [pc, #8]	@ (20000b7c <____wrap_printf_veneer+0xc>)
20000b74:	4684      	mov	ip, r0
20000b76:	bc01      	pop	{r0}
20000b78:	4760      	bx	ip
20000b7a:	bf00      	nop
20000b7c:	10003b19 	.word	0x10003b19

20000b80 <____wrap_memset_veneer>:
20000b80:	b401      	push	{r0}
20000b82:	4802      	ldr	r0, [pc, #8]	@ (20000b8c <____wrap_memset_veneer+0xc>)
20000b84:	4684      	mov	ip, r0
20000b86:	bc01      	pop	{r0}
20000b88:	4760      	bx	ip
20000b8a:	bf00      	nop
20000b8c:	1000263d 	.word	0x1000263d

20000b90 <__panic_veneer>:
20000b90:	b401      	push	{r0}
20000b92:	4802      	ldr	r0, [pc, #8]	@ (20000b9c <__panic_veneer+0xc>)
20000b94:	4684      	mov	ip, r0
20000b96:	bc01      	pop	{r0}
20000b98:	4760      	bx	ip
20000b9a:	bf00      	nop
20000b9c:	100005ed 	.word	0x100005ed

20000ba0 <____wrap___aeabi_lmul_veneer>:
20000ba0:	b401      	push	{r0}
20000ba2:	4802      	ldr	r0, [pc, #8]	@ (20000bac <____wrap___aeabi_lmul_veneer+0xc>)
20000ba4:	4684      	mov	ip, r0
20000ba6:	bc01      	pop	{r0}
20000ba8:	4760      	bx	ip
20000baa:	bf00      	nop
20000bac:	100025f9 	.word	0x100025f9

20000bb0 <__rp2040_chip_version_veneer>:
20000bb0:	b401      	push	{r0}
20000bb2:	4802      	ldr	r0, [pc, #8]	@ (20000bbc <__rp2040_chip_version_veneer+0xc>)
20000bb4:	4684      	mov	ip, r0
20000bb6:	bc01      	pop	{r0}
20000bb8:	4760      	bx	ip
20000bba:	bf00      	nop
20000bbc:	10000599 	.word	0x10000599

20000bc0 <__time_us_64_veneer>:
20000bc0:	b401      	push	{r0}
20000bc2:	4802      	ldr	r0, [pc, #8]	@ (20000bcc <__time_us_64_veneer+0xc>)
20000bc4:	4684      	mov	ip, r0
20000bc6:	bc01      	pop	{r0}
20000bc8:	4760      	bx	ip
20000bca:	bf00      	nop
20000bcc:	10001711 	.word	0x10001711

20000bd0 <____assert_func_veneer>:
20000bd0:	b401      	push	{r0}
20000bd2:	4802      	ldr	r0, [pc, #8]	@ (20000bdc <____assert_func_veneer+0xc>)
20000bd4:	4684      	mov	ip, r0
20000bd6:	bc01      	pop	{r0}
20000bd8:	4760      	bx	ip
20000bda:	bf00      	nop
20000bdc:	1000383d 	.word	0x1000383d

20000be0 <__tud_event_hook_cb_veneer>:
20000be0:	b401      	push	{r0}
20000be2:	4802      	ldr	r0, [pc, #8]	@ (20000bec <__tud_event_hook_cb_veneer+0xc>)
20000be4:	4684      	mov	ip, r0
20000be6:	bc01      	pop	{r0}
20000be8:	4760      	bx	ip
20000bea:	bf00      	nop
20000bec:	10004a79 	.word	0x10004a79

20000bf0 <striped_spin_lock_num>:
20000bf0:	00000010                                ....

20000bf4 <irq_handler_chain_slots>:
20000bf4:	00000000 	.word	0x00000000
20000bf8:	00010000 	.word	0x00010000
	...
20000c04:	00020000 	.word	0x00020000
	...
20000c10:	00030000 	.word	0x00030000
	...
20000c1c:	00040000 	.word	0x00040000
	...
20000c28:	00050000 	.word	0x00050000
	...
20000c34:	00ff0000 	.word	0x00ff0000
20000c38:	00000000 	.word	0x00000000

20000c3c <irq_handler_chain_first_slot>:
20000c3c:	b501      	push	{r0, lr}
20000c3e:	6848      	ldr	r0, [r1, #4]
20000c40:	3101      	adds	r1, #1
20000c42:	468e      	mov	lr, r1
20000c44:	4700      	bx	r0

20000c46 <irq_handler_chain_remove_tail>:
20000c46:	4670      	mov	r0, lr
20000c48:	3809      	subs	r0, #9
20000c4a:	4901      	ldr	r1, [pc, #4]	@ (20000c50 <irq_handler_chain_remove_tail+0xa>)
20000c4c:	4788      	blx	r1
20000c4e:	bd01      	pop	{r0, pc}
20000c50:	10000cb1 	.word	0x10000cb1
20000c54:	00000000 	.word	0x00000000

20000c58 <last_added.0>:
20000c58:	ffffffff 7fffffff                       ........

20000c60 <default_alarm_pool>:
	...
20000c74:	20000d00 00000000 00000000              ... ........

20000c80 <aeabi_bits_funcs>:
20000c80:	00003350 	.word	0x00003350
20000c84:	0000334c 	.word	0x0000334c
20000c88:	00003354 	.word	0x00003354
20000c8c:	00003352 	.word	0x00003352

20000c90 <aeabi_bits_funcs_end>:
20000c90:	0000534d 	.word	0x0000534d
20000c94:	0000434d 	.word	0x0000434d
20000c98:	00003453 	.word	0x00003453
20000c9c:	00003443 	.word	0x00003443

20000ca0 <stdio_uart>:
20000ca0:	10003bb5 10003c59 10003bd5 10003c69     .;..Y<...;..i<..
20000cb0:	00000000 00000100                       ........

20000cb8 <stdio_usb>:
20000cb8:	100040e9 10003d85 10004059 10003d71     .@...=..Y@..q=..
20000cc8:	00000000 00000100                       ........

20000cd0 <_usbd_qdef>:
20000cd0:	2001622c 000c0010 00000000 00000000     ,b. ............
	...

20000cec <_usbd_rhport>:
20000cec:	000000ff                                ....

20000cf0 <i2c1_inst>:
20000cf0:	40048000 00000000                       ...@....

20000cf8 <print_mutex>:
	...
